timestamp,car,speed_kmh,rpm,gear,throttle,brake,accel_ms2,jerk,label
1778050290.193189,beam,57.46,1817,3,20.63,0.0,0.038,-0.588,normal
1778050561.3525565,beam,73.05,3398,2,78.91,0.0,-2.37,-13.453,racing
1778049934.353048,beam,77.09,2260,3,25.0,0.0,0.058,0.695,normal
1778050071.295217,beam,77.87,2293,3,26.59,0.0,-0.007,-1.388,normal
1778050810.56789,beam,126.46,5458,2,100.0,0.0,0.758,-0.633,racing
1778050027.3791647,beam,87.83,2519,3,24.21,0.0,0.093,0.842,normal
1778050979.10854,beam,107.05,3156,3,58.59,0.0,0.463,-0.91,racing
1778050619.2678535,beam,97.12,2892,3,21.83,0.0,0.477,-4.964,racing
1778049886.5835454,beam,95.39,2727,3,29.76,0.0,0.004,-0.437,normal
1778050212.6625905,beam,64.19,1978,3,23.02,0.0,0.287,-1.395,normal
1778049949.8446617,beam,79.61,2269,3,21.43,0.0,0.294,4.312,normal
1778050064.694658,beam,66.61,2326,3,45.24,0.0,0.67,0.182,normal
1778050561.5670643,beam,73.11,3381,2,79.3,0.0,0.508,8.114,racing
1778050877.4879158,beam,118.31,5133,2,100.0,0.0,0.615,0.042,racing
1778050834.6452155,beam,99.64,3063,3,81.25,0.0,0.573,-0.96,racing
1778050250.870688,beam,53.73,1609,3,14.29,0.0,-0.316,0.704,normal
1778050852.4140882,beam,130.15,3761,3,100.0,0.0,0.001,-2.767,racing
1778049929.215018,beam,77.68,2287,3,26.19,0.0,0.021,0.364,normal
1778049861.9172258,beam,89.45,2581,3,29.76,0.0,0.066,-0.328,normal
1778050914.3158622,beam,122.57,5301,2,100.0,0.0,0.654,0.404,racing
1778050306.3496962,beam,63.42,1505,3,0.0,0.0,-0.678,0.166,normal
1778050887.03232,beam,82.37,2748,3,77.73,0.0,0.09,2.393,racing
1778049884.8996382,beam,95.1,2717,3,30.16,0.0,0.115,1.124,normal
1778050544.5051022,beam,148.69,4150,3,58.99,0.0,0.086,-0.157,racing
1778050719.6591082,beam,124.25,4936,3,60.94,0.0,0.45,0.514,racing
1778049879.983436,beam,94.11,2694,3,30.16,0.0,0.079,0.589,normal
1778050990.699117,beam,81.07,2091,3,0.0,0.0,-0.909,-0.411,racing
1778050721.3746543,beam,126.22,3614,3,62.5,0.0,0.278,-0.806,racing
1778049866.582128,beam,90.63,2612,3,30.16,0.0,0.046,-0.574,normal
1778050187.1468658,beam,57.61,1449,3,2.78,0.0,-0.558,0.92,normal
1778050154.7045069,beam,61.32,1522,3,0.0,0.0,-0.745,-4.43,normal
1778050707.232937,beam,91.54,4073,2,100.0,4.76,0.79,-0.473,racing
1778050318.9481738,beam,0.11,743,1,0.0,27.78,-0.183,1.766,normal
1778050673.3240285,beam,101.22,2989,3,52.34,0.0,0.227,-0.701,racing
1778050702.0857143,beam,76.72,3523,2,100.0,4.76,0.786,-2.52,racing
1778050295.575915,beam,59.28,1887,3,22.62,0.0,0.237,0.675,normal
1778051009.7637146,beam,103.73,4547,2,98.44,0.0,0.998,-0.617,racing
1778050269.6023817,beam,66.79,1876,3,13.49,0.0,0.269,0.201,normal
1778050749.0567214,beam,91.71,4059,2,75.0,0.0,0.942,-0.441,racing
1778050549.21792,beam,148.62,4149,3,58.59,0.0,-0.013,-0.079,racing
1778050609.3603184,beam,102.58,4318,2,0.0,44.05,-2.884,-12.768,racing
1778049936.7982817,beam,77.68,2271,3,25.0,0.0,0.1,0.641,normal
1778050220.892551,beam,78.01,2256,3,23.02,0.0,0.3,-0.506,normal
1778050687.636191,beam,20.62,2055,1,63.28,0.0,1.118,12.016,racing
1778050577.695479,beam,112.98,3344,3,79.3,0.0,0.457,-0.226,racing
1778050007.7474227,beam,86.43,2529,3,31.35,0.0,0.003,0.33,normal
1778049941.1334617,beam,78.88,2301,3,25.4,0.0,0.125,0.955,normal
1778050149.6057692,beam,62.87,1874,3,18.65,0.0,-0.274,0.735,normal
1778050928.6072886,beam,97.92,2885,3,46.83,0.0,0.319,0.716,racing
1778050703.8154037,beam,81.95,3712,2,100.0,7.94,0.741,2.466,racing
1778050738.5034432,beam,127.96,3605,3,46.83,0.0,0.154,1.688,racing
1778050130.265657,beam,91.89,2632,3,29.36,0.0,0.051,-0.004,normal
1778049812.2774162,beam,0.99,748,1,0.0,0.0,0.552,-1.313,normal
1778050144.4076366,beam,70.85,1755,3,0.0,0.0,-0.779,-3.485,normal
1778050013.146373,beam,87.74,2518,3,27.78,0.0,0.057,0.071,normal
1778050816.1493895,beam,106.07,2821,3,0.0,46.83,-5.278,-44.293,racing
1778050726.9757912,beam,130.12,3667,3,49.6,0.0,0.099,-0.207,racing
1778050983.324216,beam,109.6,2903,3,0.0,0.0,-0.976,0.804,racing
1778050689.63285,beam,36.81,3099,1,13.49,0.0,0.87,-10.672,racing
1778050683.5215228,beam,45.19,770,3,0.0,0.0,-0.917,0.846,racing
1778050910.779044,beam,112.69,4905,2,100.0,0.0,0.841,-0.546,racing
1778049911.048855,beam,69.91,2140,3,26.98,0.0,0.105,-1.133,normal
1778050560.9341824,beam,73.31,3380,2,78.91,0.79,1.143,-2.882,racing
1778050867.6393628,beam,82.52,3736,2,100.0,0.0,1.294,-1.017,racing
1778050532.4564295,beam,141.25,4012,3,91.02,0.0,0.381,0.079,racing
1778050675.9242177,beam,104.69,3100,3,57.03,0.0,0.404,-0.026,racing
1778050498.885512,beam,62.6,2988,2,66.8,0.0,0.759,-0.403,racing
1778050079.777571,beam,80.82,2358,3,26.98,0.0,0.082,0.069,normal
1778050665.3306372,beam,110.4,3260,3,70.7,0.0,0.517,1.803,racing
1778050099.254157,beam,85.56,2476,3,27.78,0.0,0.089,0.539,normal
1778049826.2804868,beam,57.84,2095,3,34.13,0.0,0.583,0.014,normal
1778050532.978782,beam,141.97,4028,3,90.23,0.0,0.406,0.045,racing
1778050675.817805,beam,104.54,3096,3,57.81,0.0,0.407,1.047,racing
1778049841.010679,beam,77.64,2334,3,30.55,0.0,0.224,0.35,normal
1778050702.629907,beam,78.8,3598,2,100.0,5.95,1.368,3.683,racing
1778050847.8632157,beam,122.26,3572,3,100.0,0.0,0.838,-1.432,racing
1778049920.26203,beam,75.27,2237,3,26.59,0.0,0.22,0.339,normal
1778050949.5219784,beam,94.9,2961,3,78.12,0.0,0.691,0.132,racing
1778050523.4426782,beam,128.28,3712,3,100.0,0.0,0.457,-0.422,racing
1778049864.7634976,beam,90.05,2601,3,30.55,0.0,0.176,0.888,normal
1778050285.4298956,beam,55.63,1736,3,19.44,0.0,0.13,2.175,normal
1778050686.422452,beam,24.54,770,2,0.0,0.0,-1.164,-0.598,racing
1778050971.912298,beam,80.69,3667,2,100.0,0.0,1.362,0.559,racing
1778050249.071463,beam,56.35,1661,3,14.29,0.0,-0.423,0.378,normal
1778050294.8253727,beam,58.96,1858,3,21.43,0.0,0.16,0.65,normal
1778050148.0902472,beam,63.54,1886,3,18.65,1.59,-0.027,4.134,normal
1778050617.1826222,beam,89.77,4006,2,100.0,0.0,1.437,-0.252,racing
1778049990.516839,beam,56.83,2077,3,33.73,0.0,0.492,-1.554,normal
1778051003.2244766,beam,75.86,3488,2,100.0,0.0,1.592,3.32,racing
1778049921.998012,beam,76.04,2259,3,26.98,0.0,0.14,1.881,normal
1778050726.0728357,beam,129.76,3658,3,49.6,0.0,0.122,-0.109,racing
1778050936.8407776,beam,96.72,2941,3,61.72,0.0,0.595,0.802,racing
1778050660.812036,beam,104.94,3059,3,48.41,0.0,0.29,-0.038,racing
1778049860.794539,beam,89.07,2573,3,29.76,0.0,0.207,0.847,normal
1778049898.0644226,beam,59.93,1803,3,18.25,0.0,-0.015,-0.366,normal
1778050553.5828233,beam,140.0,3729,3,0.0,50.78,-8.179,-35.951,racing
1778049851.997552,beam,85.06,2497,3,31.35,0.0,0.135,-0.219,normal
1778050811.579918,beam,130.0,5600,2,100.0,0.0,0.935,1.703,racing
1778050268.806655,beam,66.1,1860,3,13.49,0.0,0.349,0.876,normal
1778050199.808669,beam,54.64,1817,3,22.62,0.0,0.226,0.022,normal
1778049973.9256582,beam,68.87,1685,3,0.0,0.0,-0.81,-0.892,normal
1778050924.32361,beam,134.41,3610,3,0.0,0.0,-1.486,-17.746,racing
1778050246.2317996,beam,60.63,1752,3,14.29,0.0,-0.51,0.732,normal
1778049979.665712,beam,58.77,1603,3,8.33,0.0,-0.649,-0.78,normal
1778050834.4340532,beam,99.17,3053,3,81.25,0.0,0.646,-0.385,racing
1778050788.3099434,beam,88.79,2556,3,23.81,0.0,0.043,-0.683,racing
1778050275.864462,beam,59.35,1730,3,15.08,0.0,-0.307,-0.175,normal
1778050048.5317106,beam,42.27,1679,3,21.43,0.0,-0.202,1.376,normal
1778050045.9139476,beam,45.22,1691,3,21.43,0.0,-0.455,-0.186,normal
1778050528.440018,beam,136.79,3913,3,100.0,0.0,0.393,-0.468,racing
1778050531.3798385,beam,139.83,3979,3,91.41,0.0,0.363,-0.344,racing
1778049944.9142106,beam,79.27,2293,3,23.81,0.0,0.062,0.525,normal
1778050185.9358325,beam,60.16,1505,3,1.98,0.0,-0.613,-0.488,normal
1778049975.8716831,beam,65.79,1816,3,9.52,0.0,-0.244,-0.332,normal
1778050716.5778909,beam,118.75,5145,2,100.0,0.0,0.73,-0.76,racing
1778050051.0509372,beam,41.29,1672,3,21.43,0.0,0.015,-0.339,normal
1778050938.607699,beam,99.15,4165,2,0.0,0.0,-1.666,-19.629,racing
1778050653.2652934,beam,124.27,3546,3,55.08,0.0,0.244,0.805,racing
1778050264.2299666,beam,58.9,1708,3,14.29,0.0,0.579,0.88,normal
1778050289.9712577,beam,57.4,1818,3,20.63,0.0,0.159,0.578,normal
1778049988.2384098,beam,53.28,1874,3,25.4,0.0,0.264,0.237,normal
1778049868.5300074,beam,91.24,2626,3,30.16,0.0,0.133,0.5,normal
1778050107.7823908,beam,88.31,2546,3,28.57,0.0,0.049,-0.228,normal
1778050979.3271215,beam,107.33,3165,3,59.77,0.0,0.419,1.189,racing
1778049966.8374407,beam,91.29,2565,3,22.62,0.0,-0.086,0.578,normal
1778050604.6106374,beam,86.64,2831,3,100.0,0.0,0.739,-0.875,racing
1778049981.099871,beam,56.03,1659,3,15.08,0.0,-0.419,-0.584,normal
1778050061.511816,beam,58.61,2256,3,44.44,0.0,0.975,1.883,normal
1778050973.7320232,beam,89.39,3992,2,98.83,0.0,1.223,-0.795,racing
1778050027.4903069,beam,87.83,2494,3,22.62,0.0,0.019,-0.67,normal
1778050966.7789097,beam,83.22,2958,3,64.45,0.0,0.248,-1.249,racing
1778049982.785467,beam,53.77,1630,3,15.08,0.0,-0.356,0.816,normal
1778050243.90257,beam,63.09,1803,3,14.29,0.0,-0.315,-1.54,normal
1778050231.2397418,beam,70.57,1961,3,12.7,0.0,-0.235,-0.006,normal
1778050142.8595495,beam,75.66,1918,3,0.0,1.59,-0.938,-0.238,normal
1778049895.2532816,beam,59.13,1824,3,21.43,0.0,0.235,3.417,normal
1778050541.0921605,beam,148.07,4134,3,58.59,0.0,0.059,-0.058,racing
1778049841.2157214,beam,77.81,2336,3,30.55,0.0,0.231,0.048,normal
1778050076.7918422,beam,79.83,2336,3,26.59,0.0,0.264,3.387,normal
1778050949.6381018,beam,95.17,2967,3,78.12,0.0,0.657,-0.299,racing
1778050284.210673,beam,55.54,1704,3,17.06,0.0,0.108,0.724,normal
1778050600.6560924,beam,78.43,2546,3,46.03,0.0,0.508,-0.867,racing
1778050709.7985747,beam,99.1,4364,2,100.0,4.76,0.749,0.798,racing
1778050597.9540143,beam,81.46,3427,2,0.0,51.17,-5.434,3.099,racing
1778049851.216304,beam,84.61,2487,3,31.35,0.0,0.2,-0.591,normal
1778050636.3056726,beam,94.49,2874,3,55.08,0.0,0.506,0.25,racing
1778050014.0231247,beam,87.61,2516,3,26.98,0.0,-0.029,-0.405,normal
1778050076.6781306,beam,79.72,2336,3,26.59,0.0,-0.121,-0.13,normal
1778050997.0422733,beam,63.06,1429,3,0.0,0.0,-0.684,0.512,racing
1778050917.3278947,beam,129.61,5585,2,100.0,0.0,0.608,-0.246,racing
1778049937.2654824,beam,77.8,2274,3,25.0,0.0,0.037,-0.291,normal
1778051017.2006545,beam,122.21,3245,3,0.0,50.0,-3.513,30.085,racing
1778050295.0394788,beam,59.08,1864,3,21.43,0.0,0.241,1.658,normal
1778050260.3196335,beam,51.93,1570,3,14.29,0.0,0.406,-0.112,normal
1778050772.849612,beam,92.83,2767,3,42.86,0.0,0.091,-1.289,racing
1778050114.0651495,beam,89.89,2583,3,28.57,0.0,0.054,0.09,normal
1778050006.928234,beam,86.48,2530,3,31.35,0.0,0.028,1.276,normal
1778050113.616885,beam,89.81,2582,3,28.57,0.0,0.078,0.075,normal
1778049907.0961115,beam,66.5,2080,3,26.59,0.0,0.31,0.371,normal
1778050105.8011909,beam,87.7,2538,3,29.36,0.0,0.149,0.373,normal
1778049992.2959733,beam,61.64,2094,3,32.14,0.0,0.812,-0.699,normal
1778050234.957287,beam,68.15,1914,3,13.49,0.0,-0.083,0.385,normal
1778050514.7996097,beam,121.12,5243,2,100.0,0.0,0.775,0.923,racing
1778050114.5368395,beam,89.99,2588,3,28.97,0.0,0.046,-0.189,normal
1778050157.472314,beam,56.51,772,3,0.0,0.0,-0.571,-2.728,normal
1778050516.0495772,beam,124.31,5371,2,100.0,0.0,0.743,0.631,racing
1778050626.739346,beam,56.45,2511,2,100.0,0.0,0.395,0.49,racing
1778050578.783675,beam,115.2,3394,3,79.3,0.0,0.576,0.572,racing
1778050142.976406,beam,75.2,1905,3,0.0,5.95,-1.096,-1.359,normal
1778050075.297522,beam,79.4,2327,3,26.98,0.0,0.209,1.104,normal
1778049889.2954645,beam,86.85,2255,3,0.0,0.0,-0.854,-0.128,normal
1778050631.8531885,beam,82.9,3751,2,100.0,0.0,1.381,0.086,racing
1778049924.579006,beam,77.05,2281,3,26.98,0.0,0.063,-0.626,normal
1778049941.6639204,beam,79.08,2304,3,25.0,0.0,0.307,3.365,normal
1778050874.2579052,beam,109.26,4767,2,100.0,0.0,0.374,-8.799,racing
1778050820.339996,beam,66.89,1671,3,0.0,26.59,-3.713,5.524,racing
1778050143.622539,beam,73.04,1832,3,0.0,0.0,-0.97,-1.757,normal
1778050675.3767447,beam,103.92,3070,3,55.08,0.0,0.49,1.914,racing
1778050852.9785666,beam,130.77,3774,3,100.0,0.0,0.256,0.508,racing
1778050693.4638631,beam,29.68,2757,1,100.0,11.51,1.076,12.01,racing
1778049830.4501474,beam,65.06,2176,3,34.13,0.0,0.437,0.231,normal
1778050047.7687736,beam,42.94,1685,3,21.43,0.0,-0.308,-0.679,normal
1778049849.7428472,beam,83.7,2468,3,31.35,0.0,0.19,-0.756,normal
1778050865.427379,beam,71.5,3337,2,100.0,0.0,1.278,-2.197,racing
1778050855.6719575,beam,107.9,2830,3,0.0,100.0,-16.192,-13.6,racing
1778050563.28774,beam,80.48,3649,2,82.03,0.0,1.35,-0.582,racing
1778050609.6783435,beam,76.64,3337,2,0.0,100.0,-35.855,-135.858,racing
1778050508.347396,beam,100.56,4424,2,100.0,0.0,0.971,-1.713,racing
1778050849.3958488,beam,126.34,3670,3,100.0,0.0,0.429,1.092,racing
1778050008.5158098,beam,86.6,2532,3,31.35,0.0,0.123,0.739,normal
1778049817.4016533,beam,33.43,2092,2,37.3,0.0,1.343,0.255,normal
1778050016.6605074,beam,87.45,2512,3,26.98,0.0,0.011,0.272,normal
1778050003.0249944,beam,87.31,2552,3,31.74,0.0,0.052,0.1,normal
1778050882.515315,beam,87.72,2782,3,64.45,0.0,-0.231,-0.807,racing
1778050835.114902,beam,100.67,3084,3,81.25,0.0,0.473,-2.168,racing
1778050102.3164828,beam,86.47,2507,3,28.97,0.0,0.151,0.496,normal
1778050059.1652548,beam,51.81,2062,3,42.86,0.0,0.643,0.506,normal
1778049875.9839518,beam,93.2,2672,3,30.16,0.0,0.042,-0.016,normal
1778049913.829571,beam,71.7,2174,3,26.98,0.0,0.093,0.151,normal
1778049933.0350428,beam,77.14,2207,3,20.63,0.0,-0.082,0.724,normal
1778050266.7166111,beam,63.3,1804,3,14.29,0.0,0.443,-0.496,normal
1778050910.225778,beam,110.99,4837,2,100.0,0.0,0.93,0.531,racing
1778050812.225087,beam,132.07,4746,3,4.37,0.0,0.435,-4.674,racing
1778049893.531361,beam,60.53,1231,3,0.0,0.0,-0.611,-0.244,normal
1778049838.827145,beam,75.9,2318,3,32.54,0.0,0.265,0.407,normal
1778050069.3121526,beam,76.16,2460,3,44.05,0.0,0.564,1.924,normal
1778049972.7228734,beam,72.2,1803,3,0.0,0.0,-0.736,-0.115,normal
1778050220.7778618,beam,77.89,2253,3,23.02,0.0,0.358,3.707,normal
1778050058.8345964,beam,51.1,1993,3,31.74,0.0,0.629,0.213,normal
1778050566.3329997,beam,93.42,4145,2,81.25,0.0,0.886,-0.974,racing
1778051024.0741062,beam,32.86,777,2,0.0,0.0,0.237,2.334,racing
1778050768.765235,beam,90.06,2608,3,31.35,0.0,0.002,0.163,racing
1778049823.543743,beam,52.1,2046,3,34.13,0.0,0.614,1.212,normal
1778050094.1896124,beam,83.68,2425,3,26.98,0.0,0.064,-0.106,normal
1778050278.989024,beam,56.4,1695,3,15.87,0.0,-0.205,0.7,normal
1778050678.8407462,beam,81.99,2144,3,0.0,50.0,-5.785,6.053,racing
1778050528.8735957,beam,137.49,3929,3,100.0,0.0,0.462,0.281,racing
1778050670.4963174,beam,114.2,3040,3,0.0,0.0,-2.064,-10.198,racing
1778050551.2902122,beam,148.65,4148,3,58.2,0.0,-0.012,0.626,racing
1778051004.7615898,beam,83.39,3769,2,100.0,0.0,1.228,-0.547,racing
1778050984.860315,beam,93.47,2450,3,0.0,0.0,-1.058,-17.659,racing
1778050039.1686234,beam,58.75,1813,3,19.44,0.0,-0.387,-0.037,normal
1778050156.5919292,beam,57.77,772,3,0.0,0.0,-0.718,-5.869,normal
1778050557.332095,beam,68.85,1702,3,0.0,6.75,-1.308,-3.022,racing
1778050765.369112,beam,110.17,2925,3,0.0,36.51,-3.818,5.2,racing
1778050202.7161543,beam,57.0,1856,3,22.62,0.0,-0.81,-10.954,normal
1778049925.012987,beam,77.17,2276,3,26.98,0.0,0.077,0.454,normal
1778050626.8468907,beam,56.63,2576,2,100.0,0.0,0.459,0.601,racing
1778049953.6264396,beam,84.59,2414,3,23.81,0.0,0.484,-0.317,normal
1778051012.0844612,beam,113.09,4919,2,98.83,0.0,1.158,-1.521,racing
1778050098.2525258,beam,85.27,2469,3,28.57,0.0,0.117,0.972,normal
1778050811.685018,beam,130.33,5613,2,100.0,0.0,0.874,-0.576,racing
1778050719.8759997,beam,124.39,4202,3,63.28,0.0,0.111,-1.24,racing
1778049817.0816524,beam,31.89,2062,2,36.11,0.0,1.309,0.686,normal
1778050598.5934196,beam,76.92,3198,2,0.0,0.0,-1.077,0.191,racing
1778049936.6826923,beam,77.64,2270,3,25.0,0.0,0.026,-0.826,normal
1778050173.7202427,beam,86.58,2342,3,8.33,0.0,-0.508,-0.481,normal
1778050208.0640757,beam,60.46,1905,3,22.62,0.0,0.172,-0.141,normal
1778049989.485243,beam,54.77,1939,3,27.78,0.0,0.221,-3.669,normal
1778050295.6867783,beam,59.36,1887,3,21.83,0.0,0.202,-0.317,normal
1778050235.1900258,beam,68.0,1910,3,13.49,0.0,-0.139,0.757,normal
1778050130.4955416,beam,91.93,2633,3,28.97,0.0,0.05,0.051,normal
1778050919.097898,beam,128.62,4329,3,67.19,0.0,0.139,-0.194,racing
1778049996.9322157,beam,76.25,2318,3,31.74,0.0,0.771,0.277,normal
1778050712.8623738,beam,107.91,4712,2,100.0,0.0,0.904,-1.234,racing
1778049929.4480374,beam,77.66,2287,3,26.19,0.0,-0.086,-1.155,normal
1778049846.4506338,beam,81.52,2422,3,31.35,0.0,0.26,0.839,normal
1778050961.9681878,beam,74.69,2563,3,60.55,0.0,0.775,-0.166,racing
1778050571.2280767,beam,98.87,3017,3,67.19,0.0,0.486,-1.582,racing
1778050598.491312,beam,77.32,3214,2,0.0,0.0,-1.096,0.273,racing
1778049930.4010024,beam,77.7,2288,3,26.19,0.0,0.199,3.205,normal
1778050286.207009,beam,55.95,1780,3,19.44,0.0,0.151,0.673,normal
1778050047.4517045,beam,43.24,1693,3,21.43,0.0,-0.307,-0.804,normal
1778049922.878057,beam,76.4,2262,3,26.59,0.0,0.131,-0.187,normal
1778049942.892791,beam,79.81,2316,3,25.0,0.0,1.084,1.665,normal
1778050501.1692438,beam,69.69,3282,2,100.0,0.0,0.857,-2.343,racing
1778050119.1812131,beam,90.28,2585,3,28.17,0.0,0.059,0.737,normal
1778049846.761445,beam,81.7,2426,3,31.35,0.0,0.09,-1.254,normal
1778050971.3335176,beam,77.69,3293,2,100.0,0.0,0.12,-2.071,racing
1778050649.7624493,beam,117.79,3389,3,55.47,0.0,0.815,-1.375,racing
1778050574.4599645,beam,106.13,3195,3,78.91,0.0,0.558,-1.006,racing
1778050756.0210085,beam,108.58,3240,3,75.39,0.0,0.723,0.834,racing
1778050569.036417,beam,96.36,2953,3,61.33,0.0,0.295,-2.333,racing
1778049824.998343,beam,55.25,2072,3,34.13,0.0,0.516,-0.309,normal
1778050495.7645695,beam,53.22,4421,1,100.0,0.0,1.679,-1.707,racing
1778050808.0430636,beam,120.26,5208,2,100.0,0.0,0.818,0.481,racing
1778050099.905419,beam,85.74,2480,3,27.78,0.0,0.109,0.8,normal
1778050886.132294,beam,82.72,2732,3,69.14,0.0,-0.448,-2.039,racing
1778050063.0107508,beam,62.5,2292,3,44.44,0.0,0.696,-0.044,normal
1778050025.0542796,beam,87.3,2509,3,26.98,0.0,0.006,-0.075,normal
1778051026.5440173,beam,20.29,772,1,0.0,42.06,-2.306,-4.47,racing
1778049873.883783,beam,92.72,2660,3,30.16,0.0,0.062,-0.477,normal
1778050708.088549,beam,93.99,4167,2,100.0,2.78,0.867,1.392,racing
1778050223.1757796,beam,75.72,1920,3,0.0,0.0,-0.921,-0.039,normal
1778049821.6162004,beam,47.63,2070,3,34.13,0.0,0.505,1.865,normal
1778050707.0176263,beam,90.91,4051,2,100.0,6.75,0.564,-2.48,racing
1778050732.856532,beam,131.7,3596,3,15.08,0.0,-0.685,-3.427,racing
1778050662.4976027,beam,106.4,3111,3,52.74,0.0,0.462,5.821,racing
1778050037.7868114,beam,61.84,1740,3,11.91,0.0,-0.454,-0.056,normal
1778049917.334261,beam,73.7,2212,3,26.98,0.0,0.112,-0.868,normal
1778050534.978282,beam,144.38,4087,3,90.23,0.0,0.275,-0.552,racing
1778050998.9122877,beam,59.12,935,3,11.91,0.0,-0.527,-0.571,racing
1778049871.2874,beam,92.02,2644,3,30.16,0.0,0.067,0.101,normal
1778050749.3680258,beam,92.89,4104,2,75.0,0.0,1.112,1.129,racing
1778049968.808308,beam,86.29,2240,3,0.0,0.0,-0.796,0.636,normal
1778050888.1540403,beam,81.04,3672,2,95.31,0.0,1.203,15.033,racing
1778051002.787887,beam,73.6,3408,2,100.0,0.0,1.534,0.849,racing
1778050972.330015,beam,82.79,3745,2,99.22,0.0,1.49,0.993,racing
1778050103.939085,beam,86.98,2525,3,29.76,0.0,0.086,-0.146,normal
1778049905.4973886,beam,64.78,2053,3,26.98,0.0,0.334,0.331,normal
1778050780.9462442,beam,96.83,2543,3,0.0,0.0,-0.918,-0.51,racing
1778049989.3706968,beam,54.68,1937,3,26.98,0.0,0.641,3.369,normal
1778050887.270498,beam,82.17,2749,3,78.91,0.0,-0.192,0.54,racing
1778050588.593234,beam,95.94,2827,3,36.51,0.0,0.308,2.852,racing
1778049972.93445,beam,71.61,1783,3,0.0,0.0,-0.755,0.375,normal
1778050784.6278565,beam,85.6,2561,3,36.9,0.0,0.301,0.142,racing
1778050497.704013,beam,60.27,2924,2,58.99,0.0,0.698,-2.885,racing
1778050875.469996,beam,113.03,4918,2,100.0,0.0,0.628,-0.203,racing
1778050144.5251107,beam,70.47,1745,3,0.0,0.0,-0.884,-0.894,normal
1778050561.251929,beam,73.91,3423,2,77.73,0.0,-1.016,-23.134,racing
1778050563.737565,beam,82.62,3731,2,87.11,0.0,1.315,-0.501,racing
1778050673.0935605,beam,101.0,2973,3,49.6,0.0,0.329,-1.024,racing
1778050046.467554,beam,44.4,1682,3,20.63,0.0,-0.647,-4.41,normal
1778050652.046595,beam,123.23,3522,3,55.47,0.0,0.472,1.583,racing
1778050715.578376,beam,115.95,5035,2,100.0,0.0,0.814,0.295,racing
1778049965.971938,beam,91.67,2588,3,23.81,0.0,-0.003,0.644,normal
1778050830.3719163,beam,88.94,2857,3,80.86,0.0,0.86,1.447,racing
1778050855.778694,beam,99.0,2495,3,0.0,100.0,-23.168,-65.358,racing
1778050708.6120455,beam,95.79,4237,2,100.0,2.78,0.822,-0.271,racing
1778050714.695725,beam,113.49,4935,2,100.0,2.78,0.555,-1.185,racing
1778050540.6704755,beam,147.95,4135,3,59.77,0.0,-0.001,0.091,racing
1778050101.2099493,beam,86.08,2490,3,28.17,0.0,0.038,-0.372,normal
1778051007.0707338,beam,94.0,4169,2,100.0,0.0,1.242,-0.22,racing
1778050970.3498688,beam,75.65,2658,3,100.0,0.0,0.864,-0.562,racing
1778050211.6569884,beam,62.79,1993,3,25.4,0.0,0.314,0.362,normal
1778049847.0799594,beam,81.92,2431,3,31.35,0.0,0.114,-1.294,normal
1778049958.541144,beam,89.58,2538,3,23.81,0.0,-0.146,-0.668,normal
1778050250.2536376,beam,54.58,1626,3,14.29,0.0,-0.421,-0.175,normal
1778050641.5625267,beam,98.93,2970,3,55.86,0.0,0.192,0.649,racing
1778049820.7315748,beam,45.94,2274,2,34.52,0.0,0.84,-0.731,normal
1778050921.9463348,beam,132.3,3773,3,68.75,0.0,0.375,0.275,racing
1778049820.2792633,beam,44.52,2239,2,34.52,0.0,0.964,0.287,normal
1778050667.4781902,beam,114.36,3369,3,75.78,0.0,0.516,0.668,racing
1778050728.7060251,beam,130.84,3684,3,49.6,0.0,0.143,0.34,racing
1778050933.70395,beam,94.4,2696,3,29.76,0.0,0.07,-0.089,racing
1778050033.6426775,beam,75.8,1935,3,0.0,0.0,-1.391,1.73,normal
1778050839.6382823,beam,105.45,4614,2,100.0,0.0,0.567,-1.254,racing
1778050887.813057,beam,81.12,3000,2,83.98,0.0,-0.876,-0.988,racing
1778049896.447299,beam,59.74,1826,3,19.44,0.0,0.098,0.309,normal
1778050579.1349258,beam,115.65,3274,3,19.84,0.0,-0.007,-4.477,racing
1778050659.4614947,beam,103.28,3022,3,51.56,0.0,0.345,-1.092,racing
1778050110.8698535,beam,89.08,2566,3,28.97,0.0,0.106,-0.439,normal
1778049857.462265,beam,87.9,2550,3,30.16,0.0,0.073,-0.377,normal
1778050571.9148312,beam,100.37,3051,3,69.14,0.0,0.66,1.137,racing
1778050109.968641,beam,88.85,2562,3,28.97,0.0,0.019,-0.845,normal
1778050296.8916805,beam,59.83,1882,3,21.83,0.0,0.023,-1.254,normal
1778050047.0171268,beam,43.77,1687,3,21.43,0.0,-0.196,1.285,normal
1778049970.942871,beam,77.24,1971,3,0.0,0.0,-1.04,3.406,normal
1778050296.4581337,beam,59.66,1882,3,21.43,0.0,0.143,0.019,normal
1778050034.8557422,beam,70.88,1779,3,0.0,3.57,-1.681,2.526,normal
1778050301.407522,beam,61.56,1923,3,22.62,0.0,0.075,-0.509,normal
1778050696.484306,beam,48.1,4031,1,100.0,4.76,2.082,0.215,racing
1778050656.4611778,beam,119.06,3163,3,0.0,0.0,-1.132,1.351,racing
1778050174.8017154,beam,84.53,2291,3,8.73,0.0,-0.512,-0.002,normal
1778050102.5225546,beam,86.53,2508,3,28.97,0.0,0.103,0.5,normal
1778050781.726438,beam,93.44,2461,3,0.0,30.16,-3.217,-20.713,racing
1778051013.8395402,beam,120.79,5227,2,98.83,0.0,1.191,0.026,racing
1778050987.7789197,beam,95.38,4155,2,15.08,0.0,0.71,4.154,racing
1778050222.858501,beam,76.71,1949,3,0.0,0.0,-0.616,-2.548,normal
1778049889.6331277,beam,85.87,2226,3,0.0,0.0,-0.796,0.279,normal
1778049822.1662216,beam,48.97,2020,3,33.33,0.0,0.584,-0.267,normal
1778050982.8986862,beam,111.13,2946,3,0.0,0.0,-0.63,2.68,racing
1778050586.2823803,beam,94.38,2931,3,64.84,0.0,0.435,0.137,racing
1778050265.5665464,beam,61.34,1759,3,14.29,0.0,0.479,-0.601,normal
1778050724.127005,beam,128.95,3634,3,48.02,0.0,0.109,0.043,racing
1778050113.268371,beam,89.71,2582,3,28.97,0.0,0.096,0.902,normal
1778050045.249475,beam,46.27,1660,3,20.63,0.0,-0.777,-3.576,normal
1778050186.7186844,beam,58.47,1446,3,1.98,0.0,-0.53,0.764,normal
1778050898.5138688,beam,99.16,4147,2,0.0,0.0,-1.042,0.435,racing
1778050132.378034,beam,92.27,2641,3,28.97,0.0,0.109,0.717,normal
1778051004.5245297,beam,82.32,3727,2,100.0,0.0,1.288,-0.47,racing
1778050817.65217,beam,86.16,2231,3,0.0,0.0,-0.717,1.876,racing
1778050645.9598029,beam,105.01,3096,3,55.47,0.0,0.474,-1.248,racing
1778050134.8422594,beam,92.57,2645,3,28.57,0.0,-0.041,-1.236,normal
1778049953.9717078,beam,85.14,2427,3,23.81,0.0,0.413,-0.978,normal
1778050699.9301083,beam,66.59,5420,1,100.0,1.59,1.34,3.132,racing
1778050782.950045,beam,84.91,2198,3,0.0,0.0,-0.733,0.914,racing
1778050864.0042758,beam,64.19,3090,2,100.0,0.0,1.581,1.255,racing
1778050882.618437,beam,87.74,2792,3,61.33,0.0,0.063,2.848,racing
1778050156.488371,beam,58.03,770,3,0.0,0.0,-0.11,4.202,normal
1778050246.9876108,beam,59.7,1723,3,14.29,0.0,-0.478,-1.783,normal
1778050134.6321125,beam,92.55,2645,3,28.57,0.0,0.066,0.311,normal
1778050255.9926462,beam,49.13,1525,3,14.29,0.0,-0.034,0.077,normal
1778050917.5572224,beam,130.11,5605,2,100.0,0.0,0.665,1.051,racing
1778050906.030585,beam,95.62,4212,2,87.11,0.0,0.99,-0.711,racing
1778049917.7764382,beam,73.95,2217,3,26.98,0.0,0.172,0.431,normal
1778050753.2743027,beam,102.55,3112,3,75.39,0.0,0.661,1.509,racing
1778050969.9137418,beam,74.15,2632,3,88.28,0.0,0.928,0.542,racing
1778050528.5448897,beam,136.96,3917,3,100.0,0.0,0.465,0.686,racing
1778050960.396817,beam,74.57,1879,3,0.0,0.0,-0.653,1.981,racing
1778050942.7829883,beam,104.1,2868,3,18.65,0.0,-0.243,1.562,racing
1778050125.9943805,beam,91.16,2612,3,28.57,0.0,0.026,-0.435,normal
1778050863.3409746,beam,60.51,2973,2,100.0,0.0,1.41,-0.916,racing
1778049841.9768667,beam,78.38,2348,3,30.55,0.0,0.41,1.058,normal
1778050215.221742,beam,68.7,2056,3,23.02,0.0,0.407,-2.73,normal
1778050767.363493,beam,89.62,2352,3,7.14,0.0,-0.948,-0.993,racing
1778051020.7558043,beam,34.02,779,2,0.0,43.25,-3.731,-13.928,racing
1778050046.3535204,beam,44.66,1692,3,20.63,0.0,-0.144,2.969,normal
1778050922.8065746,beam,133.32,3797,3,69.14,0.0,0.26,-1.227,racing
1778050122.8177283,beam,90.68,2594,3,27.78,0.0,0.038,-0.221,normal
1778051006.3105242,beam,90.6,4039,2,100.0,0.0,1.216,-0.168,racing
1778050266.8329256,beam,63.47,1808,3,14.29,0.0,0.423,-0.174,normal
1778050878.8050091,beam,118.64,4986,2,0.0,0.0,-1.265,-18.53,racing
1778049892.0337086,beam,68.79,1730,3,0.0,26.19,-2.959,0.516,normal
1778050765.036514,beam,114.71,3049,3,0.0,28.97,-4.173,-11.833,racing
1778050848.515267,beam,124.33,3620,3,100.0,0.0,0.606,-2.79,racing
1778049984.7002096,beam,51.97,1789,3,22.62,0.0,-0.017,-0.103,normal
1778050526.6808,beam,134.04,3847,3,100.0,0.0,0.479,-0.277,racing
1778050672.9902484,beam,100.88,2966,3,48.41,0.0,0.435,2.471,racing
1778050661.2606373,beam,105.47,3075,3,49.6,0.0,0.471,1.652,racing
1778050898.1969736,beam,100.42,4198,2,0.0,0.0,-0.928,2.07,racing
1778049932.1478488,beam,77.77,2220,3,18.25,0.0,-0.166,-2.284,normal
1778050920.7601457,beam,130.79,3736,3,67.97,0.0,0.234,-1.567,racing
1778050160.7059107,beam,26.82,2046,2,52.34,0.0,1.414,2.393,normal
1778051008.1641843,beam,98.05,4328,2,99.22,0.0,0.811,2.4,racing
1778050773.3970544,beam,93.08,2771,3,42.86,0.0,0.017,-2.27,racing
1778049823.645496,beam,52.34,2048,3,34.13,0.0,0.673,0.574,normal
1778050018.4299865,beam,87.38,2507,3,26.59,0.0,-0.086,-0.741,normal
1778050801.6403935,beam,99.89,4398,2,100.0,0.0,1.168,1.264,racing
1778050842.5835648,beam,110.92,4645,2,0.0,0.0,-1.065,-4.198,racing
1778050858.727335,beam,45.17,770,3,0.0,0.0,-0.698,3.046,racing
1778050601.308918,beam,79.88,2678,3,77.73,0.0,0.728,-1.072,racing
1778049925.8990805,beam,77.41,2289,3,26.98,0.0,0.253,3.091,normal
1778050942.440014,beam,104.53,2999,3,25.4,0.0,0.088,-3.618,racing
1778050127.7321184,beam,91.5,2623,3,28.97,0.0,0.06,0.067,normal
1778049933.135219,beam,77.09,2216,3,22.62,0.0,-0.142,-0.591,normal
1778050297.9744678,beam,60.23,1886,3,21.83,0.0,0.079,-0.426,normal
1778050610.8929024,beam,58.13,799,2,0.0,0.0,7.241,-257.934,racing
1778050708.9265585,beam,96.66,4271,2,100.0,2.78,0.694,-1.198,racing
1778050018.0957618,beam,87.41,2511,3,26.98,0.0,0.036,0.474,normal
1778050996.025101,beam,65.81,1733,3,0.0,0.0,-1.616,22.731,racing
1778050750.6850054,beam,96.61,3016,3,75.39,0.0,0.82,-3.361,racing
1778050276.3119383,beam,58.92,1742,3,15.87,0.0,-0.201,0.42,normal
1778049989.6053846,beam,54.89,1945,3,28.97,0.0,0.282,0.507,normal
1778049876.6265442,beam,93.36,2676,3,30.16,0.0,0.052,-0.045,normal
1778050582.1949458,beam,93.04,2433,3,0.0,0.0,-0.902,-5.187,racing
1778050841.9007452,beam,111.67,4858,2,100.0,0.0,0.854,0.403,racing
1778050007.4447374,beam,86.41,2528,3,31.35,0.0,-0.077,-0.281,normal
1778050142.6251688,beam,76.44,1941,3,0.0,0.0,-0.798,-0.859,normal
1778050040.9503057,beam,55.36,1751,3,18.65,0.0,-0.774,-0.47,normal
1778049983.8983886,beam,52.42,1615,3,15.08,0.0,-0.324,-0.762,normal
1778050706.2593076,beam,88.79,3970,2,100.0,4.37,0.994,1.671,racing
1778050244.246489,beam,62.9,1798,3,14.29,0.0,-0.114,0.904,normal
1778049815.5503654,beam,25.07,2178,2,33.33,0.0,0.974,-0.367,normal
1778049873.466504,beam,92.61,2658,3,30.16,0.0,0.071,-0.174,normal
1778050509.1160593,beam,103.54,4538,2,100.0,0.0,1.09,0.789,racing
1778049994.844835,beam,69.62,2212,3,32.54,0.0,0.835,0.028,normal
1778049843.2957144,beam,79.25,2376,3,31.35,0.0,0.256,2.566,normal
1778049880.0937214,beam,94.14,2694,3,30.16,0.0,0.079,0.004,normal
1778050819.45498,beam,71.97,1800,3,0.0,0.0,-0.673,-0.953,racing
1778050542.70841,beam,148.24,4137,3,58.99,0.0,0.109,1.615,racing
1778049848.0329738,beam,82.57,2444,3,31.35,0.0,0.122,-0.552,normal
1778050927.4397917,beam,98.64,2588,3,0.0,0.0,-1.036,-0.183,racing
1778050601.197578,beam,79.58,2644,3,75.39,0.0,0.848,2.525,racing
1778049917.6683362,beam,73.88,2215,3,26.98,0.0,0.126,-0.341,normal
1778050080.3395789,beam,81.01,2365,3,26.98,0.0,0.042,-1.344,normal
1778049848.3511472,beam,82.79,2448,3,31.35,0.0,0.238,0.978,normal
1778050785.8074064,beam,86.76,2581,3,36.51,0.0,0.279,0.088,racing
1778050766.715304,beam,91.78,2399,3,0.0,0.0,-1.046,-0.094,racing
1778050826.4517922,beam,78.55,2581,3,53.52,0.0,0.804,2.715,racing
1778050870.3691292,beam,94.57,4191,2,100.0,0.0,1.193,1.062,racing
1778050191.1661682,beam,51.17,1341,3,4.37,0.0,-0.379,-0.208,normal
1778049881.5109432,beam,94.43,2702,3,30.16,0.0,0.022,-0.43,normal
1778050670.8442817,beam,113.63,3016,3,0.0,9.52,-0.557,-4.642,racing
1778049985.0181954,beam,51.9,1778,3,21.83,0.0,-0.09,-0.016,normal
1778049930.7338972,beam,77.67,2287,3,26.19,0.0,0.009,0.402,normal
1778050303.3056831,beam,62.69,2023,3,26.98,0.0,0.201,0.656,normal
1778050904.9009385,beam,92.01,4090,2,97.27,0.0,1.191,-2.549,racing
1778050895.8484554,beam,107.59,4700,2,100.0,0.0,1.055,0.671,racing
1778050571.6810794,beam,99.87,3035,3,67.19,0.0,0.678,0.309,racing
1778050555.8701942,beam,78.72,2056,3,0.0,60.94,-6.115,5.81,racing
1778050197.6603596,beam,52.81,1780,3,21.83,0.0,0.265,0.396,normal
1778050318.0007093,beam,4.14,746,1,0.0,29.36,-2.794,-0.683,normal
1778050722.0288918,beam,127.02,3636,3,63.67,0.0,0.38,0.747,racing
1778050591.2311504,beam,74.4,1883,3,0.0,0.0,-0.977,-0.315,racing
1778050630.079852,beam,73.72,3416,2,100.0,0.0,1.38,0.698,racing
1778050006.184287,beam,86.62,2534,3,31.35,0.0,-0.154,-0.675,normal
1778050853.5301185,beam,131.5,3790,3,100.0,0.0,0.351,-0.548,racing
1778050260.8857298,beam,52.81,1586,3,14.29,0.0,0.473,0.297,normal
1778050722.6939638,beam,127.84,3657,3,64.06,0.0,0.307,-0.737,racing
1778050161.036991,beam,28.96,2245,2,62.11,0.0,2.126,5.423,normal
1778050928.1747212,beam,97.59,2837,3,38.09,0.0,0.33,2.246,racing
1778050227.8926878,beam,72.13,2009,3,13.49,0.0,-0.243,-3.031,normal
1778050122.5960965,beam,90.64,2594,3,27.78,0.0,0.028,-0.102,normal
1778050219.7932458,beam,76.77,2227,3,23.02,0.0,0.336,-2.598,normal
1778050025.475328,beam,87.27,2510,3,26.98,0.0,0.363,11.151,normal
1778050083.010785,beam,81.64,2371,3,26.19,0.0,0.087,-0.09,normal
1778050677.1430311,beam,106.46,3107,3,23.81,0.0,-0.408,-8.913,racing
1778050650.2908032,beam,119.33,3426,3,55.47,0.0,0.849,1.068,racing
1778050587.180944,beam,95.46,2944,3,64.45,0.0,0.25,-0.711,racing
1778049839.1482573,beam,76.26,2326,3,32.14,0.0,0.11,-1.874,normal
1778050698.32065,beam,59.26,4865,1,100.0,8.73,1.141,-6.873,racing
1778050621.2744265,beam,77.03,2001,3,0.0,44.84,-4.838,-1.366,racing
1778050799.619346,beam,91.77,4090,2,100.0,0.0,1.082,0.409,racing
1778051007.6211689,beam,96.36,4261,2,100.0,0.0,1.25,1.081,racing
1778049895.4775145,beam,59.22,1856,3,21.43,0.0,0.053,-0.924,normal
1778050624.8876631,beam,49.95,1676,3,35.32,0.0,0.267,4.82,racing
1778050804.1951845,beam,109.05,4759,2,100.0,0.0,0.938,0.226,racing
1778050206.563927,beam,59.51,1890,3,22.62,0.0,0.134,-0.742,normal
1778050099.1372628,beam,85.52,2475,3,27.78,0.0,0.026,-0.793,normal
1778050494.7019415,beam,46.07,3896,1,100.0,0.0,2.214,0.513,racing
1778050094.4030976,beam,83.75,2426,3,26.98,0.0,0.088,0.022,normal
1778050063.4346793,beam,63.58,2303,3,44.44,0.0,0.71,-0.059,normal
1778049990.1716206,beam,56.06,2051,3,33.73,0.0,0.87,3.607,normal
1778050232.1251369,beam,69.8,1943,3,12.7,0.0,-0.218,1.081,normal
1778049822.3787837,beam,49.53,2015,3,33.33,0.0,0.793,1.267,normal
1778050868.73877,beam,87.72,3931,2,100.0,0.0,1.1,-1.399,racing
1778050259.894024,beam,51.37,1560,3,14.29,0.0,0.381,-0.387,normal
1778050224.2614408,beam,73.57,1890,3,2.78,0.0,-0.507,1.193,normal
1778050790.9598937,beam,74.82,1895,3,0.0,0.0,-0.836,-1.406,racing
1778050509.6686387,beam,105.51,4616,2,100.0,0.0,1.058,0.782,racing
1778050844.2745364,beam,107.54,3715,3,35.32,0.0,0.277,1.272,racing
1778050651.1634085,beam,121.6,3482,3,55.47,0.0,0.645,0.031,racing
1778051012.3079696,beam,114.1,4960,2,98.83,0.0,1.276,0.419,racing
1778049926.963338,beam,77.52,2285,3,26.19,0.0,0.09,1.041,normal
1778049879.6496885,beam,94.06,2692,3,30.16,0.0,0.155,1.385,normal
1778050637.7522256,beam,96.76,2925,3,55.86,0.0,0.282,-1.086,racing
1778050714.5943513,beam,113.29,4927,2,100.0,2.38,0.675,-0.535,racing
1778050703.6010282,beam,81.48,3699,2,100.0,14.29,0.271,-3.745,racing
1778050937.9531412,beam,98.19,3862,2,100.0,0.0,-0.067,0.032,racing
1778050636.086882,beam,94.11,2866,3,55.08,0.0,0.453,-1.067,racing
1778050709.9097126,beam,99.35,4375,2,100.0,4.76,0.629,-1.075,racing
1778050305.1563497,beam,64.15,2035,3,26.98,0.0,0.197,0.527,normal
1778050963.2863808,beam,77.23,3330,2,69.53,0.0,0.443,3.353,racing
1778050147.2228982,beam,64.32,1877,3,17.86,1.59,-0.047,1.196,normal
1778050282.6434395,beam,55.38,1693,3,16.67,0.0,-0.003,-0.884,normal
1778050748.5341609,beam,89.66,3931,2,73.44,0.0,0.91,7.893,racing
1778049827.70021,beam,60.48,2122,3,34.13,0.0,0.497,-0.286,normal
1778049814.0129168,beam,14.58,1948,1,33.73,0.0,2.543,-1.446,normal
1778050214.793781,beam,67.93,2040,3,23.02,0.0,0.512,-0.407,normal
1778050084.2765954,beam,81.91,2378,3,26.19,0.0,0.085,0.484,normal
1778050058.630667,beam,50.64,1990,3,31.74,0.0,0.553,0.153,normal
1778050295.907995,beam,59.39,1877,3,21.83,0.0,-0.001,-0.817,normal
1778050154.5927906,beam,61.62,1633,3,0.0,0.0,-0.25,-3.068,normal
1778050629.74326,beam,72.03,3355,2,100.0,0.0,1.377,-1.363,racing
1778050005.848515,beam,86.75,2537,3,31.35,0.0,-0.151,-0.653,normal
1778050839.3105328,beam,104.72,4578,2,100.0,0.0,1.013,0.247,racing
1778050777.2074935,beam,97.32,2859,3,43.25,0.0,0.428,1.55,racing
1778050261.4598086,beam,53.79,1603,3,14.29,0.0,0.616,0.525,normal
1778049955.6411216,beam,87.38,2481,3,23.81,0.0,0.309,1.207,normal
1778050303.771351,beam,63.08,2028,3,26.98,0.0,0.289,1.201,normal
1778050223.7110054,beam,74.68,1883,3,0.0,0.0,-0.608,-0.511,normal
1778050149.5055234,beam,62.97,1875,3,18.65,0.0,-0.348,-3.443,normal
1778050981.5948389,beam,111.51,3298,3,71.88,0.0,0.494,-0.052,racing
1778049853.549291,beam,85.93,2517,3,31.35,0.0,0.166,0.707,normal
1778050001.9364896,beam,86.91,2547,3,32.14,0.0,0.192,-0.349,normal
1778051016.873549,beam,129.11,3760,3,0.0,14.68,-1.289,-9.516,racing
1778050983.547964,beam,108.89,2882,3,0.0,0.0,-1.039,-2.947,racing
1778050024.27676,beam,87.31,2508,3,26.59,0.0,0.018,-0.073,normal
1778050871.78588,beam,100.11,4405,2,100.0,0.0,1.058,0.815,racing
1778049897.317072,beam,59.89,1792,3,17.06,0.0,-0.006,-0.807,normal
1778050996.343878,beam,64.92,1570,3,0.0,0.0,-0.787,0.032,racing
1778050690.8048668,beam,28.44,2208,1,8.33,0.0,-1.551,2.354,racing
1778049936.449978,beam,77.58,2269,3,25.0,0.0,0.104,-0.051,normal
1778050151.3381948,beam,62.66,1883,3,19.44,3.57,-0.018,0.99,normal
1778050818.338041,beam,81.89,2120,3,0.0,14.68,-2.123,-10.228,racing
1778050036.669813,beam,64.6,1645,3,2.78,0.0,-1.158,0.525,normal
1778050149.3933718,beam,63.11,1876,3,18.65,2.78,0.038,0.743,normal
1778050915.41142,beam,125.3,5412,2,100.0,0.0,0.712,-1.046,racing
1778050884.150041,beam,85.82,2726,3,61.33,0.0,-0.728,-2.582,racing
1778050735.7054849,beam,127.11,3569,3,42.86,0.0,0.002,-0.292,racing
1778050735.0070102,beam,127.12,3563,3,41.27,0.0,0.024,0.53,racing
1778049981.86883,beam,55.05,1663,3,15.08,0.0,-0.366,-1.572,normal
1778050682.2232628,beam,52.39,777,3,0.0,39.28,-4.835,-10.669,racing
1778049984.0214486,beam,52.27,1620,3,17.46,0.0,-0.343,-0.159,normal
1778050739.5743074,beam,128.32,3617,3,47.62,0.0,0.167,1.453,racing
1778051025.722325,beam,28.31,770,2,0.0,24.6,-2.208,-4.826,racing
1778049836.2772706,beam,73.12,2295,3,34.13,0.0,0.395,-0.01,normal
1778050582.5316088,beam,91.9,2399,3,0.0,0.0,-0.814,1.275,racing
1778049875.534686,beam,93.11,2670,3,30.16,0.0,0.045,-0.463,normal
1778050811.8873465,beam,131.16,5646,2,100.0,0.0,1.212,1.448,racing
1778051000.0935023,beam,62.06,2496,3,100.0,0.0,1.034,-0.208,racing
1778050196.6921332,beam,51.96,1762,3,21.43,0.0,0.219,-0.438,normal
1778050716.0265143,beam,117.19,5086,2,100.0,0.0,0.687,-0.626,racing
1778050287.6100347,beam,56.39,1774,3,19.44,0.0,0.074,0.124,normal
1778049966.7256134,beam,91.32,2559,3,21.83,0.0,-0.15,-0.276,normal
1778050262.4507058,beam,55.46,1637,3,14.29,0.0,0.472,1.299,normal
1778050919.2090898,beam,128.66,3973,3,67.19,0.0,0.103,-0.321,racing
1778050784.94578,beam,85.92,2566,3,36.9,0.0,0.293,0.212,racing
1778050003.8051326,beam,87.38,2554,3,31.74,0.0,-0.039,-0.346,normal
1778050995.5800269,beam,70.85,2765,3,0.0,0.0,-0.334,3.447,racing
1778050196.25114,beam,51.56,1759,3,21.43,0.0,0.219,-0.674,normal
1778049912.4179034,beam,70.83,2157,3,26.98,0.0,0.173,-0.262,normal
1778050082.2719705,beam,81.45,2359,3,25.4,0.0,0.05,0.202,normal
1778049956.192524,beam,88.14,2500,3,23.81,0.0,0.166,-1.206,normal
1778050291.8415642,beam,57.7,1839,3,21.83,0.0,0.153,1.334,normal
1778049957.3050108,beam,89.31,2529,3,23.81,0.0,0.308,1.208,normal
1778050840.4190514,beam,107.48,4694,2,100.0,0.0,0.666,-1.467,racing
1778050733.3058193,beam,130.84,3567,3,12.7,0.0,-0.377,0.054,racing
1778050894.4347618,beam,102.46,4499,2,100.0,0.0,1.113,1.222,racing
1778049893.0977376,beam,61.6,1378,3,0.0,0.0,-0.751,-1.83,normal
1778050187.0364432,beam,57.83,1444,3,2.78,0.0,-0.659,-2.036,normal
1778049822.061579,beam,48.75,2020,3,34.13,0.0,0.612,-0.546,normal
1778050125.43269,beam,91.06,2610,3,28.97,0.0,0.04,-0.334,normal
1778050624.0898046,beam,50.65,821,3,0.0,0.0,-0.513,6.692,racing
1778050064.7995665,beam,66.83,2338,3,45.24,0.0,0.573,-0.923,normal
1778050691.9003932,beam,28.33,2368,2,100.0,19.05,-0.213,0.963,racing
1778050041.3845837,beam,54.44,1737,3,19.44,0.0,-0.848,-3.0,normal
1778050987.244152,beam,95.36,3061,2,100.0,0.0,-0.64,-10.379,racing
1778050641.3437295,beam,98.81,2966,3,55.86,0.0,0.072,-0.37,racing
1778050994.232623,beam,83.04,3470,2,0.0,0.0,-0.91,2.81,racing
1778050251.655207,beam,52.7,1590,3,14.29,0.0,-0.298,0.872,normal
1778050739.993435,beam,128.41,3620,3,47.62,0.0,0.053,0.177,racing
1778049968.4895945,beam,87.24,2268,3,0.0,0.0,-0.786,0.777,normal
1778050959.6484942,beam,76.7,1953,3,0.0,0.0,-0.969,-4.463,racing
1778050283.9776037,beam,55.48,1700,3,17.06,0.0,-0.026,-0.792,normal
1778050962.7322154,beam,76.98,2673,3,96.09,0.0,0.73,-3.462,racing
1778050145.075003,beam,69.02,1701,3,0.0,0.79,-0.713,2.19,normal
1778050644.031736,beam,101.09,3011,3,55.47,0.0,0.387,-0.013,racing
1778050750.0201983,beam,95.15,4182,3,75.39,0.0,0.361,-6.373,racing
1778050270.6155624,beam,67.17,1887,3,13.49,0.0,0.045,0.548,normal
1778049813.0428176,beam,5.05,1708,1,31.74,0.0,2.856,7.658,normal
1778050022.2444468,beam,87.32,2509,3,26.98,0.0,0.018,-0.03,normal
1778050696.7026803,beam,49.33,4129,1,100.0,4.37,1.812,4.339,racing
1778050130.8111944,beam,91.99,2635,3,28.97,0.0,0.061,0.024,normal
1778050555.982114,beam,76.8,1995,3,0.0,48.02,-4.767,12.04,racing
1778050965.3619032,beam,85.82,3737,2,10.71,0.0,0.211,-7.712,racing
1778050113.9520566,beam,89.87,2584,3,28.97,0.0,0.043,-0.237,normal
1778050526.2745438,beam,133.35,3831,3,100.0,0.0,0.467,0.134,racing
1778050684.3086796,beam,42.0,769,3,0.0,0.0,-1.122,-1.008,racing
1778050915.3060956,beam,125.03,5401,2,100.0,0.0,0.822,1.941,racing
1778050693.3521216,beam,29.25,2634,1,100.0,7.94,-0.266,2.533,racing
1778050889.248725,beam,83.37,3778,2,100.0,0.0,0.701,-1.145,racing
1778050729.9923215,beam,131.31,3692,3,48.41,0.0,0.13,0.275,racing
1778050892.5045326,beam,94.69,4198,2,100.0,0.0,1.092,-0.822,racing
1778050254.4678082,beam,49.84,1517,3,13.49,0.0,-0.138,0.245,normal
1778051018.800824,beam,40.99,974,3,0.0,68.75,-2.935,51.329,racing
1778050576.6130807,beam,110.8,3296,3,79.3,0.0,0.501,-1.361,racing
1778050522.3580904,beam,126.36,3445,3,36.51,0.0,-0.514,4.19,racing
1778050553.469915,beam,143.33,3840,3,0.0,36.11,-4.119,-27.827,racing
1778049895.0340884,beam,59.1,1808,3,18.65,0.0,0.324,5.389,normal
1778050867.9536855,beam,84.09,3794,2,100.0,0.0,1.256,-2.386,racing
1778050314.5559907,beam,37.67,772,2,0.0,0.0,-1.035,8.999,normal
1778050836.553858,beam,102.88,3132,3,81.25,0.0,0.394,0.815,racing
1778050908.176704,beam,103.92,4554,2,100.0,0.0,1.022,-0.05,racing
1778050211.0071013,beam,62.22,1963,3,25.0,0.0,0.191,0.083,normal
1778050833.0328224,beam,95.73,2984,3,81.25,0.0,0.627,-0.573,racing
1778050781.2654388,beam,95.83,2515,3,0.0,0.0,-0.872,0.094,racing
1778050637.1832848,beam,96.0,2908,3,55.86,0.0,0.428,-0.63,racing
1778050055.9468758,beam,44.71,1938,3,32.54,0.0,0.777,1.708,normal
1778050126.335001,beam,91.22,2617,3,28.97,0.0,0.076,0.684,normal
1778049826.7132666,beam,58.64,2103,3,34.13,0.0,0.47,-0.961,normal
1778049930.0865085,beam,77.69,2288,3,26.19,0.0,0.007,-0.384,normal
1778050751.9558928,beam,99.53,3049,3,75.39,0.0,0.672,0.18,racing
1778050038.0219438,beam,61.19,1726,3,11.91,0.0,-0.813,-0.601,normal
1778050518.4492695,beam,129.82,5593,2,100.0,0.0,0.567,-0.321,racing
1778050572.9368134,beam,102.73,3123,3,78.91,0.0,0.645,-0.739,racing
1778050819.898377,beam,71.18,1757,3,0.0,0.0,-0.492,0.155,racing
1778050633.7447824,beam,90.04,3529,3,57.42,0.0,0.299,-0.905,racing
1778050725.624766,beam,129.54,3653,3,49.6,0.0,0.045,-1.929,racing
1778050111.0812526,beam,89.14,2571,3,29.36,0.0,0.116,0.58,normal
1778049948.6164637,beam,79.7,2316,3,25.0,0.0,0.041,-0.675,normal
1778050855.342383,beam,124.17,3305,3,0.0,78.12,-9.58,-9.415,racing
1778050932.3920298,beam,94.52,2641,3,21.83,0.0,-0.227,-0.51,racing
1778050574.0298388,beam,105.21,3176,3,78.91,0.0,0.657,0.234,racing
1778050550.103125,beam,148.62,4148,3,58.2,0.0,-0.072,-0.445,racing
1778050952.086122,beam,100.97,3084,3,78.12,0.0,0.639,-0.675,racing
1778050632.738684,beam,87.14,3910,2,97.66,0.0,1.332,-0.047,racing
1778050838.53451,beam,104.87,3187,3,99.22,0.0,0.309,0.404,racing
1778050136.09462,beam,92.75,2656,3,29.36,0.0,0.058,0.321,normal
1778050172.7545357,beam,88.11,3290,3,7.54,0.0,-0.236,-1.121,normal
1778050860.7948835,beam,50.07,2419,2,100.0,0.0,-1.984,-27.702,racing
1778050703.2798746,beam,80.78,3669,2,100.0,4.76,1.048,1.864,racing
1778050229.3690772,beam,71.71,1981,3,11.91,0.0,-0.131,-0.157,normal
1778050259.7865229,beam,51.22,1558,3,14.29,0.0,0.422,0.388,normal
1778049867.535452,beam,90.92,2619,3,30.16,0.0,0.035,-1.056,normal
1778050064.3467607,beam,65.8,2326,3,44.44,0.0,0.686,-0.029,normal
1778050941.6717112,beam,103.3,3095,3,63.67,0.0,0.61,-0.143,racing
1778050953.8475797,beam,104.78,3166,3,78.91,0.0,0.599,-0.072,racing
1778050714.0341086,beam,111.68,4863,2,100.0,0.0,0.674,-2.303,racing
1778050087.755123,beam,82.15,2374,3,25.4,0.0,0.084,0.1,normal
1778050219.6755502,beam,76.63,2222,3,23.02,0.0,0.642,3.145,normal
1778049823.2301457,beam,51.46,2040,3,34.13,0.0,0.72,-0.114,normal
1778050041.4864652,beam,54.2,1736,3,18.65,0.0,-0.658,1.859,normal
1778050228.851168,beam,71.93,1991,3,12.3,0.0,-0.209,-2.895,normal
1778050774.313792,beam,93.82,2785,3,42.86,0.0,0.229,-1.179,racing
1778050723.360334,beam,128.58,3670,3,62.11,0.0,0.189,-0.624,racing
1778050830.586382,beam,89.52,2867,3,80.86,0.0,0.792,0.801,racing
1778050617.073131,beam,89.21,3985,2,100.0,0.0,1.464,-0.517,racing
1778050129.9311593,beam,91.84,2628,3,28.57,0.0,0.032,-0.008,normal
1778050939.1542687,beam,98.29,4276,2,55.86,0.0,1.047,10.235,racing
1778049995.6152053,beam,72.18,2247,3,32.14,0.0,0.897,0.681,normal
1778049959.3272047,beam,89.61,2538,3,23.81,0.0,-0.136,-1.856,normal
1778050578.446926,beam,114.53,3379,3,79.3,0.0,0.637,0.73,racing
1778050039.705583,beam,57.89,1800,3,19.44,0.0,-0.255,0.495,normal
1778050261.228434,beam,53.3,1595,3,14.29,0.0,0.345,-0.899,normal
1778050052.501776,beam,41.45,1673,3,21.43,0.0,0.043,-0.671,normal
1778050565.266842,beam,89.5,3989,2,82.03,0.0,1.114,-1.128,racing
1778049980.3223066,beam,57.33,1605,3,11.51,0.0,-0.618,-0.294,normal
1778050966.3307528,beam,82.97,3540,3,17.86,0.0,-0.302,1.793,racing
1778050196.13323,beam,51.47,1759,3,21.43,0.0,0.299,0.473,normal
1778050267.828066,beam,64.89,1841,3,14.29,0.0,0.326,-0.493,normal
1778050846.0667365,beam,115.17,3408,3,100.0,0.0,1.35,1.656,racing
1778050903.300407,beam,88.32,2859,3,100.0,0.0,0.82,0.266,racing
1778050290.4042168,beam,57.49,1818,3,20.63,0.0,0.079,0.723,normal
1778050515.248608,beam,122.29,5290,2,100.0,0.0,0.681,-0.192,racing
1778049835.145444,beam,71.71,2272,3,34.13,0.0,0.342,0.22,normal
1778050277.6424174,beam,57.57,1717,3,15.87,0.0,-0.358,-1.004,normal
1778050524.542647,beam,130.27,3759,3,100.0,0.0,0.415,-0.988,racing
1778050013.4816625,beam,87.7,2520,3,26.98,0.0,-0.078,-0.142,normal
1778050125.665965,beam,91.11,2611,3,28.57,0.0,0.035,-0.41,normal
1778051020.6554456,beam,35.37,778,2,0.0,50.39,-2.333,-13.542,racing
1778050258.0967448,beam,49.48,1531,3,14.29,0.0,0.252,1.818,normal
1778050267.4897554,beam,64.48,1831,3,14.29,0.0,0.437,0.011,normal
1778051013.407909,beam,118.99,5154,2,98.83,0.0,1.266,-0.576,racing
1778050139.9893332,beam,84.05,2172,3,0.0,0.0,-0.836,-0.519,normal
1778050718.0255156,beam,122.54,5300,2,100.0,0.0,0.716,-0.416,racing
1778050743.7069862,beam,108.8,2889,3,0.0,66.8,-7.261,2.911,racing
1778050732.740332,beam,131.98,3660,3,26.59,0.0,-0.287,-2.978,racing
1778050774.2132523,beam,93.73,2782,3,42.86,0.0,0.347,0.487,racing
1778050640.1175468,beam,98.41,2955,3,55.08,0.0,0.145,0.623,racing
1778050633.066014,beam,88.39,3920,2,66.41,0.0,0.956,-0.969,racing
1778050279.5395849,beam,56.04,1706,3,16.67,0.0,-0.285,-1.252,normal
1778050500.3837073,beam,66.95,3187,2,98.83,0.0,1.124,1.822,racing
1778050874.4930782,beam,109.93,4794,2,100.0,0.0,0.764,-0.473,racing
1778050000.6174104,beam,85.47,2513,3,32.14,0.0,0.542,1.142,normal
1778050627.3877995,beam,59.28,2930,2,100.0,0.0,1.568,-0.148,racing
1778050967.3043764,beam,84.64,2725,3,46.83,0.0,0.555,-0.782,racing
1778050981.492016,beam,111.33,3292,3,71.09,0.0,0.499,0.393,racing
1778050318.348385,beam,1.61,744,1,0.0,30.16,-0.941,8.822,normal
1778049916.6157608,beam,73.3,2204,3,26.98,0.0,0.147,0.326,normal
1778050979.8569982,beam,108.28,3205,3,65.63,0.0,0.576,1.691,racing
1778050574.1324856,beam,105.44,3181,3,78.91,0.0,0.609,-0.462,racing
1778050813.7015526,beam,113.37,3004,3,0.0,26.19,-3.119,10.56,racing
1778050631.152297,beam,79.29,3619,2,100.0,0.0,1.204,-4.108,racing
1778050306.6890829,beam,62.44,1421,3,0.0,0.0,-0.495,6.467,normal
1778049838.1635554,beam,75.34,2333,3,34.13,0.0,0.367,0.735,normal
1778050670.3874524,beam,115.01,3052,3,0.0,0.0,-0.953,0.747,racing
1778050287.4912205,beam,56.36,1774,3,19.44,0.0,0.06,-0.419,normal
1778049974.3910017,beam,67.64,1637,3,0.0,0.0,-0.754,-0.067,normal
1778050662.7225375,beam,106.73,3121,3,52.74,0.0,0.339,-1.283,racing
1778050791.0627718,beam,74.51,1885,3,0.0,0.0,-0.859,-0.221,racing
1778050237.224728,beam,66.74,1888,3,14.29,0.0,-0.143,-0.187,normal
1778050812.3352718,beam,131.91,4205,3,0.0,0.0,-0.408,-7.653,racing
1778050314.4361806,beam,38.12,772,2,0.0,17.06,-2.113,0.187,normal
1778050766.2674465,beam,93.16,2455,3,0.0,46.03,-5.349,2.585,racing
1778050242.9988594,beam,63.59,1813,3,14.29,0.0,-0.078,-0.566,normal
1778050560.71836,beam,72.3,3351,2,84.37,0.0,1.49,-1.381,racing
1778050827.151478,beam,80.22,2627,3,56.64,0.0,0.609,-0.515,racing
1778050546.6514034,beam,148.78,4148,3,58.59,0.0,0.212,2.135,racing
1778049965.3538516,beam,91.8,2590,3,23.81,0.0,0.043,0.558,normal
1778050828.2222297,beam,82.86,2727,3,82.81,0.0,0.72,0.203,racing
1778050680.4724522,beam,68.17,1672,3,0.0,0.0,-0.996,2.576,racing
1778050687.8691175,beam,22.39,2385,1,76.56,0.0,2.333,3.775,racing
1778050041.6033027,beam,53.98,1729,3,19.44,0.0,-0.525,1.138,normal
1778050775.1938214,beam,94.79,2809,3,43.65,0.0,0.509,3.022,racing
1778050119.7273834,beam,90.32,2582,3,27.78,0.0,-0.001,-0.301,normal
1778050745.3205855,beam,92.3,2424,3,0.0,26.19,-3.278,-23.204,racing
1778049843.93293,beam,79.79,2384,3,30.55,0.0,0.162,-3.081,normal
1778050668.979663,beam,117.02,3432,3,76.56,0.0,0.429,-0.231,racing
1778050539.4084516,beam,147.59,4122,3,58.59,0.0,-0.022,-1.712,racing
1778049928.300027,beam,77.61,2285,3,26.19,0.0,-0.019,-0.689,normal
1778050533.9385035,beam,143.13,4057,3,90.23,0.0,0.343,0.098,racing
1778050267.2763095,beam,64.15,1823,3,14.29,0.0,0.444,0.239,normal
1778050746.9994774,beam,86.96,2744,3,66.41,0.0,0.619,1.335,racing
1778050254.6753457,beam,49.68,1517,3,13.49,0.0,-0.194,0.4,normal
1778049850.495818,beam,84.17,2478,3,31.35,0.0,0.187,-0.346,normal
1778049845.2284522,beam,80.69,2404,3,31.35,0.0,0.203,0.048,normal
1778050029.1631486,beam,83.64,2167,3,0.4,0.0,-0.755,0.543,normal
1778051002.4632225,beam,71.86,3347,2,100.0,0.0,1.482,0.275,racing
1778049863.766118,beam,89.7,2571,3,27.78,0.0,0.018,-0.052,normal
1778050624.3147178,beam,50.33,771,3,0.0,0.0,-0.347,0.894,racing
1778050063.1180909,beam,62.75,2294,3,44.44,0.0,0.626,-0.652,normal
1778050612.910794,beam,65.51,2532,3,99.22,0.0,1.483,-0.033,racing
1778050215.7730503,beam,69.83,2077,3,23.02,0.0,0.637,1.215,normal
1778050252.621714,beam,51.58,1570,3,14.29,0.0,-0.356,-0.257,normal
1778050087.9596665,beam,82.17,2375,3,25.4,0.0,0.052,0.397,normal
1778050001.4956307,beam,86.58,2538,3,32.14,0.0,0.282,0.965,normal
1778050660.5883791,beam,104.7,3058,3,48.81,0.0,0.044,-3.046,racing
1778049938.0762694,beam,78.0,2278,3,25.0,0.0,0.01,-0.945,normal
1778050766.3786902,beam,92.69,2420,3,0.0,4.37,-1.189,37.4,racing
1778050096.1890664,beam,84.51,2467,3,29.76,0.0,-0.007,-2.181,normal
1778050753.8153942,beam,103.8,3137,3,75.39,0.0,0.644,-1.648,racing
1778050044.482829,beam,47.73,1677,3,19.84,0.0,-0.521,1.919,normal
1778050944.7361674,beam,99.94,2631,3,0.0,0.0,-0.839,1.489,racing
1778050121.8098154,beam,90.55,2591,3,27.78,0.0,0.052,0.371,normal
1778050079.244948,beam,80.63,2353,3,26.59,0.0,0.077,-0.042,normal
1778049893.3097837,beam,61.0,1314,3,0.0,0.0,-0.867,-1.729,normal
1778050107.671759,beam,88.29,2548,3,28.57,0.0,0.074,-0.095,normal
1778050227.5555215,beam,72.23,2010,3,13.49,0.0,-0.084,1.269,normal
1778049913.6133275,beam,71.64,2171,3,26.98,0.0,0.23,-0.282,normal
1778050298.6483986,beam,60.49,1890,3,21.83,0.0,0.162,0.834,normal
1778050059.481994,beam,52.7,2189,3,44.44,0.0,0.84,0.559,normal
1778050923.6739886,beam,134.31,3822,3,69.14,0.0,0.324,0.743,racing
1778051018.35676,beam,60.05,2049,3,0.0,71.88,-24.836,104.151,racing
1778050688.320246,beam,26.44,2641,1,99.22,0.0,2.75,0.401,racing
1778050719.43042,beam,123.91,5284,2,42.86,0.0,-0.18,-0.524,racing
1778050691.686911,beam,28.54,2355,2,76.95,20.63,0.177,-0.623,racing
1778050093.6197982,beam,83.53,2421,3,26.98,0.0,-0.004,-1.202,normal
1778050035.6548452,beam,68.28,1670,3,0.0,0.0,-0.896,-0.118,normal
1778050566.6507058,beam,94.53,4186,2,81.25,0.0,1.033,0.871,racing
1778050753.1540043,beam,102.27,3106,3,75.39,0.0,0.48,-3.648,racing
1778050543.019922,beam,148.29,4142,3,59.77,0.0,0.264,3.441,racing
1778050272.4498875,beam,65.08,1539,3,0.0,0.0,-0.797,-1.794,normal
1778050571.347092,beam,99.13,3021,3,67.19,0.0,0.613,1.065,racing
1778050228.2059247,beam,72.1,2003,3,12.7,0.0,-0.058,-0.202,normal
1778050049.8366003,beam,41.54,1674,3,21.43,0.0,-0.071,-0.099,normal
1778050501.6189628,beam,71.42,3339,2,100.0,0.0,1.04,-2.026,racing
1778050011.4807372,beam,87.74,2537,3,26.59,0.0,0.045,-0.701,normal
1778049968.178524,beam,88.19,2295,3,0.0,0.0,-0.808,0.122,normal
1778050551.073441,beam,148.69,4148,3,58.2,0.0,0.01,0.124,racing
1778050654.0472264,beam,124.47,3548,3,54.3,0.0,-0.132,-2.898,racing
1778050300.619385,beam,61.21,1920,3,22.62,0.0,0.022,-1.176,normal
1778051011.640302,beam,111.09,4837,2,98.83,0.0,1.201,0.212,racing
1778050262.2189646,beam,55.13,1629,3,14.29,0.0,0.678,2.265,normal
1778049883.250502,beam,94.78,2710,3,30.16,0.0,0.044,-0.524,normal
1778050818.2268248,beam,82.74,2138,3,0.0,6.75,-0.985,11.246,racing
1778049923.0789647,beam,76.49,2264,3,26.59,0.0,0.207,1.496,normal
1778050738.9087732,beam,128.08,3608,3,46.83,0.0,0.098,0.394,racing
1778050247.8711774,beam,58.25,1699,3,14.29,0.0,-0.431,-0.45,normal
1778050278.7782094,beam,56.58,1698,3,15.87,0.0,-0.181,0.373,normal
1778050902.3973532,beam,86.39,2494,3,32.94,0.0,0.227,7.061,racing
1778050265.3397732,beam,60.92,1750,3,14.29,0.0,0.482,-0.235,normal
1778050085.2549238,beam,81.91,2352,3,23.81,0.0,-0.053,-0.046,normal
1778050236.5999062,beam,67.11,1887,3,13.49,0.0,-0.191,0.584,normal
1778050896.6140924,beam,110.11,4800,2,100.0,0.0,0.851,-0.302,racing
1778049940.7795146,beam,78.77,2299,3,25.4,0.0,0.158,0.14,normal
1778050319.048648,beam,0.06,744,1,0.0,28.17,-0.124,0.594,normal
1778050934.9063125,beam,94.53,2698,3,29.36,0.0,0.014,-0.061,racing
1778050243.7835383,beam,63.23,1805,3,14.29,0.0,-0.132,-0.477,normal
1778050514.3344927,beam,119.88,5193,2,100.0,0.0,0.744,0.078,racing
1778050747.221403,beam,87.47,2794,3,71.09,0.0,0.615,-0.432,racing
1778050771.312998,beam,91.71,2740,3,42.86,0.0,0.13,-0.174,racing
1778049872.4760458,beam,92.33,2652,3,30.16,0.0,0.074,-0.09,normal
1778049867.764697,beam,90.99,2621,3,30.16,0.0,0.037,-0.89,normal
1778049917.131676,beam,73.58,2210,3,26.98,0.0,0.082,-1.272,normal
1778050174.9025846,beam,84.34,2286,3,8.73,0.0,-0.501,0.112,normal
1778050520.6934988,beam,132.45,3555,3,0.0,0.0,-1.24,-4.392,racing
1778050575.7489147,beam,108.98,3257,3,79.3,0.0,0.628,0.209,racing
1778049937.9683256,beam,78.0,2278,3,25.0,0.0,0.112,-0.442,normal
1778050566.0187533,beam,92.29,4102,2,82.03,0.0,0.93,-0.857,racing
1778050764.8175576,beam,117.49,3122,3,0.0,0.0,-0.953,-0.438,racing
1778050819.565017,beam,71.81,1786,3,0.0,0.0,-0.396,2.516,racing
1778050660.0293891,beam,104.04,3096,3,60.55,0.0,0.458,0.999,racing
1778050126.4436882,beam,91.24,2617,3,28.97,0.0,0.042,-0.31,normal
1778050546.1228788,beam,148.68,4149,3,58.59,0.0,-0.095,-0.098,racing
1778050742.86811,beam,128.11,3413,3,0.0,0.0,-1.029,4.682,racing
1778050923.241668,beam,133.82,3810,3,69.14,0.0,0.354,0.212,racing
1778050503.7833495,beam,80.37,3658,2,100.0,0.0,1.257,-0.587,racing
1778050774.8770366,beam,94.43,2799,3,43.25,0.0,0.382,1.085,racing
1778050795.3433082,beam,73.15,2720,2,100.0,0.0,0.02,-0.368,racing
1778050525.7422533,beam,132.41,3809,3,100.0,0.0,0.469,-0.377,racing
1778050834.0011325,beam,98.1,3031,3,81.25,0.0,0.681,0.028,racing
1778050864.6613498,beam,67.65,3206,2,100.0,0.0,1.472,0.196,racing
1778050581.0978992,beam,108.97,2882,3,0.0,0.0,-0.949,0.426,racing
1778050900.8157325,beam,90.65,2363,3,0.0,0.0,-0.258,25.525,racing
1778049813.477769,beam,9.28,1845,1,31.74,0.0,2.899,2.485,normal
1778050917.4429746,beam,129.84,5595,2,100.0,0.0,0.545,-0.551,racing
1778049938.735748,beam,78.17,2283,3,25.4,0.0,0.128,1.696,normal
1778050574.6676395,beam,106.58,3204,3,78.91,0.0,0.713,2.241,racing
1778050109.647684,beam,88.77,2558,3,28.97,0.0,0.028,0.305,normal
1778050271.6668563,beam,66.94,1766,3,0.0,0.0,-0.548,-4.147,normal
1778050081.3052387,beam,81.27,2361,3,26.19,0.0,0.097,0.598,normal
1778050299.658584,beam,60.85,1911,3,22.62,0.0,0.092,-0.338,normal
1778049937.03365,beam,77.75,2272,3,25.0,0.0,0.108,0.361,normal
1778050183.2980404,beam,66.04,1711,3,2.78,0.0,-0.652,0.271,normal
1778050312.122192,beam,50.13,770,3,0.0,0.0,-0.261,-0.041,normal
1778050290.30197,beam,57.46,1818,3,20.63,0.0,0.005,-0.304,normal
1778050567.8513055,beam,96.17,2697,3,21.43,0.0,-0.71,-1.88,racing
1778050303.4235928,beam,62.81,2024,3,26.98,0.0,0.286,0.727,normal
1778050265.2328632,beam,60.73,1746,3,14.29,0.0,0.507,0.085,normal
1778050518.662346,beam,130.26,5611,2,100.0,0.0,0.584,0.053,racing
1778050120.277742,beam,90.36,2590,3,28.17,0.0,0.021,-0.017,normal
1778050269.2679036,beam,66.54,1870,3,13.49,0.0,0.227,-0.615,normal
1778050140.54473,beam,82.42,2124,3,0.0,0.0,-0.785,0.454,normal
1778050032.542075,beam,77.82,2148,3,12.7,0.0,-0.279,1.042,normal
1778050043.7039156,beam,49.23,1684,3,19.44,0.0,-0.788,-0.361,normal
1778050132.914096,beam,92.34,2640,3,28.57,0.0,0.06,0.148,normal
1778049882.594187,beam,94.64,2707,3,30.16,0.0,0.083,0.222,normal
1778050591.5764194,beam,73.33,1845,3,0.0,0.0,-0.727,1.154,racing
1778050952.864931,beam,102.57,3119,3,78.91,0.0,0.682,0.862,racing
1778050284.9922123,beam,55.57,1711,3,17.46,0.0,0.044,-0.424,normal
1778050919.6397648,beam,129.41,3699,3,66.41,0.0,0.29,-1.382,racing
1778049965.554923,beam,91.77,2589,3,23.81,0.0,-0.028,0.289,normal
1778049818.2634077,beam,37.21,2125,2,36.11,0.0,1.183,0.348,normal
1778050227.7793665,beam,72.23,2011,3,13.49,0.0,0.1,1.869,normal
1778050536.8948293,beam,146.57,4140,3,90.23,0.0,0.342,0.482,racing
1778050237.113865,beam,66.8,1889,3,14.29,0.0,-0.122,0.602,normal
1778050949.0709586,beam,93.76,2940,3,78.91,0.0,0.689,4.988,racing
1778050546.7551131,beam,148.76,4149,3,58.59,0.0,-0.036,-2.392,racing
1778050998.0437396,beam,60.73,1102,3,0.0,0.0,-0.638,-0.355,racing
1778049986.7366457,beam,52.09,1830,3,25.4,0.0,0.171,0.39,normal
1778050008.616991,beam,86.63,2533,3,31.35,0.0,0.074,-0.484,normal
1778050007.9806926,beam,86.46,2530,3,31.35,0.0,0.016,-0.348,normal
1778050527.225774,beam,134.95,3868,3,100.0,0.0,0.46,-0.959,racing
1778050965.4649782,beam,85.22,3578,2,0.0,0.0,-1.631,-17.863,racing
1778050983.997495,beam,107.33,2839,3,0.0,7.54,-1.016,0.673,racing
1778050916.1632657,beam,127.02,5481,2,100.0,0.0,0.67,0.984,racing
1778050696.381692,beam,47.33,3974,1,100.0,4.76,2.06,1.636,racing
1778049885.8135092,beam,95.25,2721,3,30.16,0.0,0.014,-0.17,normal
1778050904.4340572,beam,90.46,3406,2,100.0,0.0,0.046,1.653,racing
1778050696.0657356,beam,44.92,3813,1,100.0,4.76,1.744,-0.546,racing
1778050873.1895502,beam,105.51,4614,2,100.0,0.0,1.129,-1.52,racing
1778050252.4027448,beam,51.84,1574,3,14.29,0.0,-0.279,-0.253,normal
1778050902.0515883,beam,86.87,2256,3,0.0,0.0,-0.797,0.518,racing
1778050941.239424,beam,102.4,3076,3,63.67,0.0,0.439,-1.281,racing
1778049950.0611875,beam,79.77,2279,3,21.43,0.0,0.11,-1.765,normal
1778050494.9159796,beam,47.53,4007,1,100.0,0.0,1.793,-1.872,racing
1778050727.0889006,beam,130.18,3668,3,49.6,0.0,0.148,0.437,racing
1778050600.762242,beam,78.63,2523,3,44.05,0.0,0.525,0.167,racing
1778050865.9594193,beam,74.49,3441,2,100.0,0.0,1.462,-1.885,racing
1778050023.610249,beam,87.29,2509,3,26.98,0.0,-0.001,-0.25,normal
1778049906.577474,beam,65.96,2072,3,26.98,0.0,0.279,-0.521,normal
1778050918.6431036,beam,128.29,5478,2,46.83,0.0,0.494,12.307,racing
1778050820.2327137,beam,68.32,1710,3,0.0,40.87,-4.306,-19.061,racing
1778051026.1779752,beam,22.73,769,1,0.0,40.87,-2.602,11.253,racing
1778050195.7996342,beam,51.14,1755,3,21.83,0.0,0.275,0.207,normal
1778050496.9316308,beam,58.5,4775,1,58.99,0.0,0.528,-6.601,racing
1778050952.2012022,beam,101.16,3089,3,78.91,0.0,0.44,-1.735,racing
1778050194.1508002,beam,49.92,1658,3,18.65,0.0,0.212,0.326,normal
1778051018.2536707,beam,69.27,2353,3,0.0,73.05,-35.573,-127.609,racing
1778050077.2240758,beam,80.01,2339,3,26.59,0.0,0.246,2.112,normal
1778051012.4277089,beam,114.64,4981,2,98.83,0.0,1.259,-0.147,racing
1778050210.897749,beam,62.15,1959,3,24.21,0.0,0.182,-0.271,normal
1778050928.7081642,beam,98.07,2906,3,57.81,0.0,0.405,0.853,racing
1778050884.5866532,beam,85.33,2708,3,52.74,0.0,-0.2,5.862,racing
1778050934.5750892,beam,94.49,2697,3,29.36,0.0,0.035,-0.141,racing
1778050292.5241148,beam,57.99,1844,3,21.43,0.0,-0.042,-2.059,normal
1778050757.6659808,beam,111.82,3294,3,66.8,0.0,0.511,-0.197,racing
1778049983.1366403,beam,53.3,1621,3,15.08,0.0,-0.452,-1.17,normal
1778050942.3350518,beam,104.49,3101,3,46.03,0.0,0.468,-0.346,racing
1778050979.7476957,beam,108.05,3193,3,64.06,0.0,0.391,-1.208,racing
1778049973.1420543,beam,71.02,1763,3,0.0,0.0,-0.831,-0.674,normal
1778050135.5789213,beam,92.67,2654,3,29.36,0.0,0.066,0.293,normal
1778049991.0848544,beam,58.29,2046,3,30.55,0.0,0.607,-1.028,normal
1778050029.4939606,beam,82.67,2160,3,2.38,0.0,-0.85,-0.419,normal
1778049814.4615076,beam,18.48,2020,1,32.94,0.0,2.337,-1.179,normal
1778050729.5712342,beam,131.16,3691,3,48.81,0.0,0.145,0.706,racing
1778050551.9371686,beam,148.7,4148,3,58.2,0.0,0.053,0.52,racing
1778050986.607089,beam,94.53,2978,3,100.0,0.0,0.668,0.574,racing
1778050646.5308845,beam,106.87,3136,3,55.47,0.0,0.927,0.579,racing
1778050187.8333962,beam,56.29,1423,3,2.78,0.0,-0.421,1.363,normal
1778050764.047509,beam,119.51,3366,3,38.89,0.0,-0.057,-2.365,racing
1778050210.6614697,beam,61.98,1955,3,23.81,0.0,0.163,0.121,normal
1778050809.469779,beam,123.89,5355,2,100.0,0.0,0.566,-2.054,racing
1778050247.7711654,beam,58.41,1702,3,14.29,0.0,-0.386,0.798,normal
1778050899.4978764,beam,96.79,2541,3,0.0,0.0,-0.882,1.027,racing
1778049970.3050084,beam,80.55,2076,3,0.0,8.73,-1.725,-0.278,normal
1778050554.2381077,beam,124.92,3319,3,0.0,58.59,-7.044,-8.526,racing
1778050074.127313,beam,78.96,2321,3,26.98,0.0,0.09,-0.233,normal
1778049895.5807424,beam,59.33,1858,3,20.63,0.0,0.312,2.509,normal
1778050108.769319,beam,88.59,2551,3,28.57,0.0,0.201,1.512,normal
1778050710.3484874,beam,100.43,4417,2,100.0,4.76,0.569,-1.647,racing
1778049995.5091422,beam,71.84,2241,3,32.14,0.0,0.825,-0.354,normal
1778050137.5457623,beam,91.34,2386,3,0.0,0.0,-0.815,0.15,normal
1778050855.8907971,beam,88.71,2066,3,0.0,100.0,-25.507,-20.864,racing
1778050186.151431,beam,59.65,1487,3,1.98,0.0,-0.681,-0.472,normal
1778051006.8454971,beam,92.98,4130,2,100.0,0.0,1.251,-0.021,racing
1778050920.078423,beam,129.94,3715,3,67.58,0.0,0.392,1.512,racing
1778050020.2795377,beam,87.35,2510,3,26.98,0.0,-0.001,-0.19,normal
1778050511.1138816,beam,110.42,4811,2,100.0,0.0,0.97,-0.075,racing
1778050217.3061864,beam,72.71,2136,3,23.02,0.0,0.49,-1.06,normal
1778050759.9857702,beam,115.75,3321,3,50.0,0.0,0.316,1.262,racing
1778051017.4014113,beam,118.16,3164,3,0.0,58.99,-6.837,-24.688,racing
1778050504.5514336,beam,84.11,3794,2,100.0,0.0,1.341,-0.701,racing
1778050210.1939433,beam,61.7,1943,3,23.81,0.0,0.214,0.593,normal
1778050303.6548605,beam,62.96,2027,3,26.98,0.0,0.149,-0.56,normal
1778050890.79852,beam,88.5,3974,2,100.0,0.0,1.021,3.483,racing
1778050676.8079653,beam,106.07,3133,3,57.81,0.0,0.365,0.047,racing
1778049902.3977497,beam,61.4,1919,3,25.0,0.0,0.217,0.642,normal
1778050815.9409733,beam,108.3,2866,3,0.0,0.0,-1.136,-2.726,racing
1778049877.8116257,beam,93.64,2683,3,30.16,0.0,0.093,0.64,normal
1778050688.9874363,beam,32.13,2943,1,98.05,0.0,2.292,-1.268,racing
1778050797.6779635,beam,83.26,3766,2,100.0,0.0,1.315,1.736,racing
1778050623.756612,beam,52.03,1118,3,0.0,17.86,-3.12,10.625,racing
1778050274.7562532,beam,60.52,1731,3,14.29,0.0,-0.326,0.429,normal
1778049952.7635725,beam,83.17,2374,3,23.02,0.0,0.369,-0.435,normal
1778050312.4367876,beam,48.97,771,3,0.0,11.51,-1.283,-0.925,normal
1778050546.3361106,beam,148.74,4149,3,58.59,0.0,0.047,-0.626,racing
1778050246.8744788,beam,59.9,1720,3,14.29,0.0,-0.276,0.925,normal
1778050141.523333,beam,79.63,2041,3,0.0,0.0,-0.805,-0.06,normal
1778050111.182278,beam,89.15,2572,3,29.36,0.0,0.022,-0.927,normal
1778050115.7339993,beam,90.23,2590,3,28.57,0.0,0.056,-0.615,normal
1778050669.956353,beam,116.59,3141,3,1.19,0.0,-0.658,-0.518,racing
1778050809.9184012,beam,124.97,5398,2,100.0,0.0,0.606,-0.37,racing
1778050229.4745235,beam,71.66,1980,3,11.91,0.0,-0.123,0.075,normal
1778050503.366745,beam,78.49,3590,2,100.0,0.0,1.32,0.75,racing
1778050837.5362017,beam,103.95,3154,3,80.86,0.0,0.275,-0.096,racing
1778050703.7028348,beam,81.65,3702,2,100.0,8.73,0.464,1.89,racing
1778050144.9710877,beam,69.29,1718,3,0.0,2.38,-0.94,-3.207,normal
1778050697.9999647,beam,57.46,4734,1,100.0,2.38,1.748,-2.112,racing
1778050138.863327,beam,87.41,2271,3,0.0,0.0,-0.771,0.77,normal
1778050216.2087407,beam,70.68,2094,3,23.02,0.0,0.624,0.593,normal
1778050853.197368,beam,131.04,3780,3,100.0,0.0,0.322,-0.317,racing
1778050049.0719738,beam,41.9,1677,3,21.43,0.0,-0.251,-1.168,normal
1778050122.9316957,beam,90.67,2594,3,27.78,0.0,-0.025,-0.554,normal
1778049836.16573,beam,72.97,2292,3,34.13,0.0,0.396,1.351,normal
1778049895.3667736,beam,59.2,1845,3,21.43,0.0,0.155,-0.701,normal
1778050534.8749802,beam,144.28,4084,3,90.23,0.0,0.332,0.59,racing
1778050223.5086968,beam,75.1,1895,3,0.0,0.0,-0.476,-0.026,normal
1778050764.1486316,beam,119.54,3362,3,35.71,0.0,0.07,1.255,racing
1778049905.6993313,beam,64.99,2057,3,26.98,0.0,0.216,-1.451,normal
1778051023.0926735,beam,33.61,770,2,0.0,0.0,-0.299,0.777,racing
1778049983.2481842,beam,53.17,1619,3,15.08,0.0,-0.339,1.012,normal
1778050786.3396428,beam,87.29,2591,3,36.51,0.0,0.349,1.209,racing
1778050549.9894805,beam,148.65,4148,3,58.2,0.0,-0.022,-0.365,racing
1778050095.5338533,beam,84.23,2464,3,29.76,0.0,0.181,1.142,normal
1778049957.537351,beam,89.31,2531,3,23.81,0.0,-0.011,-0.343,normal
1778051016.5609784,beam,129.91,5035,3,0.0,0.0,-0.213,-5.043,racing
1778050571.7996042,beam,100.09,3043,3,68.75,0.0,0.529,-1.258,racing
1778050923.4608655,beam,134.09,3817,3,69.14,0.0,0.293,-0.773,racing
1778050694.3327909,beam,34.05,3072,1,100.0,10.32,1.374,-0.819,racing
1778049940.2002215,beam,78.6,2296,3,25.4,0.0,0.091,0.245,normal
1778050003.5792503,beam,87.4,2554,3,31.74,0.0,-0.034,-0.976,normal
1778049891.7102346,beam,72.32,1837,3,0.0,24.6,-3.012,-3.779,normal
1778050085.9061906,beam,81.94,2355,3,23.81,0.0,-0.046,-0.625,normal
1778050854.6639042,beam,133.16,3827,3,100.0,0.0,0.552,1.054,racing
1778050773.2968986,beam,93.08,2770,3,42.86,0.0,0.244,1.642,racing
1778049888.428921,beam,89.53,2336,3,0.0,5.56,-1.408,0.124,normal
1778050884.0365386,beam,86.11,2706,3,54.69,0.0,-0.435,-4.332,racing
1778050664.0885935,beam,108.51,3196,3,60.55,0.0,0.39,-0.022,racing
1778050868.2912786,beam,85.75,3857,2,100.0,0.0,1.369,-0.125,racing
1778050645.7279663,beam,104.56,3084,3,55.47,0.0,1.007,4.882,racing
1778049865.1672914,beam,90.19,2603,3,30.16,0.0,0.121,-0.52,normal
1778050796.5935795,beam,78.11,3574,2,100.0,0.0,1.356,0.657,racing
1778050999.0219605,beam,58.88,1336,3,33.33,0.0,-0.601,-0.668,racing
1778050061.4001343,beam,58.22,2253,3,44.44,0.0,0.765,-0.92,normal
1778050057.8812604,beam,49.11,1987,3,32.14,0.0,0.575,-4.245,normal
1778050795.1255133,beam,73.12,2626,2,100.0,0.0,0.761,-1.735,racing
1778049862.783258,beam,89.66,2573,3,26.98,0.0,0.024,-0.874,normal
1778050181.1002326,beam,71.18,1875,3,3.17,0.0,-0.876,-2.514,normal
1778050827.802642,beam,81.81,2660,3,57.81,0.0,0.658,-0.644,racing
1778050787.7456672,beam,88.5,2612,3,35.71,0.0,0.302,0.834,racing
1778050986.0292869,beam,93.26,2941,3,92.58,0.0,0.567,0.068,racing
1778050682.0212233,beam,55.51,922,3,0.0,11.51,-1.243,-3.689,racing
1778050024.6120417,beam,87.31,2509,3,26.98,0.0,0.011,-0.189,normal
1778049982.9069164,beam,53.62,1627,3,15.08,0.0,-0.338,0.151,normal
1778050966.5615847,beam,82.97,3214,3,58.59,0.0,0.19,3.271,racing
1778050631.2695673,beam,79.9,3642,2,100.0,0.0,1.444,2.05,racing
1778049832.2291777,beam,67.73,2212,3,34.13,0.0,0.34,-0.454,normal
1778050133.5477953,beam,92.43,2642,3,28.57,0.0,0.112,0.897,normal
1778049921.1165352,beam,75.66,2251,3,26.98,0.0,0.154,-0.336,normal
1778050592.6439545,beam,72.93,2594,3,100.0,0.0,0.838,1.013,racing
1778050571.0176032,beam,98.44,3009,3,67.19,0.0,0.57,0.234,racing
1778049855.684594,beam,87.08,2542,3,31.35,0.0,0.099,-0.331,normal
1778050029.6113656,beam,82.34,2170,3,3.97,0.0,-0.789,0.514,normal
1778050700.252369,beam,68.1,5543,1,100.0,2.78,1.413,3.197,racing
1778050952.5315073,beam,101.83,3104,3,78.91,1.59,0.511,-0.317,racing
1778049955.3046875,beam,87.15,2477,3,23.81,0.0,0.417,-0.39,normal
1778049993.171259,beam,64.29,2125,3,31.74,0.0,0.763,-1.837,normal
1778050813.390162,beam,118.2,3144,3,0.0,49.21,-5.318,-1.07,racing
1778050987.3456223,beam,95.17,3268,2,100.0,0.0,-0.513,1.247,racing
1778050147.8723962,beam,63.73,1891,3,18.65,4.37,-0.558,-1.835,normal
1778050515.598789,beam,123.17,5325,2,100.0,0.0,0.731,0.164,racing
1778050108.1365197,beam,88.42,2548,3,28.57,0.0,0.098,0.576,normal
1778050534.6706402,beam,144.05,4078,3,90.23,0.0,0.433,0.778,racing
1778050549.4195278,beam,148.68,4149,3,58.59,0.0,0.141,1.135,racing
1778050002.917235,beam,87.29,2552,3,31.74,0.0,0.041,-0.984,normal
1778050249.4958043,beam,55.69,1647,3,14.29,0.0,-0.478,-0.879,normal
1778050633.6385932,beam,89.93,3744,3,58.99,0.0,0.395,-0.886,racing
1778049921.8936503,beam,75.99,2258,3,26.59,0.0,-0.057,-3.535,normal
1778050097.3877084,beam,84.99,2477,3,28.97,0.0,0.035,-0.983,normal
1778050200.67859,beam,55.37,1833,3,23.02,0.0,0.115,-1.459,normal
1778050693.2368083,beam,29.36,2527,1,100.0,13.49,-0.558,4.492,racing
1778050678.1751404,beam,93.27,2465,3,0.0,51.17,-6.32,-3.708,racing
1778049953.862411,beam,84.97,2423,3,23.81,0.0,0.52,1.073,normal
1778050949.9858353,beam,96.06,2984,3,78.12,0.0,0.718,-1.182,racing
1778050840.1849728,beam,106.85,4669,2,100.0,0.0,0.784,1.089,racing
1778050928.289586,beam,97.62,2836,3,40.48,0.0,0.078,-2.189,racing
1778049907.9463692,beam,67.33,2095,3,26.98,0.0,0.207,-1.118,normal
1778050310.5294838,beam,52.38,1683,3,18.25,0.0,-0.057,-0.62,normal
1778050736.1369572,beam,127.19,3584,3,47.62,0.0,0.166,1.634,racing
1778050634.8782911,beam,91.97,2815,3,54.3,0.0,0.454,0.028,racing
1778050965.885793,beam,83.77,3540,2,8.33,0.0,-0.584,2.936,racing
1778050878.582893,beam,118.83,4986,2,0.0,0.0,-3.087,-19.719,racing
1778050634.3013773,beam,91.01,2763,3,50.0,0.0,0.378,-0.949,racing
1778049928.629707,beam,77.66,2286,3,26.19,0.0,-0.005,-0.782,normal
1778049908.3655422,beam,67.73,2102,3,26.98,0.0,0.191,-0.576,normal
1778050133.4444356,beam,92.39,2641,3,28.57,0.0,0.019,-0.107,normal
1778050144.293674,beam,71.17,1765,3,0.0,0.0,-0.382,4.229,normal
1778049835.027362,beam,71.57,2269,3,34.13,0.0,0.316,-0.856,normal
1778050909.5668414,beam,108.82,4748,2,100.0,0.0,0.93,-0.426,racing
1778050822.565489,beam,68.88,2346,3,43.25,0.0,0.779,0.135,racing
1778050667.3780458,beam,114.18,3365,3,75.39,0.0,0.449,-0.673,racing
1778050571.449776,beam,99.32,3026,3,67.19,0.0,0.497,-1.128,racing
1778050903.98244,beam,90.22,2894,3,100.0,0.0,0.796,0.288,racing
1778050955.9991038,beam,98.63,2593,3,0.0,0.0,-0.773,0.182,racing
1778050618.0758984,beam,93.85,4150,2,73.83,0.0,1.232,0.07,racing
1778050903.649815,beam,89.3,2877,3,100.0,0.0,0.753,-0.973,racing
1778050625.9887142,beam,54.04,2430,3,100.0,0.0,1.098,-0.775,racing
1778050938.285874,beam,99.28,4370,2,100.0,0.0,1.208,-1.665,racing
1778050629.1735847,beam,68.95,3250,2,100.0,0.0,1.515,0.253,racing
1778050188.9824562,beam,54.29,1410,3,3.97,0.0,-0.383,0.175,normal
1778050916.5070884,beam,127.79,5513,2,100.0,0.0,0.61,0.048,racing
1778050652.1660235,beam,123.39,3526,3,55.47,0.0,0.366,-0.889,racing
1778049911.6831946,beam,70.41,2148,3,26.98,0.0,0.431,2.591,normal
1778049813.2465067,beam,6.99,1801,1,30.55,0.0,2.526,-2.318,normal
1778050792.3560936,beam,70.8,1893,3,8.73,0.0,-0.739,-1.358,racing
1778050612.4580245,beam,63.12,2503,3,92.58,0.0,1.512,0.352,racing
1778049892.3525074,beam,65.53,1622,3,0.0,24.21,-2.471,4.932,normal
1778049861.4620132,beam,89.26,2578,3,29.76,0.0,0.018,-0.607,normal
1778049986.969881,beam,52.21,1867,3,26.59,0.0,0.134,-0.288,normal
1778049913.0646696,beam,71.25,2165,3,26.98,0.0,0.286,1.746,normal
1778050789.7639394,beam,87.26,2273,3,0.0,0.0,-0.915,0.041,racing
1778049815.994724,beam,26.76,2004,2,33.73,0.0,1.72,7.85,normal
1778050210.7763531,beam,62.07,1955,3,24.21,0.0,0.215,0.453,normal
1778051026.8104663,beam,17.49,769,1,0.0,42.46,-3.242,-4.877,racing
1778050239.433632,beam,65.55,1859,3,14.29,0.0,-0.048,0.387,normal
1778049914.4663372,beam,72.08,2180,3,26.98,0.0,0.098,-0.294,normal
1778050198.634477,beam,53.63,1792,3,21.83,0.0,0.102,-1.44,normal
1778049977.782632,beam,62.88,1709,3,7.54,0.0,-0.561,0.372,normal
1778049964.5804324,beam,91.73,2590,3,23.81,0.0,-0.042,-0.867,normal
1778050908.9127605,beam,106.55,4659,2,100.0,0.0,0.934,-0.796,racing
1778050100.1337967,beam,85.79,2481,3,27.78,0.0,0.065,0.03,normal
1778049892.5788078,beam,63.35,1539,3,0.0,18.65,-2.655,0.31,normal
1778049870.7465043,beam,91.87,2641,3,30.16,0.0,0.116,0.692,normal
1778050586.9623709,beam,95.23,2937,3,64.06,0.0,0.319,0.834,racing
1778050104.0538695,beam,87.05,2527,3,29.76,0.0,0.15,0.551,normal
1778050201.109895,beam,55.76,1838,3,22.62,0.0,0.296,0.426,normal
1778050230.1049025,beam,71.31,1980,3,12.7,0.0,-0.142,1.169,normal
1778050998.4809258,beam,59.88,781,3,0.0,0.0,-0.369,2.117,racing
1778049945.2465775,beam,79.27,2294,3,24.21,0.0,-0.05,-0.739,normal
1778050008.8316338,beam,86.72,2534,3,31.35,0.0,0.113,-0.259,normal
1778050304.2410812,beam,63.47,2028,3,26.98,0.0,0.236,0.332,normal
1778050689.9693613,beam,34.8,2706,1,0.0,0.0,-1.681,2.829,racing
1778050272.6588,beam,64.52,1506,3,0.0,0.0,-0.666,1.443,normal
1778050737.9751794,beam,127.78,3601,3,46.83,0.0,0.03,-0.563,racing
1778050207.197942,beam,59.95,1896,3,22.62,0.0,0.19,0.258,normal
1778050988.6453483,beam,89.22,3735,2,0.0,40.87,-5.796,-27.478,racing
1778050845.61551,beam,113.16,3364,3,100.0,0.0,1.211,-0.689,racing
1778050508.8967986,beam,102.72,4506,2,100.0,0.0,1.043,-1.056,racing
1778050908.6011562,beam,105.45,4616,2,100.0,0.0,0.971,-0.37,racing
1778050268.1402917,beam,65.3,1851,3,14.29,0.0,0.344,0.302,normal
1778050739.1396782,beam,128.21,3610,3,46.83,0.0,0.21,0.86,racing
1778050274.546296,beam,60.78,1721,3,12.7,0.0,-0.209,0.623,normal
1778050699.6171403,beam,65.37,5328,1,100.0,8.73,1.108,-0.779,racing
1778050252.8364844,beam,51.36,1522,3,11.51,0.0,-0.326,-0.945,normal
1778050558.9806776,beam,67.62,2412,3,55.08,0.0,0.708,0.274,racing
1778050761.850235,beam,117.86,3390,3,55.08,0.0,0.361,0.576,racing
1778050945.187992,beam,95.55,2510,3,0.0,3.57,-0.846,2.347,racing
1778050880.3563142,beam,100.82,4078,3,0.0,50.0,-6.424,-48.736,racing
1778050723.1401186,beam,128.4,3669,3,63.67,0.0,0.356,0.274,racing
1778051002.6783774,beam,72.99,3388,2,100.0,0.0,1.441,-0.364,racing
1778050997.9281273,beam,60.99,1164,3,0.0,0.0,-0.597,0.329,racing
1778050143.8436046,beam,72.32,1808,3,0.0,0.0,-0.866,0.598,normal
1778050997.26527,beam,62.55,1381,3,0.0,0.0,-0.674,-0.74,racing
1778050695.95165,beam,44.2,3759,1,100.0,5.56,1.807,2.11,racing
1778050612.0080717,beam,60.75,2434,3,89.84,0.0,1.418,-0.676,racing
1778050911.329111,beam,114.41,4973,2,100.0,0.0,0.905,0.879,racing
1778050956.5646992,beam,96.85,2543,3,0.0,0.0,-0.847,0.983,racing
1778050774.099776,beam,93.59,2780,3,42.86,0.0,0.292,0.214,racing
1778050676.7045546,beam,105.94,3130,3,57.81,0.0,0.36,-0.901,racing
1778050140.872083,beam,81.47,2096,3,0.0,0.0,-0.828,-0.756,normal
1778050211.5555923,beam,62.68,1990,3,25.4,0.0,0.277,-0.177,normal
1778050918.095225,beam,129.85,5453,2,0.0,0.0,-2.103,-16.058,racing
1778050913.7600229,beam,121.15,5243,2,100.0,0.0,0.775,0.057,racing
1778049962.3181615,beam,90.97,2571,3,23.81,0.0,0.121,0.137,normal
1778050997.4798422,beam,62.02,1330,3,0.0,0.0,-0.792,-1.924,racing
1778049977.6757636,beam,63.09,1718,3,7.54,0.0,-0.601,-1.782,normal
1778050967.0957174,beam,84.19,2746,3,64.84,0.0,0.681,-1.198,racing
1778049963.436686,beam,91.44,2583,3,23.81,0.0,0.068,0.101,normal
1778049994.5200856,beam,68.59,2187,3,32.14,0.0,0.912,1.013,normal
1778050780.4091532,beam,98.52,2592,3,0.0,0.0,-0.836,-0.56,racing
1778050066.2454567,beam,70.04,2376,3,44.44,0.0,0.791,3.542,normal
1778050556.418953,beam,74.71,1883,3,0.0,0.0,-0.663,4.081,racing
1778050927.6567228,beam,97.96,2570,3,0.0,0.0,-0.774,1.597,racing
1778050052.7222075,beam,41.55,1673,3,21.43,0.0,0.233,1.904,normal
1778050827.4714162,beam,81.01,2643,3,57.81,0.0,0.751,0.598,racing
1778050130.59761,beam,91.94,2634,3,28.97,0.0,0.027,-0.223,normal
1778050761.633568,beam,117.6,3385,3,55.08,0.0,0.394,0.98,racing
1778050179.662973,beam,74.71,1950,3,2.78,0.0,-0.644,2.569,normal
1778050125.0183277,beam,90.97,2605,3,28.17,0.0,-0.016,-0.776,normal
1778050614.688804,beam,75.09,3458,2,100.0,0.0,1.791,-2.2,racing
1778050755.572581,beam,107.57,3218,3,75.39,0.0,0.529,-1.578,racing
1778050121.1673715,beam,90.48,2590,3,27.78,0.0,0.047,0.174,normal
1778050966.214353,beam,83.1,3541,2,15.87,0.0,-0.511,1.332,racing
1778049937.732579,beam,77.88,2276,3,25.0,0.0,-0.052,-1.54,normal
1778050620.711527,beam,86.54,2264,3,0.0,36.11,-4.152,-1.344,racing
1778050659.1140995,beam,102.99,2850,3,21.43,0.0,-0.519,-4.808,racing
1778050866.854385,beam,78.63,3594,2,100.0,0.0,1.05,-4.194,racing
1778050536.2423396,beam,145.84,4123,3,90.23,0.0,0.328,0.14,racing
1778050730.7767413,beam,131.53,3697,3,48.41,0.0,0.062,-0.386,racing
1778050270.4976285,beam,67.16,1887,3,13.49,0.0,-0.02,-1.357,normal
1778050262.5651412,beam,55.74,1641,3,14.29,0.0,0.688,1.892,normal
1778050532.7753687,beam,141.67,4022,3,91.02,0.0,0.293,-1.493,racing
1778050785.5930097,beam,86.55,2576,3,36.51,0.0,0.255,-0.187,racing
1778050287.8217514,beam,56.47,1784,3,20.63,0.0,0.124,0.455,normal
1778049945.6993098,beam,79.28,2294,3,23.81,0.0,-0.051,-0.054,normal
1778050746.421847,beam,86.03,2542,3,39.28,0.0,0.425,6.672,racing
1778050771.7641964,beam,92.12,2746,3,42.46,0.0,0.211,-0.792,racing
1778050318.1017444,beam,2.93,744,1,0.0,30.16,-3.33,-5.307,normal
1778049866.151386,beam,90.51,2609,3,30.16,0.0,0.11,0.189,normal
1778050535.4953291,beam,144.99,4102,3,90.23,0.0,0.376,0.766,racing
1778049894.71266,beam,58.9,1781,3,18.25,0.0,-0.293,-4.884,normal
1778049988.4624026,beam,53.51,1878,3,26.59,0.0,0.261,-0.445,normal
1778050886.9180512,beam,82.33,2746,3,76.56,0.0,-0.183,1.029,racing
1778049923.2812607,beam,76.55,2266,3,26.59,0.0,0.06,-0.385,normal
1778050898.831725,beam,98.31,3918,3,0.0,0.0,-0.171,7.924,racing
1778050550.7262514,beam,148.67,4148,3,58.2,0.0,0.072,0.44,racing
1778050074.560089,beam,79.12,2325,3,26.98,0.0,0.088,0.141,normal
1778049927.0668278,beam,77.54,2284,3,26.19,0.0,0.03,-0.581,normal
1778050518.8833184,beam,130.74,5630,2,100.0,0.0,0.556,-0.744,racing
1778050106.685571,beam,87.99,2545,3,29.36,0.0,0.073,0.173,normal
1778050743.9177864,beam,103.91,2754,3,0.0,62.5,-6.525,-1.651,racing
1778050002.7007926,beam,87.22,2550,3,31.74,0.0,0.121,0.277,normal
1778050581.8477724,beam,95.47,2531,3,0.0,53.13,-5.736,0.48,racing
1778050538.3246138,beam,147.37,4117,3,58.2,0.0,0.011,-0.735,racing
1778050118.3332734,beam,90.25,2572,3,26.98,0.0,-0.003,0.022,normal
1778050049.9546366,beam,41.47,1674,3,21.43,0.0,-0.173,-0.861,normal
1778050894.3342042,beam,102.06,4483,2,100.0,0.0,0.99,-1.094,racing
1778050726.625265,beam,129.98,3664,3,49.6,0.0,0.147,0.431,racing
1778050844.4943087,beam,108.3,3387,3,97.66,0.0,1.195,4.206,racing
1778050669.4257736,beam,117.81,3439,3,52.34,0.0,0.43,-0.03,racing
1778050523.1124072,beam,127.67,3697,3,100.0,0.0,0.439,-0.563,racing
1778049934.796242,beam,77.14,2261,3,25.0,0.0,0.17,2.209,normal
1778050596.9615,beam,89.49,3998,2,100.0,0.0,1.312,-0.308,racing
1778050762.529299,beam,118.49,3406,3,54.69,0.0,0.19,-0.368,racing
1778050884.701633,beam,85.11,2704,3,57.81,0.0,-0.529,-2.858,racing
1778050541.8433652,beam,148.11,4137,3,58.59,0.0,0.004,0.412,racing
1778049828.2508376,beam,61.45,2132,3,34.13,0.0,0.467,-0.396,normal
1778050249.6987684,beam,55.39,1641,3,14.29,0.0,-0.332,1.448,normal
1778050603.7306018,beam,84.24,2690,3,75.39,0.0,0.767,1.861,racing
1778050123.3799849,beam,90.73,2596,3,27.78,0.0,0.075,0.616,normal
1778050598.697189,beam,76.55,3184,2,0.0,0.0,-1.013,0.612,racing
1778050615.6382062,beam,81.23,3681,2,100.0,0.0,1.971,1.9,racing
1778050872.7725782,beam,104.9,4590,2,100.0,0.0,3.617,23.641,racing
1778051005.9809268,beam,89.12,3983,2,100.0,0.0,1.237,-0.984,racing
1778050515.8301964,beam,123.75,5348,2,100.0,0.0,0.679,-0.244,racing
1778050873.3995914,beam,106.24,4646,2,100.0,0.0,0.944,-0.292,racing
1778050632.849436,beam,87.61,3922,2,77.73,0.0,1.169,-1.475,racing
1778050526.4785264,beam,133.68,3839,3,100.0,0.0,0.444,-0.077,racing
1778050915.5260696,beam,125.55,5423,2,100.0,0.0,0.605,-0.928,racing
1778050516.497201,beam,125.4,5415,2,100.0,0.0,0.639,-0.395,racing
1778049981.224001,beam,55.87,1664,3,15.08,0.0,-0.372,0.382,normal
1778049872.0346498,beam,92.22,2649,3,30.16,0.0,0.111,0.378,normal
1778050907.7294586,beam,102.27,4489,2,100.0,0.0,0.981,-1.642,racing
1778050794.6554036,beam,71.59,2604,3,100.0,0.0,0.846,1.02,racing
1778050273.548651,beam,62.09,1354,3,3.97,0.0,-0.77,0.329,normal
1778049813.8017592,beam,12.59,1911,1,32.94,0.0,2.597,-1.831,normal
1778050802.6749663,beam,103.8,4554,2,100.0,0.0,0.808,-2.599,racing
1778050304.939181,beam,64.02,2035,3,26.19,0.0,0.218,0.113,normal
1778050279.6601768,beam,55.96,1705,3,16.67,0.0,-0.184,0.837,normal
1778050287.2625678,beam,56.29,1773,3,19.44,0.0,0.069,0.119,normal
1778050209.7272437,beam,61.38,1930,3,22.62,0.0,0.13,0.754,normal
1778050001.717547,beam,86.75,2543,3,32.14,0.0,0.073,-2.384,normal
1778050603.0557747,beam,83.88,2528,3,27.78,0.0,0.206,-2.139,racing
1778050133.2307885,beam,92.37,2640,3,28.57,0.0,-0.004,-1.063,normal
1778050800.956462,beam,97.1,4291,2,100.0,0.0,1.112,-0.621,racing
1778049931.299186,beam,77.74,2287,3,26.19,0.0,0.064,-0.208,normal
1778050974.0491598,beam,90.85,4049,2,98.83,0.0,1.309,-0.387,racing
1778050135.1442833,beam,92.61,2646,3,28.57,0.0,0.03,-0.535,normal
1778050618.3896303,beam,95.0,4172,2,62.11,0.0,0.82,-2.506,racing
1778050293.1763823,beam,58.29,1848,3,21.43,0.0,0.18,0.386,normal
1778051022.2697997,beam,34.4,779,2,0.0,0.0,-0.157,2.703,racing
1778049830.3337836,beam,64.88,2173,3,34.13,0.0,0.41,-0.791,normal
1778050572.4674811,beam,101.6,3088,3,77.73,0.0,0.669,0.536,racing
1778050978.5641575,beam,106.15,3138,3,58.59,0.0,0.494,0.34,racing
1778050820.5580232,beam,66.43,1614,3,0.0,0.0,-0.517,1.122,racing
1778050832.1547863,beam,93.59,2942,3,80.86,0.0,0.765,0.805,racing
1778050871.5755265,beam,99.34,4375,2,100.0,0.0,1.094,-0.303,racing
1778050912.446479,beam,117.61,5102,2,100.0,0.0,0.764,-0.933,racing
1778049951.638123,beam,81.61,2344,3,23.81,0.0,0.505,1.301,normal
1778050558.3180969,beam,66.45,1927,3,26.98,2.38,-0.182,0.975,racing
1778050933.175812,beam,94.31,2675,3,26.98,0.0,-0.023,-0.057,racing
1778050145.8742416,beam,66.68,1877,3,13.49,6.75,-0.614,-0.406,normal
1778050736.887035,beam,127.47,3593,3,46.83,0.0,0.067,-0.681,racing
1778050924.4248292,beam,133.92,3572,3,0.0,0.0,-1.34,1.442,racing
1778049890.4144547,beam,83.18,2152,3,0.0,7.94,-1.673,-8.611,normal
1778050065.6004224,beam,68.62,2358,3,44.44,0.0,0.642,0.337,normal
1778050748.3048463,beam,89.28,3384,2,71.88,0.0,-0.108,0.47,racing
1778050130.7093482,beam,91.97,2634,3,28.97,0.0,0.059,0.282,normal
1778050933.9253302,beam,94.43,2697,3,29.76,0.0,0.067,0.554,racing
1778051019.008767,beam,39.06,775,3,0.0,69.53,-2.597,-0.612,racing
1778050087.855996,beam,82.15,2375,3,25.4,0.0,0.011,-0.72,normal
1778049955.8624475,beam,87.83,2492,3,23.81,0.0,0.636,1.148,normal
1778050101.540348,beam,86.19,2496,3,28.57,0.0,0.075,-0.598,normal
1778050590.4477437,beam,82.6,2145,3,0.0,26.98,-1.992,-11.169,racing
1778050683.084572,beam,46.93,772,3,0.0,0.0,-1.206,-3.874,racing
1778050596.858596,beam,89.01,3980,2,100.0,0.0,1.344,1.311,racing
1778050186.9282086,beam,58.08,1435,3,2.78,0.0,-0.439,1.495,normal
1778050996.925876,beam,63.35,1452,3,0.0,0.0,-0.744,0.528,racing
1778050521.579781,beam,129.02,3438,3,0.0,0.0,-1.138,-1.394,racing
1778050055.0857162,beam,43.19,1777,3,25.0,0.0,0.27,0.137,normal
1778050088.4903626,beam,82.23,2377,3,25.4,0.0,0.023,-0.17,normal
1778050578.6665576,beam,114.95,3389,3,79.3,0.0,0.509,-0.471,racing
1778050643.8034165,beam,100.77,3005,3,55.47,0.0,0.201,-2.013,racing
1778050627.271316,beam,58.62,2904,2,100.0,0.0,1.585,-2.462,racing
1778050993.2613118,beam,83.43,3196,2,100.0,0.0,-0.0,0.461,racing
1778050689.5319111,beam,36.49,3183,1,47.62,0.0,1.947,-2.324,racing
1778050848.0677218,beam,123.04,3589,3,100.0,0.0,1.266,4.041,racing
1778050110.6522665,beam,88.97,2563,3,28.97,0.0,0.017,-0.684,normal
1778050729.2450137,beam,131.02,3690,3,49.6,0.0,0.068,0.194,racing
1778050621.5072854,beam,72.92,1881,3,0.0,42.86,-4.711,3.402,racing
1778050822.1371243,beam,67.64,2318,3,42.46,0.0,0.688,-0.701,racing
1778050056.7177892,beam,46.49,1964,3,31.74,0.0,0.635,-2.415,normal
1778050040.0375657,beam,57.17,1790,3,19.44,0.0,-0.473,1.86,normal
1778050151.2261174,beam,62.66,1884,3,19.44,1.59,-0.129,-0.248,normal
1778050056.612803,beam,46.25,1964,3,31.74,0.0,0.888,0.708,normal
1778049971.386319,beam,75.92,1926,3,0.0,0.0,-0.793,0.526,normal
1778050761.528332,beam,117.45,3382,3,55.08,0.0,0.291,0.791,racing
1778050314.9046028,beam,36.72,772,2,0.0,7.54,-1.159,-5.074,normal
1778050676.2573872,beam,105.2,3113,3,57.42,0.0,0.424,0.435,racing
1778050059.267829,beam,52.07,2121,3,44.44,0.0,0.715,0.704,normal
1778050990.365266,beam,82.05,2270,3,9.92,0.0,-0.446,0.553,racing
1778049886.4655075,beam,95.39,2727,3,30.55,0.0,0.056,-0.359,normal
1778050960.9181268,beam,73.13,1950,3,12.7,0.0,-0.689,0.787,racing
1778050834.3210697,beam,98.9,3047,3,81.25,0.0,0.689,-0.269,racing
1778049962.2128897,beam,90.92,2570,3,23.81,0.0,0.106,-0.265,normal
1778050785.060846,beam,86.03,2569,3,36.9,0.0,0.267,-0.226,racing
1778050868.3915367,beam,86.2,3874,2,100.0,0.0,1.259,-1.092,racing
1778050860.6809237,beam,50.89,2413,2,100.0,0.0,1.172,0.557,racing
1778050230.902199,beam,70.78,1968,3,12.7,0.0,-0.241,0.38,normal
1778050654.7275434,beam,124.44,3548,3,54.69,0.0,-0.061,-0.771,racing
1778050914.1083486,beam,122.1,5281,2,100.0,0.0,0.815,1.556,racing
1778050663.3901277,beam,107.53,3150,3,55.47,0.0,0.365,0.004,racing
1778050124.1450722,beam,90.85,2604,3,28.57,0.0,0.057,-0.426,normal
1778050649.296729,beam,116.26,3355,3,55.86,0.0,0.872,-0.307,racing
1778050864.539879,beam,67.0,3184,2,100.0,0.0,1.448,-0.854,racing
1778050284.661096,beam,55.52,1698,3,16.67,0.0,-0.123,-1.79,normal
1778050602.0572436,beam,81.38,2718,3,70.31,0.0,0.106,6.645,racing
1778050253.0671637,beam,51.06,1499,3,12.7,0.0,-0.4,-0.724,normal
1778050175.2195566,beam,83.77,2274,3,9.52,0.0,-0.509,0.114,normal
1778050832.8019006,beam,95.18,2973,3,80.86,0.0,0.635,0.044,racing
1778049858.8811717,beam,88.44,2559,3,29.76,0.0,0.113,-0.15,normal
1778050042.5856087,beam,51.71,1711,3,19.44,0.0,-0.475,6.484,normal
1778050175.0038042,beam,84.17,2282,3,8.73,0.0,-0.466,0.342,normal
1778049853.9973366,beam,86.18,2522,3,31.35,0.0,0.172,0.441,normal
1778050969.4972048,beam,72.8,2536,3,92.58,0.0,0.868,1.757,racing
1778050882.301443,beam,87.87,2699,3,57.03,0.0,0.109,6.585,racing
1778050060.1300862,beam,54.62,2220,3,44.05,0.0,0.818,-0.513,normal
1778050009.9476717,beam,87.22,2539,3,30.55,0.0,0.096,0.056,normal
1778050084.388921,beam,81.95,2378,3,26.19,0.0,0.104,0.168,normal
1778050537.9925914,beam,147.32,4114,3,57.42,0.0,0.006,0.839,racing
1778050134.2084422,beam,92.49,2644,3,28.57,0.0,0.058,0.539,normal
1778050499.316694,beam,63.6,3066,2,86.72,0.0,0.901,2.492,racing
1778050625.0092878,beam,50.2,1912,3,52.34,0.0,0.566,2.461,racing
1778050668.4379416,beam,116.06,3410,3,76.56,0.0,0.445,-0.292,racing
1778050002.047201,beam,86.94,2547,3,32.14,0.0,0.063,-1.169,normal
1778049926.850526,beam,77.49,2288,3,26.19,0.0,-0.028,0.166,normal
1778049837.4990015,beam,74.54,2320,3,34.13,0.0,0.264,-0.274,normal
1778050278.6554074,beam,56.66,1700,3,15.87,0.0,-0.227,0.776,normal
1778050528.2129698,beam,136.44,3904,3,100.0,0.0,0.441,0.621,racing
1778050048.3302126,beam,42.47,1681,3,21.43,0.0,-0.115,1.748,normal
1778050498.1517727,beam,61.1,2922,2,60.55,0.0,0.447,-2.739,racing
1778050958.6516528,beam,81.89,2108,3,0.0,0.0,-0.783,0.511,racing
1778049900.5003643,beam,60.5,1833,3,18.65,0.0,0.269,3.686,normal
1778050960.4996507,beam,74.25,1870,3,0.0,0.0,-0.852,-1.934,racing
1778050034.4044783,beam,73.71,1860,3,0.0,3.57,-1.204,-2.538,normal
1778049998.536566,beam,80.85,2410,3,31.74,0.0,0.701,2.799,normal
1778050239.5663931,beam,65.5,1858,3,14.29,0.0,-0.094,-0.347,normal
1778050125.3310418,beam,91.05,2612,3,28.57,0.0,0.074,0.324,normal
1778050534.77456,beam,144.16,4081,3,90.23,0.0,0.273,-1.546,racing
1778050970.8986166,beam,77.45,2686,2,100.0,0.0,0.649,-1.493,racing
1778050722.8079913,beam,127.99,3660,3,64.06,0.0,0.359,0.457,racing
1778049824.1109283,beam,53.43,2056,3,34.13,0.0,0.787,0.72,normal
1778051000.5289948,beam,63.76,2516,3,100.0,0.0,0.959,-0.92,racing
1778049987.2032964,beam,52.39,1892,3,26.59,0.0,0.287,1.369,normal
1778050061.7169108,beam,59.13,2261,3,44.44,0.0,0.71,0.093,normal
1778050769.749266,beam,90.68,2723,3,43.65,0.0,0.205,-0.62,racing
1778049823.0202875,beam,50.91,2034,3,34.13,0.0,0.503,-1.764,normal
1778049846.863111,beam,81.78,2428,3,31.35,0.0,0.213,1.205,normal
1778050933.805885,beam,94.4,2697,3,29.76,0.0,0.0,-0.678,racing
1778050968.5000737,beam,73.69,1860,3,0.0,0.0,-0.994,-5.426,racing
1778049880.1949148,beam,94.16,2695,3,30.16,0.0,0.039,-0.395,normal
1778050558.1011438,beam,66.64,1780,3,8.33,0.0,-0.571,0.894,racing
1778050719.5448291,beam,124.07,5283,3,60.55,0.0,0.391,4.992,racing
1778050955.5334184,beam,100.09,2636,3,0.0,0.0,-0.826,1.566,racing
1778050731.969908,beam,131.94,3707,3,48.41,0.0,0.073,-0.146,racing
1778049942.4501476,beam,79.11,2303,3,25.0,0.0,-0.017,-0.695,normal
1778050088.9222298,beam,82.33,2383,3,26.19,0.0,-0.011,-1.65,normal
1778050128.064763,beam,91.54,2622,3,28.57,0.0,0.028,0.074,normal
1778050205.1562064,beam,58.58,1877,3,22.62,0.0,0.19,-0.444,normal
1778049848.462344,beam,82.86,2450,3,31.35,0.0,0.178,-0.538,normal
1778050097.2814586,beam,84.98,2477,3,29.76,0.0,0.139,0.423,normal
1778050299.309368,beam,60.69,1903,3,22.62,0.0,0.136,0.904,normal
1778050972.6490405,beam,84.39,3804,2,98.83,0.0,1.495,1.407,racing
1778050556.650679,beam,73.96,1858,3,0.0,0.0,-0.794,1.76,racing
1778050057.046114,beam,47.04,1966,3,31.74,0.0,0.725,2.582,normal
1778050298.983708,beam,60.58,1892,3,21.83,0.0,0.092,0.058,normal
1778049862.3491368,beam,89.56,2584,3,29.76,0.0,0.132,0.758,normal
1778049989.2524178,beam,54.4,1937,3,27.78,0.0,0.242,-1.235,normal
1778049926.5307522,beam,77.49,2286,3,26.59,0.0,0.09,1.792,normal
1778049888.0105376,beam,91.36,2386,3,0.0,0.0,-0.83,0.394,normal
1778049812.8163726,beam,3.08,1460,1,28.97,0.0,2.169,7.406,normal
1778049822.795111,beam,50.43,2022,3,34.13,0.0,0.529,-2.449,normal
1778050610.2352028,beam,35.14,1419,2,0.0,100.0,-6.249,55.999,racing
1778050900.479597,beam,92.82,2427,3,0.0,0.0,-0.594,6.488,racing
1778050150.7752588,beam,62.99,1895,3,19.84,3.57,0.425,4.382,normal
1778050303.5400283,beam,62.9,2025,3,26.98,0.0,0.213,-0.628,normal
1778050237.0067976,beam,66.84,1888,3,14.29,0.0,-0.187,-0.519,normal
1778050135.7800596,beam,92.71,2655,3,29.36,0.0,0.02,-0.603,normal
1778049815.3336332,beam,24.3,2224,2,32.54,0.0,1.351,-5.668,normal
1778050133.1279154,beam,92.37,2640,3,28.57,0.0,0.105,1.128,normal
1778051009.980188,beam,104.53,4580,2,98.44,0.0,1.126,1.731,racing
1778050223.2780695,beam,75.49,1911,3,0.0,0.0,-0.606,3.082,normal
1778050615.3267467,beam,79.22,3609,2,100.0,0.0,1.935,2.824,racing
1778050308.1375775,beam,56.28,776,3,0.0,10.32,-1.732,1.26,normal
1778049870.965943,beam,91.93,2642,3,30.16,0.0,0.08,0.018,normal
1778050102.6357176,beam,86.56,2509,3,28.97,0.0,0.084,-0.162,normal
1778050308.3504076,beam,55.71,771,3,0.0,0.0,-0.606,2.528,normal
1778050124.034081,beam,90.83,2603,3,28.57,0.0,0.104,1.062,normal
1778050927.5416424,beam,98.28,2579,3,0.0,0.0,-0.958,0.767,racing
1778050044.3698676,beam,47.94,1677,3,19.84,0.0,-0.738,-2.817,normal
1778050986.92582,beam,95.25,2993,3,100.0,0.0,0.715,2.421,racing
1778050996.1286302,beam,65.54,1648,3,0.0,0.0,-0.748,8.389,racing
1778050226.9180567,beam,72.34,2005,3,12.7,0.0,-0.241,-3.047,normal
1778050881.554923,beam,89.31,2335,3,6.75,0.0,-1.708,-1.073,racing
1778050977.4329412,beam,104.28,4501,2,45.63,0.0,0.281,-0.261,racing
1778050126.0993133,beam,91.19,2613,3,28.97,0.0,0.082,0.533,normal
1778050674.4900882,beam,102.79,3041,3,54.69,0.0,0.448,0.952,racing
1778050662.6142657,beam,106.6,3117,3,52.74,0.0,0.477,0.13,racing
1778050809.6848714,beam,124.44,5376,2,100.0,0.0,0.693,-0.193,racing
1778050880.8206522,beam,96.81,2587,3,0.0,5.56,-1.071,-14.663,racing
1778050500.496685,beam,67.34,3201,2,99.22,0.0,0.958,-1.465,racing
1778050883.03723,beam,87.39,2750,3,55.47,0.0,0.102,4.282,racing
1778050000.9511137,beam,85.95,2523,3,32.14,0.0,0.514,1.68,normal
1778050814.843753,beam,111.08,2941,3,0.0,0.0,-0.362,3.809,racing
1778050844.1642327,beam,107.43,3998,3,0.0,0.0,0.137,-2.09,racing
1778050905.4464626,beam,93.69,4092,2,52.34,0.0,0.647,0.085,racing
1778050899.279638,beam,97.53,2632,3,0.0,0.0,-0.645,-1.507,racing
1778050223.9243696,beam,74.23,1868,3,0.0,0.0,-0.589,-0.111,normal
1778050584.9759042,beam,91.8,2861,3,63.28,0.0,0.389,-2.339,racing
1778049877.5923283,beam,93.6,2682,3,30.16,0.0,0.064,0.004,normal
1778050850.5301237,beam,128.26,3717,3,100.0,0.0,0.335,-1.323,racing
1778050915.0842004,beam,124.46,5378,2,100.0,0.0,0.55,-0.851,racing
1778050759.7683449,beam,115.56,3358,3,54.3,0.0,0.368,-0.904,racing
1778050654.1671271,beam,124.49,3548,3,54.69,0.0,0.033,1.378,racing
1778049925.6784844,beam,77.34,2288,3,26.98,0.0,0.132,0.473,normal
1778051001.3267004,beam,65.74,3097,2,100.0,0.0,1.484,6.299,racing
1778050808.369147,beam,121.17,5244,2,100.0,0.0,0.76,-0.027,racing
1778050496.1845276,beam,55.8,4608,1,100.0,0.0,1.558,-0.166,racing
1778050742.4076412,beam,129.28,3640,3,47.62,0.0,0.069,-0.129,racing
1778050703.9351509,beam,82.2,3721,2,100.0,5.95,0.595,-1.218,racing
1778049843.8324823,beam,79.73,2384,3,31.35,0.0,0.471,3.681,normal
1778050022.5577595,beam,87.31,2509,3,26.98,0.0,0.027,0.333,normal
1778051017.090484,beam,123.6,3281,3,0.0,46.43,-6.828,4.328,racing
1778050214.8953817,beam,68.09,2043,3,23.02,0.0,0.446,-0.656,normal
1778050054.770002,beam,42.86,1719,3,23.81,0.0,0.372,-0.036,normal
1778050690.4025035,beam,31.07,2410,1,0.0,18.65,-2.697,2.632,racing
1778050885.0350287,beam,84.59,2741,3,64.45,0.0,-0.476,-3.776,racing
1778049879.4441493,beam,94.0,2691,3,30.16,0.0,0.04,-0.42,normal
1778050992.2993116,beam,81.75,2750,3,100.0,0.0,0.84,0.392,racing
1778050705.6114194,beam,86.56,3886,2,100.0,6.75,0.555,0.907,racing
1778049876.829537,beam,93.41,2677,3,30.16,0.0,0.097,0.53,normal
1778050679.3901477,beam,72.31,1850,3,0.0,15.48,-3.375,9.341,racing
1778050842.34757,beam,111.62,4679,2,0.0,0.0,-1.896,-17.499,racing
1778050958.763524,beam,81.55,2098,3,0.0,0.0,-0.847,-0.57,racing
1778050828.017881,beam,82.34,2671,3,61.33,0.0,0.625,-1.022,racing
1778050143.5112257,beam,73.43,1848,3,0.0,1.59,-0.774,3.489,normal
1778050599.4464767,beam,75.28,2888,3,57.42,0.0,0.331,0.652,racing
1778050260.9961915,beam,52.97,1589,3,14.29,0.0,0.386,-0.784,normal
1778050239.9009228,beam,65.36,1855,3,14.29,0.0,-0.164,-1.049,normal
1778050680.0416267,beam,69.98,1736,3,0.0,0.0,-0.793,4.285,racing
1778050940.0069404,beam,99.8,3420,3,64.06,0.0,0.181,-0.972,racing
1778049978.114205,beam,62.18,1691,3,7.54,0.0,-0.583,0.589,normal
1778050091.9372406,beam,83.11,2411,3,26.98,0.0,0.315,2.201,normal
1778050292.074246,beam,57.84,1844,3,21.43,0.0,0.158,-0.151,normal
1778050064.5806477,beam,66.34,2326,3,42.46,0.0,0.649,0.165,normal
1778051005.7629874,beam,88.11,3943,2,100.0,0.0,1.468,-1.415,racing
1778050509.7848046,beam,105.91,4632,2,100.0,0.0,0.953,-0.908,racing
1778050697.038044,beam,51.42,4281,1,100.0,4.76,1.578,-1.455,racing
1778050574.8994832,beam,107.08,3215,3,78.91,0.0,0.608,0.116,racing
1778050675.4775257,beam,104.07,3076,3,55.47,0.0,0.402,-0.873,racing
1778050742.0765138,beam,129.19,3637,3,47.62,0.0,0.117,0.501,racing
1778050780.7285695,beam,97.53,2563,3,0.0,0.0,-0.863,0.612,racing
1778050812.6517365,beam,131.29,3505,3,0.0,10.32,-0.772,0.482,racing
1778050600.0807488,beam,76.96,2644,3,71.88,0.0,0.749,-0.624,racing
1778050851.86432,beam,129.76,3750,3,100.0,0.0,0.461,2.667,racing
1778050619.0576973,beam,96.56,3106,3,60.55,0.0,0.891,1.764,racing
1778050945.2901878,beam,95.12,2497,3,0.0,2.78,-1.158,-3.051,racing
1778050141.0939229,beam,80.8,2076,3,0.0,0.0,-0.762,1.382,normal
1778051022.7403226,beam,34.03,773,2,0.0,0.0,-0.59,-5.926,racing
1778049974.9569476,beam,66.66,1829,3,9.92,0.0,-0.361,-0.612,normal
1778050605.388675,beam,87.49,3741,2,100.0,0.0,0.282,1.281,racing
1778050948.2878268,beam,92.84,2928,3,80.86,3.57,0.391,0.121,racing
1778049854.8975737,beam,86.67,2533,3,31.35,0.0,0.101,-0.758,normal
1778050607.271556,beam,95.89,4244,2,100.0,0.0,1.102,-0.857,racing
1778049956.6466968,beam,88.7,2515,3,23.81,0.0,0.134,-1.811,normal
1778050862.3382895,beam,55.12,2816,2,100.0,0.0,1.705,0.157,racing
1778051021.2893915,beam,35.82,773,2,0.0,0.0,-0.03,4.551,racing
1778050951.7524407,beam,100.15,3068,3,78.12,0.79,0.513,-1.283,racing
1778050894.5459142,beam,102.92,4515,2,100.0,0.0,1.161,0.434,racing
1778050996.581041,beam,64.28,1519,3,0.0,0.0,-0.807,-0.796,racing
1778050050.1653285,beam,41.42,1673,3,21.43,0.0,-0.048,0.395,normal
1778050625.221071,beam,50.86,2209,3,69.14,0.0,0.952,1.703,racing
1778050202.5997772,beam,57.34,1857,3,22.62,0.0,0.464,-5.361,normal
1778050604.7134762,beam,86.96,2837,3,100.0,0.0,0.859,1.163,racing
1778049979.340788,beam,59.53,1622,3,7.54,0.0,-0.644,-0.979,normal
1778050603.1790416,beam,83.91,2425,3,17.06,0.0,0.074,-1.069,racing
1778050523.3412004,beam,128.12,3707,3,100.0,0.0,0.5,-0.629,racing
1778050954.9823818,beam,101.88,2685,3,0.0,0.0,-0.895,-1.164,racing
1778050635.1040747,beam,92.38,2828,3,54.69,0.0,0.48,-0.538,racing
1778050525.5278215,beam,132.04,3801,3,100.0,0.0,0.445,-0.2,racing
1778050822.4580731,beam,68.58,2340,3,43.25,0.0,0.765,-0.14,racing
1778050652.498815,beam,123.68,3534,3,55.47,0.0,0.119,-1.726,racing
1778050533.0892265,beam,142.06,4031,3,90.23,0.0,0.246,-1.451,racing
1778050692.0081215,beam,28.34,2371,2,100.0,17.46,0.022,2.179,racing
1778050572.0306723,beam,100.59,3058,3,69.53,0.0,0.544,-1.001,racing
1778050890.2300055,beam,86.6,3896,2,100.0,0.0,0.904,-1.48,racing
1778049893.634439,beam,60.33,1183,3,0.0,0.0,-0.54,0.688,normal
1778050651.27362,beam,121.81,3487,3,55.47,0.0,0.522,-1.118,racing
1778050974.6962872,beam,93.87,4164,2,98.83,0.0,1.276,-0.583,racing
1778050211.7593012,beam,62.84,1994,3,25.4,0.0,0.133,-1.77,normal
1778050566.4474986,beam,93.8,4159,2,81.25,0.0,0.927,0.36,racing
1778049874.893785,beam,92.96,2666,3,30.16,0.0,0.052,-0.643,normal
1778050270.3788948,beam,67.16,1887,3,13.49,0.0,0.141,0.216,normal
1778050989.383876,beam,83.59,3489,2,0.0,0.0,-1.382,-1.781,racing
1778050786.0109503,beam,86.95,2585,3,36.51,0.0,0.245,-0.424,racing
1778049934.6860566,beam,77.07,2261,3,25.0,0.0,-0.073,-0.17,normal
1778050022.9911604,beam,87.29,2509,3,26.98,0.0,-0.016,-0.109,normal
1778050492.350699,beam,26.49,2647,1,89.06,0.0,2.722,-0.282,racing
1778050528.7718563,beam,137.32,3925,3,100.0,0.0,0.434,-0.132,racing
1778050727.9428935,beam,130.51,3677,3,49.6,0.0,0.032,-1.661,racing
1778050704.498382,beam,83.81,3783,2,100.0,0.0,1.228,0.735,racing
1778050877.1569252,beam,117.5,5099,2,100.0,0.0,0.581,-0.283,racing
1778050214.5559115,beam,67.47,2031,3,23.02,0.0,0.534,-0.443,normal
1778050511.0032182,beam,110.03,4796,2,100.0,0.0,0.979,1.187,racing
1778050924.222702,beam,134.95,3820,3,32.54,0.0,0.305,-0.187,racing
1778049959.655981,beam,89.63,2536,3,23.81,0.0,0.259,3.078,normal
1778050313.9717753,beam,41.55,770,3,0.0,9.52,-0.504,3.08,normal
1778049995.4048295,beam,71.53,2238,3,31.74,0.0,0.862,-2.355,normal
1778050940.8006458,beam,101.51,3058,3,63.67,0.0,0.464,-1.201,racing
1778050987.6739163,beam,95.11,4127,2,80.86,0.0,0.273,3.746,racing
1778050989.6110988,beam,83.1,3292,3,8.33,0.0,-0.215,6.72,racing
1778049884.448418,beam,95.01,2715,3,30.16,0.0,0.039,-0.237,normal
1778050736.452385,beam,127.34,3591,3,47.62,0.0,0.126,-0.216,racing
1778049997.3467777,beam,77.67,2343,3,31.74,0.0,1.153,3.593,normal
1778049903.851616,beam,62.93,2025,3,26.98,0.0,0.296,-0.218,normal
1778050257.2021675,beam,49.11,1526,3,14.29,0.0,0.145,0.265,normal
1778050912.560295,beam,117.96,5115,2,100.0,0.0,0.87,0.938,racing
1778050871.3631492,beam,98.49,4343,2,100.0,0.0,1.137,0.816,racing
1778050314.20448,beam,39.89,770,2,0.0,19.44,-2.351,-6.341,normal
1778049902.949173,beam,61.95,2001,3,26.98,0.0,0.235,-1.304,normal
1778049982.6762657,beam,53.91,1632,3,15.08,0.0,-0.445,-1.379,normal
1778050253.3998322,beam,50.7,1510,3,12.7,0.0,-0.302,-0.045,normal
1778049907.2000356,beam,66.6,2080,3,26.98,0.0,0.281,-0.284,normal
1778050745.653087,beam,87.62,2290,3,0.0,21.03,-3.006,10.167,racing
1778050053.586131,beam,41.96,1676,3,21.43,0.0,0.237,0.695,normal
1778050740.2085452,beam,128.45,3621,3,47.62,0.0,0.051,0.021,racing
1778049987.90196,beam,53.0,1872,3,25.4,0.0,0.297,0.396,normal
1778050056.3885708,beam,45.56,1965,3,32.14,0.0,0.596,1.085,normal
1778050657.8975306,beam,104.17,2746,3,0.0,0.0,-1.029,-4.847,racing
1778050953.299327,beam,103.54,3140,3,78.91,0.0,0.548,-1.161,racing
1778051007.1772733,beam,94.48,4187,2,100.0,0.0,1.241,-0.001,racing
1778050994.893751,beam,75.12,3142,2,0.0,39.28,-4.486,4.919,racing
1778050981.159231,beam,110.75,3279,3,71.09,0.0,0.533,-0.073,racing
1778050300.1926672,beam,61.05,1906,3,21.83,0.0,0.061,-0.769,normal
1778050992.955716,beam,83.45,2781,2,100.0,0.0,0.458,-2.55,racing
1778050901.5993102,beam,88.26,2296,3,0.0,0.0,-0.851,-0.111,racing
1778050620.040094,beam,92.12,2423,3,0.0,30.55,-3.713,-0.684,racing
1778051022.9760616,beam,33.74,769,2,0.0,0.0,-0.39,-0.814,racing
1778050495.547496,beam,51.83,4325,1,100.0,0.0,1.639,-1.006,racing
1778050690.3024054,beam,32.04,2498,1,0.0,17.46,-2.96,-6.307,racing
1778050962.0805454,beam,75.0,2571,3,60.94,0.0,0.775,-0.001,racing
1778050708.7111268,beam,96.07,4247,2,100.0,2.78,0.773,-0.492,racing
1778050522.8816962,beam,127.28,3688,3,100.0,0.0,0.478,-0.421,racing
1778050758.7815294,beam,113.88,3343,3,68.36,0.0,0.576,1.004,racing
1778049856.9125395,beam,87.68,2540,3,30.16,0.0,0.083,-0.179,normal
1778049878.9153392,beam,93.86,2688,3,30.16,0.0,0.09,0.715,normal
1778050051.8693955,beam,41.32,1672,3,21.43,0.0,0.02,-0.691,normal
1778050026.512057,beam,87.76,2519,3,26.98,0.0,0.259,1.746,normal
1778050495.336254,beam,50.55,4219,1,100.0,0.0,2.139,2.022,racing
1778049968.6050851,beam,86.9,2258,3,0.0,0.0,-0.815,-0.251,normal
1778050665.440142,beam,110.62,3273,3,71.88,0.0,0.559,0.379,racing
1778050760.2192514,beam,115.99,3327,3,50.78,0.0,0.29,0.132,racing
1778050135.8910472,beam,92.72,2655,3,29.36,0.0,0.026,0.053,normal
1778050586.3955305,beam,94.51,2925,3,62.11,0.0,0.315,-1.057,racing
1778050286.308467,beam,56.02,1775,3,19.44,0.0,0.186,0.346,normal
1778050847.4139524,beam,120.7,3536,3,100.0,0.0,1.124,1.439,racing
1778050614.256843,beam,72.32,3360,2,100.0,0.0,1.827,-0.376,racing
1778049967.1907065,beam,91.09,2522,3,8.73,0.0,-0.26,-0.904,normal
1778050816.2508175,beam,103.89,2754,3,0.0,50.39,-5.961,-6.73,racing
1778049877.9118133,beam,93.65,2683,3,30.16,0.0,0.022,-0.712,normal
1778050879.920416,beam,105.28,4411,2,0.0,46.43,-5.576,13.75,racing
1778050150.8924248,beam,62.93,1894,3,19.84,0.79,-0.129,-4.731,normal
1778049815.227463,beam,23.78,2193,1,32.54,0.0,1.952,-0.939,normal
1778050838.4154718,beam,104.73,3177,3,93.75,0.0,0.261,0.421,racing
1778050985.695363,beam,92.67,2879,3,67.19,0.0,0.58,0.241,racing
1778049840.781174,beam,77.47,2328,3,30.55,0.0,0.236,-0.603,normal
1778050286.828203,beam,56.19,1771,3,19.44,0.0,0.085,-1.466,normal
1778049839.0399024,beam,76.22,2324,3,32.14,0.0,0.313,-1.843,normal
1778050279.8774836,beam,55.88,1707,3,17.06,0.0,-0.144,-0.797,normal
1778049905.0788326,beam,64.31,2046,3,26.98,0.0,0.274,-0.897,normal
1778050944.9658089,beam,96.33,2537,3,0.0,36.11,-4.888,-9.169,racing
1778050507.3842616,beam,96.71,4274,2,100.0,0.0,1.091,-1.417,racing
1778049833.7308104,beam,69.88,2243,3,34.13,0.0,0.474,1.661,normal
1778049870.0813634,beam,91.67,2637,3,30.16,0.0,0.078,0.173,normal
1778049864.9644592,beam,90.08,2604,3,30.55,0.0,0.065,0.401,normal
1778050714.477801,beam,113.0,4915,2,100.0,2.38,0.738,-1.339,racing
1778049945.4814403,beam,79.32,2297,3,23.81,0.0,0.106,0.798,normal
1778050579.3626971,beam,114.8,3047,3,0.0,0.0,-0.97,1.094,racing
1778050830.9222784,beam,90.39,2883,3,80.86,0.0,0.687,-0.544,racing
1778049861.6815724,beam,89.37,2579,3,29.76,0.0,0.229,1.633,normal
1778050905.6830697,beam,94.35,4125,2,58.99,0.0,0.797,0.45,racing
1778049942.6746972,beam,79.03,2300,3,25.0,0.0,-0.077,0.263,normal
1778050620.4994514,beam,89.65,2344,3,0.0,17.86,-1.323,-6.691,racing
1778050191.3816168,beam,50.84,1326,3,3.97,0.0,-0.428,0.087,normal
1778050267.9340525,beam,65.06,1845,3,14.29,0.0,0.444,1.11,normal
1778051022.0585022,beam,34.63,770,2,0.0,0.0,-0.452,2.019,racing
1778050779.429469,beam,99.7,2908,3,42.86,0.0,0.298,0.445,racing
1778050804.9936645,beam,111.59,4861,2,100.0,0.0,0.877,0.46,racing
1778050022.6593866,beam,87.29,2509,3,26.98,0.0,-0.04,-0.658,normal
1778050891.533717,beam,90.76,4054,2,100.0,0.0,0.885,-0.502,racing
1778050614.5844204,beam,74.42,3434,2,100.0,0.0,2.02,2.872,racing
1778050157.6874983,beam,55.67,768,3,0.0,19.05,-1.78,-12.859,normal
1778049906.1317334,beam,65.49,2065,3,26.98,0.0,0.263,-0.315,normal
1778049816.9680586,beam,31.36,2057,2,36.11,0.0,1.231,-0.175,normal
1778049915.2464817,beam,72.52,2189,3,26.98,0.0,0.119,0.484,normal
1778050951.185796,beam,98.86,3041,3,78.12,0.0,0.595,-0.814,racing
1778050200.2302856,beam,55.01,1828,3,22.62,0.0,0.254,0.323,normal
1778050828.7626765,beam,84.46,2781,3,82.03,0.0,0.791,0.005,racing
1778050235.8537326,beam,67.59,1897,3,13.49,0.0,-0.189,-0.724,normal
1778050799.722567,beam,92.2,4106,2,100.0,0.0,1.163,0.781,racing
1778050066.562384,beam,70.68,2384,3,44.05,0.0,0.693,0.337,normal
1778050733.6229258,beam,129.61,3453,3,0.0,0.0,-1.013,2.23,racing
1778050211.3295598,beam,62.45,1981,3,25.4,0.0,0.162,-0.624,normal
1778050936.623734,beam,96.29,2926,3,58.59,0.0,0.565,0.86,racing
1778050055.2955384,beam,43.53,1787,3,26.19,0.0,0.474,0.495,normal
1778049948.95687,beam,79.73,2315,3,23.81,0.0,-0.069,-1.039,normal
1778049961.8963876,beam,90.78,2566,3,23.81,0.0,0.122,0.147,normal
1778050100.0193796,beam,85.76,2480,3,27.78,0.0,0.062,-0.409,normal
1778049835.698279,beam,72.38,2283,3,34.13,0.0,0.319,0.43,normal
1778049921.4489758,beam,75.81,2254,3,26.98,0.0,0.296,1.967,normal
1778050635.8771586,beam,93.72,2861,3,55.08,0.0,0.468,-0.341,racing
1778050032.088681,beam,78.37,2158,3,12.7,0.0,-0.377,-1.39,normal
1778050266.9496374,beam,63.65,1812,3,14.29,0.0,0.424,0.01,normal
1778050902.1675107,beam,86.53,2246,3,0.0,0.0,-0.815,-0.149,racing
1778050127.9487555,beam,91.53,2623,3,28.57,0.0,0.019,-0.327,normal
1778050249.5985582,beam,55.51,1644,3,14.29,0.0,-0.477,0.007,normal
1778050547.821217,beam,148.73,4150,3,58.99,0.0,0.031,0.075,racing
1778050302.8584106,beam,62.36,2012,3,26.98,0.0,0.25,0.563,normal
1778050965.5670023,beam,84.74,3543,2,0.0,0.0,-1.296,3.284,racing
1778050271.1972818,beam,67.29,1900,3,14.29,0.0,0.043,-0.103,normal
1778049885.7001665,beam,95.24,2721,3,30.16,0.0,0.033,-0.441,normal
1778050726.2888808,beam,129.8,3660,3,49.6,0.0,0.018,-0.697,racing
1778050983.66242,beam,108.5,2871,3,0.0,0.0,-0.946,0.813,racing
1778050795.7732117,beam,74.1,3405,2,100.0,0.0,1.514,9.32,racing
1778049969.4269598,beam,84.4,2184,3,0.0,0.0,-0.847,-0.454,normal
1778050238.630941,beam,65.87,1867,3,14.29,0.0,-0.202,-0.17,normal
1778049837.0486476,beam,74.04,2312,3,34.13,0.0,0.308,0.426,normal
1778050058.517601,beam,50.42,1989,3,31.74,0.0,0.535,-0.688,normal
1778050634.771922,beam,91.79,2811,3,53.52,0.0,0.451,-0.637,racing
1778050501.0507524,beam,69.32,3268,2,100.0,0.0,1.135,2.182,racing
1778050570.7973845,beam,98.0,3002,3,67.58,0.0,0.363,-2.017,racing
1778051002.2476072,beam,70.72,3308,2,100.0,0.0,1.546,0.347,racing
1778050888.4968023,beam,81.86,3733,2,100.0,0.0,0.406,-3.621,racing
1778050293.2903392,beam,58.32,1848,3,21.43,0.0,0.075,-0.917,normal
1778050154.819638,beam,61.06,1465,3,0.0,0.0,-0.628,1.014,normal
1778050822.2472315,beam,67.99,2325,3,42.86,0.0,0.878,1.729,racing
1778049834.8094606,beam,71.28,2265,3,34.13,0.0,0.354,-0.378,normal
1778050087.5263412,beam,82.09,2373,3,25.4,0.0,-0.096,-0.968,normal
1778050623.4245808,beam,56.89,1323,3,0.0,50.0,-5.066,-13.644,racing
1778050739.2556863,beam,128.23,3611,3,46.83,0.0,0.047,-1.403,racing
1778050642.5669498,beam,99.56,2982,3,55.86,0.0,0.22,-0.012,racing
1778050211.9968324,beam,63.21,1991,3,24.21,0.0,0.457,0.579,normal
1778050679.6170368,beam,71.63,1798,3,0.0,0.0,-1.013,-3.168,racing
1778050630.7469838,beam,77.24,3542,2,100.0,0.0,1.458,0.281,racing
1778050968.833207,beam,72.62,1823,3,0.0,0.0,-0.948,-0.98,racing
1778050923.569883,beam,134.18,3820,3,69.14,0.0,0.246,-0.427,racing
1778050718.794932,beam,124.38,5373,2,82.81,0.0,0.591,-0.566,racing
1778049955.7423384,beam,87.56,2485,3,23.81,0.0,0.498,1.871,normal
1778050688.7660725,beam,30.24,2836,1,100.0,0.0,2.261,-0.707,racing
1778050077.540364,beam,80.11,2342,3,26.59,0.0,0.125,-0.073,normal
1778050814.2073731,beam,112.38,2976,3,0.0,0.0,-0.634,-1.831,racing
1778049848.783482,beam,83.06,2454,3,31.35,0.0,0.207,0.053,normal
1778050302.2919638,beam,61.95,1966,3,25.4,0.0,0.197,0.243,normal
1778050624.206671,beam,50.46,778,3,0.0,0.0,-0.444,0.594,racing
1778050741.9712193,beam,129.15,3637,3,47.62,0.0,0.064,-0.261,racing
1778050010.3805735,beam,87.39,2542,3,30.55,0.0,0.092,0.011,normal
1778050083.7289307,beam,81.79,2375,3,26.19,0.0,0.109,1.521,normal
1778050724.3453567,beam,129.06,3632,3,46.83,0.0,0.154,0.364,racing
1778050778.259843,beam,98.49,2888,3,43.65,0.0,0.31,0.064,racing
1778050035.4176762,beam,69.03,1699,3,0.0,0.0,-1.017,-0.576,normal
1778050804.7693205,beam,110.91,4831,2,100.0,0.0,0.899,0.469,racing
1778050805.3231854,beam,112.65,4902,2,100.0,0.0,0.783,-0.636,racing
1778050932.0572069,beam,94.77,2639,3,20.63,0.0,-0.255,-0.737,racing
1778049945.9297168,beam,79.31,2299,3,24.21,0.0,-0.044,-1.307,normal
1778050548.0235124,beam,148.68,4149,3,58.59,0.0,-0.047,0.503,racing
1778049822.479955,beam,49.73,2016,3,33.33,0.0,0.575,-2.152,normal
1778050261.1170762,beam,53.16,1592,3,14.29,0.0,0.445,0.487,normal
1778051008.0537057,beam,97.73,4320,2,99.22,0.0,0.546,-0.395,racing
1778050645.2810884,beam,103.38,3059,3,55.47,0.0,0.745,1.799,racing
1778050813.1665242,beam,122.44,3267,3,0.0,47.22,-5.064,-4.518,racing
1778050718.578467,beam,123.9,5355,2,100.0,0.79,0.626,-0.789,racing
1778050807.9285157,beam,119.92,5195,2,100.0,0.0,0.763,0.658,racing
1778050264.580364,beam,59.59,1720,3,14.29,0.0,0.546,-0.025,normal
1778050868.6209445,beam,87.25,3914,2,100.0,0.0,1.265,-0.063,racing
1778050944.851421,beam,98.34,2605,3,0.0,39.28,-3.839,-26.032,racing
1778050116.5029142,beam,90.37,2597,3,28.97,0.0,0.074,-0.214,normal
1778049922.7614174,beam,76.34,2261,3,26.59,0.0,0.153,2.017,normal
1778050190.8507562,beam,51.61,1343,3,3.97,0.0,-0.387,0.407,normal
1778050612.3377905,beam,62.47,2493,3,92.19,0.0,1.47,-0.174,racing
1778050895.4152484,beam,105.99,4637,2,100.0,0.0,0.877,-0.716,racing
1778050259.994516,beam,51.49,1563,3,14.29,0.0,0.349,-0.318,normal
1778050610.343681,beam,33.22,1302,2,0.0,92.58,-4.914,12.303,racing
1778049850.168164,beam,83.95,2473,3,31.35,0.0,0.124,-0.543,normal
1778050545.1565568,beam,148.74,4151,3,58.59,0.0,-0.015,-1.243,racing
1778050666.2124107,beam,112.06,3317,3,75.39,0.0,0.562,0.797,racing
1778050293.7220166,beam,58.52,1851,3,21.43,0.0,0.183,0.253,normal
1778050894.0181327,beam,100.85,4435,2,100.0,0.0,1.142,0.443,racing
1778050217.079655,beam,72.26,2127,3,23.02,0.0,0.569,2.29,normal
1778050658.7733157,beam,103.09,2974,3,44.44,0.0,0.076,0.003,racing
1778050783.9631202,beam,84.97,2555,3,36.51,0.0,0.33,0.476,racing
1778050152.638579,beam,62.13,1860,3,18.65,3.57,-0.4,-6.845,normal
1778050757.5505376,beam,111.6,3293,3,67.19,0.0,0.534,-0.586,racing
1778049944.1347318,beam,79.24,2305,3,25.0,0.0,0.05,0.621,normal
1778049873.579531,beam,92.61,2659,3,30.16,0.0,0.02,-0.45,normal
1778050976.561631,beam,101.64,4465,2,100.0,0.0,1.096,0.3,racing
1778050113.8363657,beam,89.85,2581,3,28.57,0.0,0.071,0.335,normal
1778050244.3530777,beam,62.71,1796,3,14.29,0.0,-0.478,-3.416,normal
1778050550.619461,beam,148.64,4148,3,58.2,0.0,0.025,0.513,racing
1778050229.694742,beam,71.5,1979,3,12.7,0.0,-0.26,-1.035,normal
1778050521.6798744,beam,128.64,3428,3,0.0,0.0,-1.067,0.715,racing
1778050292.193179,beam,57.91,1843,3,21.43,0.0,0.154,-0.039,normal
1778050555.419861,beam,89.93,2372,3,0.0,78.52,-7.642,-30.774,racing
1778050763.615835,beam,119.47,3357,3,36.9,0.0,-0.011,-1.11,racing
1778050883.4701865,beam,86.81,2729,3,53.13,0.0,-0.577,-4.508,racing
1778049892.9974024,beam,61.87,1407,3,0.0,0.0,-0.567,3.955,normal
1778049831.6933277,beam,66.97,2201,3,34.13,0.0,0.385,-0.655,normal
1778049933.4636486,beam,77.05,2233,3,23.02,0.0,-0.089,-0.753,normal
1778051004.872344,beam,83.99,3790,2,100.0,0.0,1.497,2.435,racing
1778050569.599304,beam,96.09,2746,3,42.06,0.0,-0.177,4.06,racing
1778050627.051571,beam,57.26,2783,2,100.0,0.0,1.26,7.928,racing
1778049850.061447,beam,83.9,2472,3,31.35,0.0,0.182,0.218,normal
1778049867.9952135,beam,91.06,2623,3,30.16,0.0,0.037,-0.674,normal
1778049997.6805537,beam,78.59,2363,3,31.74,0.0,0.77,2.588,normal
1778050155.2700732,beam,60.17,1305,3,0.0,0.0,-0.524,0.509,normal
1778050629.973286,beam,73.19,3397,2,100.0,0.0,1.306,-1.66,racing
1778050679.7233202,beam,71.22,1783,3,0.0,0.0,-1.065,-0.494,racing
1778050283.4026494,beam,55.48,1694,3,16.67,0.0,0.235,3.1,normal
1778050515.0161805,beam,121.71,5266,2,100.0,0.0,0.771,0.211,racing
1778050266.0173142,beam,62.11,1777,3,14.29,0.0,0.436,-0.214,normal
1778050528.3291025,beam,136.63,3909,3,100.0,0.0,0.445,0.039,racing
1778049820.8451684,beam,46.33,2281,2,34.13,0.0,0.949,0.965,normal
1778049956.7535253,beam,88.64,2514,3,23.81,0.0,-0.145,-2.618,normal
1778050510.3346338,beam,107.83,4709,2,100.0,0.0,0.959,0.007,racing
1778050818.6639488,beam,80.09,2068,3,0.0,30.55,-3.081,-23.241,racing
1778050759.2327716,beam,114.69,3361,3,68.36,0.0,0.576,1.315,racing
1778049989.144682,beam,54.31,1934,3,27.78,0.0,0.376,0.106,normal
1778050862.4464295,beam,55.76,2834,2,100.0,0.0,1.641,-0.591,racing
1778049902.7288082,beam,61.7,1985,3,26.59,0.0,0.29,-0.002,normal
1778050139.8760967,beam,84.39,2182,3,0.0,0.0,-0.778,0.338,normal
1778049976.443818,beam,65.13,1779,3,8.73,0.0,-0.373,0.428,normal
1778050179.3354862,beam,75.63,1953,3,1.59,0.0,-0.55,3.839,normal
1778050914.7480576,beam,123.67,5345,2,100.0,0.0,0.692,0.356,racing
1778050003.1340315,beam,87.34,2553,3,31.74,0.0,0.087,0.326,normal
1778050641.2360294,beam,98.78,2965,3,55.47,0.0,0.111,0.121,racing
1778050114.6469462,beam,90.02,2589,3,28.97,0.0,0.066,0.186,normal
1778050559.7317946,beam,69.83,2515,3,65.24,0.0,0.883,0.829,racing
1778050280.0920484,beam,55.81,1709,3,17.06,0.0,-0.054,0.691,normal
1778049993.0663257,beam,64.01,2121,3,31.74,0.0,0.956,0.124,normal
1778050710.2465122,beam,100.22,4408,2,100.0,4.37,0.737,-0.181,racing
1778050015.2427351,beam,87.45,2511,3,28.17,0.0,0.076,0.075,normal
1778051014.6601138,beam,124.1,5361,2,98.83,0.0,1.1,0.068,racing
1778050527.6734178,beam,135.62,3884,3,100.0,0.0,0.397,-1.244,racing
1778050938.0572782,beam,98.21,4154,2,100.0,0.0,0.048,1.105,racing
1778051000.3096542,beam,62.96,2507,3,100.0,0.0,1.223,1.29,racing
1778050312.5541928,beam,48.4,773,3,0.0,14.29,-1.364,-0.694,normal
1778050553.3681664,beam,144.84,3867,3,0.0,0.0,-1.288,-2.578,racing
1778050319.515277,beam,0.03,746,1,0.0,28.17,0.007,0.099,normal
1778050112.6038067,beam,89.55,2581,3,29.36,0.0,0.139,0.644,normal
1778050579.9130037,beam,112.94,2995,3,0.0,0.0,-1.061,-0.476,racing
1778050005.0641718,beam,87.07,2544,3,31.35,0.0,-0.145,-1.055,normal
1778050843.7094684,beam,107.88,4514,2,0.0,0.0,-0.513,2.688,racing
1778050501.5008628,beam,70.97,3324,2,100.0,0.0,1.279,1.277,racing
1778050120.9437337,beam,90.45,2591,3,27.78,0.0,0.052,0.322,normal
1778050856.9802268,beam,58.23,770,3,0.0,94.92,-5.168,0.362,racing
1778050274.6561835,beam,60.64,1722,3,13.49,0.0,-0.369,-1.462,normal
1778050842.810593,beam,110.31,4619,2,0.0,0.0,-0.948,-3.465,racing
1778050520.3784478,beam,133.31,4841,3,50.78,0.0,0.217,0.846,racing
1778049889.5326288,beam,86.16,2235,3,0.0,0.0,-0.824,-0.287,normal
1778050008.9422376,beam,86.75,2535,3,31.35,0.0,0.074,-0.355,normal
1778050829.2843812,beam,85.92,2807,3,82.03,0.0,0.684,-0.244,racing
1778050863.7867453,beam,63.0,3051,2,100.0,0.0,1.592,-1.601,racing
1778050790.7565043,beam,75.38,1929,3,0.0,5.95,-2.339,4.793,racing
1778050990.1430564,beam,82.43,2296,3,15.08,0.0,-0.408,-0.871,racing
1778050057.2501118,beam,47.7,1969,3,31.74,0.0,0.969,1.233,normal
1778050121.6978135,beam,90.53,2591,3,27.78,0.0,0.01,-0.331,normal
1778050623.0901806,beam,60.9,1477,3,0.0,14.68,-3.267,11.396,racing
1778050851.0976405,beam,128.97,3733,3,100.0,0.0,0.332,-0.704,racing
1778050006.3980863,beam,86.56,2533,3,31.35,0.0,-0.057,0.303,normal
1778050976.663022,beam,102.02,4480,2,100.0,0.0,1.029,-0.655,racing
1778050491.9155478,beam,22.03,2484,1,86.33,0.0,3.179,0.151,racing
1778050768.6622272,beam,90.06,2607,3,30.55,0.0,-0.015,-1.225,racing
1778050929.6596937,beam,99.45,2927,3,46.43,0.0,0.337,0.065,racing
1778050183.183176,beam,66.31,1718,3,2.78,0.0,-0.683,-0.88,normal
1778050612.5810616,beam,63.75,2512,3,94.14,0.0,1.418,-0.763,racing
1778049936.0975423,beam,77.47,2267,3,25.0,0.0,-0.012,-1.251,normal
1778050886.8013742,beam,82.4,2746,3,75.39,0.0,-0.303,-4.117,racing
1778050627.6076827,beam,60.45,2969,2,100.0,0.0,1.522,0.674,racing
1778050568.1812234,beam,95.81,2733,3,32.94,0.0,-0.093,1.892,racing
1778050610.0098789,beam,42.76,1821,2,0.0,100.0,-15.609,125.998,racing
1778050575.3279204,beam,108.06,3237,3,79.3,0.0,0.618,-0.513,racing
1778050995.2260444,beam,71.74,2983,2,0.0,0.79,-2.024,5.785,racing
1778050721.0571342,beam,125.85,3603,3,61.72,0.0,0.33,0.323,racing
1778049984.1413095,beam,52.15,1653,3,19.44,0.0,-0.277,0.553,normal
1778049830.7771747,beam,65.58,2182,3,34.13,0.0,0.478,0.446,normal
1778050943.0005767,beam,103.89,2871,3,19.84,0.0,-0.226,0.672,racing
1778050687.1890974,beam,21.58,774,1,3.17,0.0,-1.267,-1.446,racing
1778049816.1998188,beam,27.64,1989,2,33.73,0.0,1.109,-1.514,normal
1778050283.743349,beam,55.47,1694,3,16.67,0.0,-0.135,-1.32,normal
1778050840.6515083,beam,108.13,4720,2,100.0,0.0,0.735,-0.669,racing
1778050252.1967554,beam,52.04,1578,3,14.29,0.0,-0.364,-0.144,normal
1778050676.923049,beam,106.4,3138,3,57.81,0.0,0.779,3.595,racing
1778050603.8442976,beam,84.55,2750,3,89.45,0.0,0.747,-0.179,racing
1778051009.2882571,beam,102.03,4480,2,98.44,0.0,1.075,1.009,racing
1778050157.237765,beam,56.86,768,3,0.0,0.0,-0.459,-1.357,normal
1778050281.7766893,beam,55.4,1703,3,17.06,0.0,-0.115,-1.673,normal
1778050944.3993237,beam,101.09,2662,3,0.0,0.0,-0.695,1.306,racing
1778050308.4552746,beam,55.58,769,3,0.0,0.0,-0.363,2.31,normal
1778050761.74629,beam,117.72,3388,3,55.08,0.0,0.301,-0.823,racing
1778050574.234271,beam,105.63,3185,3,78.91,0.0,0.534,-0.737,racing
1778050936.736271,beam,96.5,2931,3,58.99,0.0,0.511,-0.485,racing
1778050696.2701783,beam,46.5,3916,1,100.0,4.37,1.878,-5.328,racing
1778050975.2761328,beam,96.44,4263,2,100.0,0.0,1.212,-0.637,racing
1778050856.6474466,beam,64.48,780,3,0.0,100.0,-5.605,2.639,racing
1778050890.000885,beam,85.79,3865,2,100.0,0.0,0.909,-0.716,racing
1778050309.6642334,beam,53.38,768,3,0.0,0.0,-0.492,-0.26,normal
1778050692.9009478,beam,30.06,2388,1,100.0,8.73,0.465,-3.251,racing
1778050156.809379,beam,57.44,771,3,0.0,0.0,-0.593,-3.301,normal
1778050968.7269423,beam,72.98,1834,3,0.0,0.0,-0.843,0.543,racing
1778050131.7955809,beam,92.15,2638,3,28.97,0.0,0.04,-0.311,normal
1778049870.182089,beam,91.7,2637,3,30.16,0.0,0.078,-0.003,normal
1778049863.665195,beam,89.7,2566,3,27.78,0.0,0.024,0.042,normal
1778050125.7780094,beam,91.12,2611,3,28.57,0.0,0.03,-0.044,normal
1778050577.1311524,beam,111.86,3320,3,79.3,0.0,0.558,0.636,racing
1778050140.327669,beam,83.06,2143,3,0.0,0.0,-0.836,0.55,normal
1778049819.0600595,beam,40.3,2154,2,34.52,0.0,1.013,0.315,normal
1778050861.3385575,beam,49.29,2628,2,100.0,0.0,1.715,7.941,racing
1778050148.6420102,beam,63.04,1877,3,18.65,0.0,-0.309,0.551,normal
1778050158.9560912,beam,36.51,765,2,0.0,53.13,-5.476,-3.461,normal
1778050883.7012763,beam,86.63,2713,3,51.56,0.0,-0.061,2.762,racing
1778049850.5964537,beam,84.25,2479,3,31.35,0.0,0.206,0.19,normal
1778050758.0042217,beam,112.43,3308,3,66.8,0.0,0.485,-0.533,racing
1778050193.4998257,beam,49.6,1583,3,17.06,0.0,0.141,0.939,normal
1778050953.7472756,beam,104.56,3161,3,78.91,0.0,0.606,-0.361,racing
1778050280.192454,beam,55.75,1709,3,17.06,0.0,-0.151,-0.959,normal
1778050042.1573052,beam,52.77,1715,3,18.65,0.0,-0.664,-3.57,normal
1778050629.291324,beam,69.6,3272,2,100.0,0.0,1.52,0.04,racing
1778050175.4512763,beam,83.45,2268,3,9.52,0.0,-0.319,1.284,normal
1778050768.562099,beam,90.06,2617,3,30.55,0.0,0.108,0.263,racing
1778050517.797987,beam,128.41,5537,2,100.0,0.0,0.581,-1.259,racing
1778050813.0557718,beam,124.45,3321,3,0.0,47.22,-4.564,-2.881,racing
1778050965.1314368,beam,85.28,3826,2,78.12,0.0,0.99,-1.743,racing
1778050921.412281,beam,131.62,3757,3,68.36,0.0,0.379,0.414,racing
1778049863.5495625,beam,89.69,2564,3,26.98,0.0,0.019,0.116,normal
1778050081.0876002,beam,81.22,2362,3,26.19,0.0,0.046,-0.018,normal
1778050788.4305851,beam,88.75,2511,3,21.43,0.0,-0.085,-1.061,racing
1778050019.2981453,beam,87.34,2510,3,26.98,0.0,-0.014,-0.156,normal
1778050531.8131654,beam,140.4,3991,3,89.06,0.0,0.294,-0.955,racing
1778050566.2301848,beam,93.09,4132,2,81.25,0.0,0.986,-1.263,racing
1778050098.6864915,beam,85.41,2472,3,27.78,0.0,0.112,0.826,normal
1778050048.213103,beam,42.51,1681,3,21.43,0.0,-0.319,-1.446,normal
1778049906.78044,beam,66.18,2076,3,26.98,0.0,0.306,0.144,normal
1778050695.0818307,beam,38.65,3367,1,100.0,8.73,1.856,3.862,racing
1778049847.2830622,beam,82.07,2434,3,31.35,0.0,0.159,-0.861,normal
1778050695.7164176,beam,42.78,3653,1,100.0,4.76,1.674,-1.929,racing
1778050840.7607365,beam,108.4,4731,2,100.0,0.0,0.696,-0.351,racing
1778050319.881422,beam,0.01,750,1,0.0,27.78,-0.013,-0.003,normal
1778050088.1724784,beam,82.19,2376,3,25.4,0.0,-0.009,-0.493,normal
1778050197.3307867,beam,52.52,1769,3,21.43,0.0,0.241,-0.121,normal
1778050999.4442492,beam,59.68,2309,3,68.75,0.0,0.755,-0.574,racing
1778050960.1807878,beam,75.16,1898,3,0.0,0.0,-0.707,0.821,racing
1778050648.4178865,beam,113.3,3281,3,55.08,0.0,1.08,1.07,racing
1778050198.212971,beam,53.3,1788,3,21.83,0.0,0.198,-0.722,normal
1778050957.8814096,beam,84.22,2177,3,0.0,0.0,-0.589,21.632,racing
1778050499.8519964,beam,65.15,3123,2,88.28,0.0,0.707,-2.335,racing
1778050553.6859603,beam,137.93,3674,3,0.0,53.91,-5.595,25.048,racing
1778050491.800017,beam,20.71,2448,1,84.77,0.0,3.161,1.645,racing
1778050003.6838882,beam,87.4,2554,3,31.74,0.0,0.003,0.35,normal
1778050152.5249162,beam,62.3,1861,3,18.65,0.0,0.378,4.237,normal
1778049929.098409,beam,77.67,2287,3,26.19,0.0,-0.021,-0.226,normal
1778050534.458315,beam,143.75,4072,3,90.23,0.0,0.369,0.948,racing
1778050542.3897734,beam,148.12,4137,3,58.59,0.0,-0.078,-1.311,racing
1778049949.0654,beam,79.73,2301,3,21.43,0.0,0.006,0.691,normal
1778050897.4023242,beam,106.96,4489,2,0.0,44.05,-5.369,-34.26,racing
1778050149.7069707,beam,62.83,1873,3,18.65,0.0,-0.104,1.679,normal
1778050643.5843203,beam,100.53,2999,3,55.47,0.0,0.227,-1.312,racing
1778050205.7067797,beam,58.96,1882,3,22.62,0.0,0.268,1.019,normal
1778050209.278478,beam,61.16,1925,3,22.62,0.0,0.16,-0.625,normal
1778050280.5131369,beam,55.66,1708,3,17.06,0.0,-0.075,0.284,normal
1778050127.0800357,beam,91.37,2622,3,28.97,0.0,0.107,0.253,normal
1778050588.8105156,beam,95.29,2533,3,0.0,0.0,-1.296,-8.552,racing
1778050796.6949437,beam,78.63,3593,2,100.0,0.0,1.437,0.799,racing
1778050704.0510612,beam,82.33,3729,2,100.0,11.51,0.301,-2.54,racing
1778050683.7390242,beam,44.38,770,3,0.0,0.0,-1.225,-3.455,racing
1778050509.9014676,beam,106.31,4649,2,100.0,0.0,0.957,0.036,racing
1778049819.9436922,beam,43.39,2214,2,34.52,0.0,0.966,0.601,normal
1778050072.974424,beam,78.53,2308,3,26.59,0.0,0.115,0.114,normal
1778050567.0982769,beam,95.9,4245,3,81.25,0.0,0.508,-4.644,racing
1778050946.082759,beam,92.04,2697,3,42.86,7.54,-0.734,-1.161,racing
1778050273.2158122,beam,63.06,1409,3,0.0,0.0,-0.619,0.486,normal
1778050847.7595134,beam,121.95,3565,3,100.0,0.0,0.987,-1.024,racing
1778050218.9943368,beam,75.58,2199,3,23.02,0.0,0.274,-2.526,normal
1778050759.6667974,beam,115.43,3372,3,63.28,0.0,0.46,-0.762,racing
1778050298.5428343,beam,60.43,1889,3,21.83,0.0,0.074,-0.017,normal
1778050601.7412868,beam,81.36,2726,3,77.73,0.0,1.093,1.437,racing
1778050979.4278927,beam,107.54,3172,3,60.55,0.0,0.59,1.693,racing
1778050316.0840118,beam,25.71,770,2,0.0,24.21,-2.73,-0.079,normal
1778050730.8781836,beam,131.57,3699,3,48.41,0.0,0.097,0.347,racing
1778050045.8009186,beam,45.41,1683,3,21.43,0.0,-0.434,-1.442,normal
1778049977.322163,beam,63.73,1740,3,8.33,0.0,-0.505,0.721,normal
1778050147.5393572,beam,64.09,1897,3,18.65,2.78,-0.287,-2.069,normal
1778050643.2337594,beam,100.15,2993,3,55.47,0.0,0.225,-1.377,racing
1778050731.439548,beam,131.77,3703,3,48.41,0.0,0.105,0.078,racing
1778049824.88409,beam,55.04,2070,3,34.13,0.0,0.551,-1.647,normal
1778051015.07185,beam,125.69,5426,2,98.83,0.0,1.048,-0.27,racing
1778050587.0766203,beam,95.36,2941,3,64.45,0.0,0.325,0.05,racing
1778050026.8268075,beam,88.0,2525,3,26.98,0.0,0.023,-2.07,normal
1778050268.5895677,beam,65.87,1865,3,13.49,0.0,0.249,-0.735,normal
1778050883.2656145,beam,87.07,2739,3,54.3,0.0,-0.289,1.718,racing
1778050200.3438165,beam,55.12,1828,3,22.62,0.0,0.254,0.005,normal
1778049945.1317854,beam,79.29,2293,3,23.81,0.0,0.035,0.233,normal
1778050289.524517,beam,57.22,1831,3,21.43,0.0,-0.016,-0.686,normal
1778050545.4707074,beam,148.76,4150,3,58.59,0.0,0.093,0.884,racing
1778050862.2299452,beam,54.45,2798,2,100.0,0.0,1.688,-0.02,racing
1778050496.6039555,beam,57.36,4705,1,60.94,0.0,0.458,-1.709,racing
1778049862.4498162,beam,89.59,2585,3,29.76,0.0,0.086,-0.451,normal
1778050705.3962047,beam,86.17,3871,2,100.0,9.52,0.292,-6.175,racing
1778049861.0133867,beam,89.14,2575,3,29.76,0.0,0.212,2.285,normal
1778050288.0524,beam,56.57,1810,3,21.43,0.0,0.146,0.397,normal
1778050126.647621,beam,91.28,2618,3,28.97,0.0,0.054,-0.076,normal
1778050677.940427,beam,98.43,2609,3,0.0,52.34,-6.778,-3.781,racing
1778049853.3346698,beam,85.83,2514,3,31.35,0.0,0.19,0.172,normal
1778050043.9313667,beam,48.85,1680,3,19.44,0.0,-0.621,-2.694,normal
1778050259.562852,beam,50.9,1553,3,14.29,0.0,0.243,-0.292,normal
1778049831.3471904,beam,66.46,2194,3,34.13,0.0,0.424,-0.508,normal
1778049992.3999994,beam,61.91,2095,3,31.74,0.0,0.711,-0.968,normal
1778049826.380838,beam,58.03,2097,3,34.13,0.0,0.547,-0.359,normal
1778050939.790873,beam,99.61,3948,3,63.67,0.0,0.49,2.103,racing
1778050553.0227842,beam,146.25,3907,3,0.0,0.0,-1.098,-0.193,racing
1778049962.42706,beam,91.05,2573,3,23.81,0.0,0.203,0.756,normal
1778050000.8493872,beam,85.76,2520,3,32.14,0.0,0.343,0.065,normal
1778050730.6706223,beam,131.51,3696,3,48.02,0.0,0.103,0.424,racing
1778049811.9462142,beam,0.14,734,1,0.0,0.0,2.461,155.848,normal
1778050846.2843535,beam,116.1,3430,3,100.0,0.0,1.247,1.21,racing
1778049821.5121458,beam,47.44,2114,3,33.73,0.0,0.311,-0.326,normal
1778050804.5440516,beam,110.2,4803,2,100.0,0.0,0.654,-6.886,racing
1778050055.195254,beam,43.35,1782,3,25.4,0.0,0.425,1.41,normal
1778050832.6999557,beam,94.95,2968,3,80.86,0.0,0.631,-0.993,racing
1778050974.929186,beam,94.92,4204,2,99.22,0.0,1.316,1.095,racing
1778050889.0357418,beam,82.78,3759,2,100.0,0.0,0.621,1.74,racing
1778050839.5187955,beam,105.2,4603,2,100.0,0.0,0.717,1.501,racing
1778050203.509022,beam,57.43,1860,3,22.62,0.0,0.134,-2.572,normal
1778050031.8534558,beam,78.62,2163,3,12.3,0.0,-0.355,0.374,normal
1778050579.8110735,beam,113.33,3006,3,0.0,0.0,-1.013,-1.243,racing
1778050511.680265,beam,112.17,4883,2,100.0,0.0,0.883,0.626,racing
1778050120.71531,beam,90.42,2592,3,27.78,0.0,0.013,-0.448,normal
1778050744.353763,beam,96.49,2541,3,0.0,33.33,-4.031,5.539,racing
1778050233.6901145,beam,68.83,1937,3,14.29,0.0,-0.163,-0.402,normal
1778050058.9491072,beam,51.33,1994,3,32.54,0.0,0.557,-0.634,normal
1778050184.312234,beam,63.75,1622,3,1.19,0.0,-0.696,-0.825,normal
1778049856.5636258,beam,87.53,2553,3,31.35,0.0,0.148,0.222,normal
1778050934.8015363,beam,94.53,2697,3,29.36,0.0,0.021,-0.365,racing
1778050045.4678528,beam,45.84,1677,3,21.43,0.0,-0.477,1.329,normal
1778050986.7093325,beam,94.79,2983,3,100.0,0.0,0.712,0.433,racing
1778049923.833471,beam,76.8,2271,3,26.59,0.0,0.116,-0.041,normal
1778049829.1262126,beam,62.92,2149,3,34.13,0.0,0.434,-0.327,normal
1778050295.7939684,beam,59.39,1881,3,21.83,0.0,0.092,-1.02,normal
1778049967.6020656,beam,89.88,2344,3,0.0,0.0,-0.812,-0.369,normal
1778049854.3344457,beam,86.37,2526,3,31.35,0.0,0.116,-0.443,normal
1778050132.8104272,beam,92.31,2639,3,28.57,0.0,0.045,0.042,normal
1778050882.083982,beam,88.06,2549,3,34.13,0.0,-0.479,1.538,racing
1778050932.174074,beam,94.68,2641,3,21.43,0.0,-0.222,0.281,racing
1778049951.7435584,beam,81.68,2347,3,23.81,0.0,0.188,-3.008,normal
1778050632.417875,beam,85.63,3854,2,100.0,0.0,1.31,-1.231,racing
1778050536.4567344,beam,146.08,4128,3,90.23,0.0,0.357,0.913,racing
1778049889.750209,beam,85.53,2216,3,0.0,0.0,-0.81,-0.119,normal
1778050594.7280734,beam,78.77,3593,2,100.0,0.0,1.551,0.756,racing
1778049867.6494677,beam,90.98,2620,3,30.16,0.0,0.139,0.912,normal
1778049927.5122554,beam,77.5,2284,3,26.19,0.0,-0.128,-1.527,normal
1778050677.3702106,beam,105.6,2791,3,0.0,0.0,-0.801,4.482,racing
1778050929.9905057,beam,99.86,2939,3,47.62,0.0,0.348,-0.557,racing
1778050993.4877002,beam,83.82,3706,2,99.22,0.0,0.818,5.967,racing
1778050016.4311094,beam,87.45,2512,3,26.98,0.0,-0.008,0.014,normal
1778050667.8913116,beam,115.12,3388,3,76.56,0.0,0.484,-0.697,racing
1778050254.7799437,beam,49.59,1514,3,13.49,0.0,-0.219,-0.24,normal
1778049976.5551522,beam,64.99,1776,3,8.73,0.0,-0.349,0.214,normal
1778050811.3576968,beam,129.33,5571,2,100.0,0.0,1.068,0.37,racing
1778050956.450677,beam,97.2,2553,3,0.0,0.0,-0.959,-1.502,racing
1778050849.8558087,beam,127.16,3692,3,100.0,0.0,0.457,1.742,racing
1778050840.9859483,beam,109.05,4756,2,100.0,0.0,0.841,0.624,racing
1778050924.976272,beam,122.59,3272,3,0.0,57.03,-6.28,-4.169,racing
1778049886.0449452,beam,95.31,2722,3,30.16,0.0,0.036,-0.585,normal
1778050711.0095787,beam,102.23,4485,2,100.0,2.78,0.849,0.905,racing
1778050797.463422,beam,82.31,3729,2,100.0,0.0,1.316,0.3,racing
1778050618.490484,beam,95.32,4181,2,62.11,0.0,0.86,0.403,racing
1778050626.2078743,beam,55.05,2440,3,100.0,0.0,1.272,-0.003,racing
1778050027.7177696,beam,87.73,2473,3,18.25,0.0,-0.104,0.356,normal
1778050267.3830564,beam,64.31,1827,3,14.29,0.0,0.436,-0.076,normal
1778050856.2161446,beam,73.51,1180,3,0.0,100.0,-6.234,26.66,racing
1778050079.5619009,beam,80.76,2356,3,26.59,0.0,0.162,1.189,normal
1778050255.1173146,beam,49.44,1510,3,13.49,0.0,-0.203,-1.003,normal
1778049823.1289947,beam,51.2,2038,3,34.13,0.0,0.731,2.103,normal
1778049916.2934215,beam,73.14,2200,3,26.98,0.0,0.165,-0.484,normal
1778050705.502021,beam,86.34,3878,2,100.0,10.32,0.456,1.549,racing
1778050141.6254013,beam,79.3,2031,3,0.0,0.0,-0.897,-0.902,normal
1778050609.2600837,beam,103.62,4356,2,0.0,0.0,-1.604,-24.051,racing
1778050944.073059,beam,102.06,2690,3,0.0,0.0,-0.872,0.407,racing
1778050044.0426545,beam,48.64,1678,3,19.44,0.0,-0.506,1.029,normal
1778050975.8988917,beam,99.02,4364,2,100.0,0.0,1.152,-0.29,racing
1778049823.7621565,beam,52.62,2050,3,34.13,0.0,0.65,-0.193,normal
1778050710.6816664,beam,101.31,4450,2,100.0,4.37,0.759,1.026,racing
1778049891.0797403,beam,78.03,2003,3,0.0,13.1,-1.535,4.615,normal
1778050297.8702278,beam,60.2,1885,3,21.83,0.0,0.123,0.85,normal
1778050724.6590948,beam,129.13,3635,3,47.62,0.0,-0.018,-1.156,racing
1778050927.1088164,beam,99.86,2628,3,0.0,0.0,-0.199,23.396,racing
1778050147.9759564,beam,63.55,1889,3,18.65,5.95,-0.499,0.569,normal
1778050309.7667873,beam,53.2,769,3,0.0,0.0,-0.496,-0.039,normal
1778049898.6130896,beam,60.05,1830,3,19.44,0.0,0.118,0.071,normal
1778050132.2652326,beam,92.22,2640,3,28.97,0.0,0.029,0.207,normal
1778050629.4002273,beam,70.17,3291,2,100.0,0.0,1.452,-0.624,racing
1778050859.159279,beam,45.14,1893,3,82.03,0.0,0.534,2.545,racing
1778050128.378741,beam,91.6,2623,3,28.57,0.0,0.078,0.585,normal
1778050931.8369884,beam,94.94,2627,3,19.44,0.0,-0.106,5.741,racing
1778050188.4502184,beam,55.19,1405,3,3.97,0.0,-0.369,1.814,normal
1778050738.0753367,beam,127.81,3601,3,46.83,0.0,0.089,0.597,racing
1778049839.4670231,beam,76.46,2334,3,32.14,0.0,0.139,0.528,normal
1778050766.1512089,beam,95.4,2522,3,0.0,50.0,-5.65,-5.279,racing
1778050783.2940853,beam,84.32,2406,3,31.35,0.0,0.114,7.056,racing
1778050903.753989,beam,89.58,2882,3,100.0,0.0,0.765,0.12,racing
1778050133.7636445,beam,92.43,2642,3,28.57,0.0,-0.034,-0.661,normal
1778050698.7803636,beam,61.51,5034,1,100.0,4.37,1.546,1.003,racing
1778050136.425685,beam,92.79,2648,3,26.59,0.0,-0.002,-0.371,normal
1778050088.6040766,beam,82.28,2377,3,25.4,0.0,0.109,0.756,normal
1778050916.6234865,beam,128.05,5524,2,100.0,0.0,0.627,0.151,racing
1778050202.397346,beam,56.8,1850,3,22.62,0.0,0.536,2.947,normal
1778049869.6448128,beam,91.54,2631,3,29.76,0.0,0.045,-0.612,normal
1778049946.6812997,beam,79.37,2302,3,25.0,0.0,0.048,0.137,normal
1778050210.0747783,beam,61.61,1934,3,23.81,0.0,0.143,-0.815,normal
1778050143.4071004,beam,73.72,1859,3,0.0,0.0,-1.138,-4.418,normal
1778050268.0344126,beam,65.17,1848,3,14.29,0.0,0.312,-1.314,normal
1778050791.7076037,beam,72.6,1820,3,0.0,0.0,-0.793,1.157,racing
1778050722.2582464,beam,127.28,3644,3,63.67,0.0,0.278,-0.688,racing
1778050881.7704422,beam,88.77,2519,3,22.62,0.0,-0.729,-0.621,racing
1778050832.911589,beam,95.46,2978,3,81.25,0.0,0.697,0.559,racing
1778050706.043655,beam,88.08,3943,2,100.0,4.37,0.847,-2.967,racing
1778050564.4151225,beam,85.83,3849,2,82.81,0.0,1.216,-0.9,racing
1778050034.0683684,beam,74.99,1894,3,0.0,0.0,-0.538,-0.802,normal
1778050030.7421885,beam,80.24,2182,3,9.52,0.0,-0.402,0.759,normal
1778050249.9354205,beam,55.04,1635,3,14.29,0.0,-0.335,1.265,normal
1778050308.8734765,beam,54.71,772,3,0.0,0.0,-0.524,0.432,normal
1778050953.6310632,beam,104.31,3156,3,78.91,0.0,0.648,0.442,racing
1778050662.0466745,beam,106.08,3091,3,50.0,0.0,0.319,0.498,racing
1778051016.6667333,beam,129.71,4607,3,0.0,0.0,-0.543,-3.119,racing
1778050002.1678495,beam,87.03,2547,3,31.74,0.0,0.221,1.311,normal
1778050128.276893,beam,91.58,2622,3,28.57,0.0,0.018,-0.627,normal
1778050649.8664234,beam,118.1,3396,3,55.47,0.0,0.827,0.121,racing
1778050300.083624,beam,61.03,1912,3,21.83,0.0,0.145,0.204,normal
1778050185.0867236,beam,61.96,1559,3,2.78,0.0,-0.709,-1.089,normal
1778050977.1270845,beam,103.76,4545,2,83.59,0.0,1.013,0.005,racing
1778050529.958547,beam,138.39,3886,3,55.08,0.0,0.023,-0.593,racing
1778050210.3134956,beam,61.78,1943,3,23.81,0.0,0.167,-0.391,normal
1778050072.5122004,beam,78.33,2304,3,26.98,0.0,0.1,0.069,normal
1778051020.4431736,beam,36.61,776,2,0.0,64.06,-6.098,52.189,racing
1778050899.9328208,beam,95.45,2503,3,0.0,0.0,-0.946,-1.053,racing
1778050865.1013546,beam,69.94,3282,2,100.0,0.0,1.468,-0.51,racing
1778049964.9104064,beam,91.76,2590,3,23.81,0.0,-0.048,-1.243,normal
1778050816.8079977,beam,92.32,2433,3,0.0,50.39,-6.348,-2.874,racing
1778050273.093438,beam,63.33,1433,3,0.0,0.0,-0.678,2.108,normal
1778050803.4263794,beam,106.51,4657,2,100.0,0.0,0.972,-1.232,racing
1778050087.2095363,beam,82.01,2372,3,25.4,0.0,-0.104,-1.265,normal
1778049925.4654446,beam,77.26,2287,3,26.98,0.0,0.025,-0.105,normal
1778049878.697947,beam,93.82,2687,3,30.16,0.0,0.049,-0.294,normal
1778050533.8287091,beam,143.0,4054,3,90.23,0.0,0.332,-0.656,racing
1778050255.33509,beam,49.32,1508,3,13.49,0.0,-0.118,0.509,normal
1778049840.11666,beam,76.98,2311,3,29.76,0.0,0.266,0.447,normal
1778050731.1076126,beam,131.65,3701,3,48.41,0.0,0.083,-0.425,racing
1778050793.0076852,beam,69.82,1904,3,8.73,0.0,-0.471,-0.619,racing
1778050872.3239987,beam,102.22,4488,2,100.0,0.0,1.13,0.663,racing
1778050701.05903,beam,72.36,4833,2,100.0,2.38,0.956,-7.107,racing
1778050735.3548765,beam,127.08,3561,3,42.06,0.0,-0.04,-0.429,racing
1778049866.8948128,beam,90.73,2615,3,30.16,0.0,0.081,0.069,normal
1778049959.2103286,beam,89.67,2539,3,23.81,0.0,0.081,-0.794,normal
1778050308.563825,beam,55.33,770,3,0.0,0.0,-0.641,-2.555,normal
1778050974.8123052,beam,94.36,4184,2,98.83,0.0,1.188,-0.754,racing
1778050802.1038094,beam,101.7,4469,2,100.0,0.0,1.107,-0.791,racing
1778050945.6189213,beam,93.49,2457,3,9.52,10.32,-1.347,-0.08,racing
1778050098.0517404,beam,85.22,2469,3,27.78,0.0,0.073,0.139,normal
1778050032.3280454,beam,78.08,2154,3,12.7,0.0,-0.255,1.377,normal
1778050937.176159,beam,97.47,3007,3,90.23,0.0,0.699,0.892,racing
1778051009.0582285,beam,101.18,4450,2,98.44,0.0,0.861,-0.022,racing
1778050155.4919195,beam,59.71,1217,3,0.0,0.0,-0.374,3.795,normal
1778050675.7082224,beam,104.38,3088,3,56.64,0.0,0.292,-1.384,racing
1778049920.5673506,beam,75.41,2240,3,26.59,0.0,0.171,-1.136,normal
1778050978.115023,beam,105.33,3731,3,58.2,0.0,0.289,-0.182,racing
1778050566.5482333,beam,94.14,4172,2,81.25,0.0,0.944,0.172,racing
1778049940.3180366,beam,78.63,2296,3,25.4,0.0,0.077,-0.126,normal
1778049872.1492884,beam,92.24,2650,3,30.16,0.0,0.045,-0.575,normal
1778049893.1991637,beam,61.35,1348,3,0.0,0.0,-0.676,0.738,normal
1778050530.839533,beam,139.22,3939,3,68.75,0.0,0.285,0.376,racing
1778050200.880079,beam,55.54,1836,3,22.62,0.0,0.236,0.091,normal
1778050043.5884068,beam,49.56,1687,3,19.44,0.0,-0.746,2.102,normal
1778050105.5830672,beam,87.6,2536,3,29.36,0.0,0.102,0.168,normal
1778050156.9216418,beam,57.34,769,3,0.0,0.0,-0.262,2.951,normal
1778050653.1577828,beam,124.17,3545,3,55.47,0.0,0.158,-1.072,racing
1778050793.993492,beam,69.66,2390,3,84.77,0.0,0.585,2.047,racing
1778050719.9816675,beam,124.42,3870,3,63.28,0.0,0.079,-0.305,racing
1778050680.6909895,beam,66.28,1634,3,0.0,32.54,-3.682,-23.369,racing
1778050892.6180184,beam,95.17,4216,2,100.0,0.0,1.17,0.684,racing
1778050786.447823,beam,87.38,2593,3,36.51,0.0,0.215,-1.237,racing
1778050301.9804392,beam,61.81,1926,3,22.62,0.0,0.154,0.186,normal
1778050963.8170838,beam,79.7,3629,2,94.92,0.0,1.138,-1.46,racing
1778049887.6820197,beam,92.36,2415,3,0.0,0.0,-0.861,0.31,normal
1778050891.9676,beam,92.46,4115,2,100.0,0.0,1.161,1.119,racing
1778049918.935455,beam,74.52,2223,3,26.59,0.0,0.113,0.561,normal
1778050864.9927042,beam,69.36,3262,2,100.0,0.0,1.524,1.287,racing
1778049820.6121132,beam,45.58,2265,2,34.52,0.0,0.927,1.09,normal
1778050155.1570656,beam,60.39,1345,3,0.0,0.0,-0.581,0.898,normal
1778050942.6697965,beam,104.19,2863,3,17.86,0.0,-0.42,-0.328,racing
1778050617.616113,beam,91.8,4085,2,99.22,0.0,1.297,0.949,racing
1778050900.151653,beam,94.75,2483,3,0.0,5.56,-0.921,-0.586,racing
1778050848.6161537,beam,124.68,3628,3,100.0,0.0,0.981,3.716,racing
1778050869.523034,beam,91.08,4058,2,100.0,0.0,1.332,1.612,racing
1778050775.743694,beam,95.51,2824,3,43.65,0.0,0.426,0.918,racing
1778050600.8798175,beam,78.85,2512,3,46.43,0.0,0.512,-0.117,racing
1778049860.581179,beam,88.94,2570,3,29.76,0.0,0.051,-0.518,normal
1778050234.158739,beam,68.59,1933,3,14.29,0.0,-0.133,-0.063,normal
1778050256.4264736,beam,49.03,1507,3,13.49,0.0,-0.028,1.029,normal
1778050081.611102,beam,81.32,2365,3,26.19,0.0,0.059,0.133,normal
1778049998.7514043,beam,81.47,2421,3,31.74,0.0,0.806,0.118,normal
1778049819.383685,beam,41.46,2182,2,35.32,0.0,1.003,-0.166,normal
1778049939.4122558,beam,78.38,2291,3,25.4,0.0,0.115,0.061,normal
1778049817.183592,beam,32.39,2068,2,37.3,0.0,1.349,0.396,normal
1778049926.6349862,beam,77.52,2287,3,26.59,0.0,0.057,-0.316,normal
1778050943.639233,beam,103.29,2852,3,17.86,0.0,-0.273,0.383,racing
1778050186.3789172,beam,59.22,1470,3,1.98,0.0,-0.558,-0.568,normal
1778050817.22412,beam,87.61,2277,3,0.0,0.0,-0.506,16.77,racing
1778050227.453051,beam,72.26,2008,3,13.49,0.0,-0.214,-4.261,normal
1778049972.6043923,beam,72.52,1813,3,0.0,0.0,-0.722,0.408,normal
1778051015.4897623,beam,127.17,5486,2,98.83,0.0,1.013,0.207,racing
1778050738.8082118,beam,128.05,3607,3,46.83,0.0,0.058,-0.727,racing
1778050753.4993355,beam,103.03,3122,3,75.39,0.0,0.42,-2.953,racing
1778049837.152279,beam,74.15,2318,3,34.13,0.0,0.299,-0.089,normal
1778049956.431833,beam,88.52,2509,3,23.81,0.0,0.473,0.457,normal
1778049816.4299672,beam,28.88,1995,2,34.13,0.0,1.395,-1.779,normal
1778051020.107445,beam,48.96,773,2,0.0,69.92,-7.299,-110.736,racing
1778050918.427037,beam,128.42,5394,2,0.0,0.0,-1.126,0.412,racing
1778050001.833665,beam,86.84,2545,3,32.14,0.0,0.228,1.337,normal
1778050926.344463,beam,107.8,2849,3,0.0,0.0,-0.609,11.614,racing
1778050591.1126273,beam,74.82,1897,3,0.0,0.0,-0.939,-1.632,racing
1778050640.000308,beam,98.35,2954,3,55.08,0.0,0.072,0.291,racing
1778050773.7481973,beam,93.27,2774,3,42.86,0.0,0.136,-0.795,racing
1778050072.7484276,beam,78.44,2306,3,26.59,0.0,0.119,-0.058,normal
1778049975.3070493,beam,66.32,1840,3,11.51,0.0,-0.259,0.186,normal
1778050821.243039,beam,65.54,1934,3,26.59,0.0,0.212,3.026,racing
1778049818.6175191,beam,38.64,2147,2,36.11,0.0,1.09,-0.402,normal
1778050142.078483,beam,77.99,1990,3,0.0,0.0,-0.794,0.112,normal
1778050622.2925682,beam,69.49,1704,3,0.0,0.0,-0.596,-0.228,racing
1778049855.914598,beam,87.2,2545,3,31.35,0.0,0.164,0.22,normal
1778049848.2503445,beam,82.7,2447,3,31.35,0.0,0.139,-0.514,normal
1778051017.8273008,beam,106.56,2816,3,0.0,71.88,-6.26,-4.764,racing
1778050959.1849246,beam,79.93,2059,3,0.0,19.44,-1.79,-9.442,racing
1778049829.92063,beam,64.23,2165,3,34.13,0.0,0.443,-0.391,normal
1778050493.3145692,beam,34.94,3122,1,100.0,0.0,2.535,1.42,racing
1778050813.9045267,beam,113.05,2994,3,0.0,0.0,-0.317,2.378,racing
1778050672.8789785,beam,100.7,2961,3,48.02,0.0,0.16,-1.69,racing
1778049957.9792285,beam,89.53,2536,3,23.81,0.0,0.137,-2.033,normal
1778050159.3872914,beam,28.93,771,2,0.0,46.03,-4.903,-1.338,normal
1778049994.1690965,beam,67.47,2170,3,31.74,0.0,0.899,0.224,normal
1778049894.184666,beam,59.11,1427,3,11.51,0.0,-0.727,-1.553,normal
1778050159.057284,beam,34.66,769,2,0.0,50.39,-5.08,3.907,normal
1778049889.0811117,beam,87.5,2273,3,0.0,0.0,-0.756,1.138,normal
1778050069.7452002,beam,76.99,2473,3,44.05,0.0,0.52,-0.56,normal
1778050910.5611074,beam,112.01,4877,2,100.0,0.0,0.948,1.692,racing
1778051014.040232,beam,121.63,5261,2,98.83,0.0,1.15,-0.442,racing
1778050921.728602,beam,132.01,3767,3,68.75,0.0,0.308,0.146,racing
1778050195.3636012,beam,50.75,1722,3,20.63,0.0,0.215,-0.178,normal
1778050106.255347,beam,87.86,2541,3,29.36,0.0,0.095,0.062,normal
1778050526.374949,beam,133.52,3835,3,100.0,0.0,0.452,-0.155,racing
1778050611.003073,beam,58.47,778,3,0.0,0.0,0.863,-57.89,racing
1778050772.0994008,beam,92.4,2752,3,42.86,0.0,0.283,0.693,racing
1778050691.7870831,beam,28.42,2362,2,92.19,23.41,-0.322,-4.981,racing
1778050883.1531937,beam,87.19,2746,3,54.69,0.0,-0.482,-5.037,racing
1778050513.8802786,beam,118.61,5144,2,100.0,0.0,0.7,-1.02,racing
1778049903.1767535,beam,62.22,2013,3,26.98,0.0,0.361,0.519,normal
1778050791.1725824,beam,74.2,1873,3,0.0,0.0,-0.782,0.705,racing
1778050502.0661857,beam,73.11,3399,2,100.0,0.0,1.106,0.611,racing
1778050506.202033,beam,91.57,4077,2,100.0,0.0,1.149,-0.663,racing
1778050098.5721092,beam,85.37,2473,3,27.78,0.0,0.017,-1.001,normal
1778050154.2693317,beam,61.63,1864,3,19.44,0.0,-0.013,0.817,normal
1778050068.547136,beam,74.68,2438,3,44.05,0.0,0.478,0.039,normal
1778050972.8653426,beam,85.4,3844,2,98.83,0.0,1.298,-0.047,racing
1778049942.2247422,beam,79.09,2302,3,25.0,0.0,-0.022,-0.64,normal
1778050661.928065,beam,105.95,3088,3,49.6,0.0,0.259,1.479,racing
1778050520.593311,beam,132.9,3820,3,0.0,0.0,-0.8,-4.889,racing
1778050131.3491657,beam,92.08,2637,3,28.97,0.0,0.092,0.761,normal
1778051010.0855858,beam,104.98,4596,2,98.44,0.0,1.174,0.458,racing
1778049859.2948654,beam,88.58,2562,3,29.76,0.0,0.033,-1.311,normal
1778050875.2576628,beam,112.54,4892,2,100.0,0.0,1.506,9.062,racing
1778050760.9808688,beam,116.83,3366,3,55.08,0.0,0.302,-0.035,racing
1778050932.8408763,beam,94.38,2650,3,25.0,0.0,-0.11,-0.132,racing
1778049823.3319936,beam,51.68,2042,3,34.13,0.0,0.59,-1.27,normal
1778050137.8781512,beam,90.37,2358,3,0.0,0.0,-0.805,0.448,normal
1778049993.844082,beam,66.45,2154,3,32.54,0.0,0.959,0.171,normal
1778049979.988876,beam,58.01,1607,3,9.52,0.0,-0.658,-0.504,normal
1778050273.3254187,beam,62.73,1385,3,0.0,0.0,-0.854,-2.141,normal
1778050192.430197,beam,49.57,1423,3,11.91,0.0,-0.167,-0.098,normal
1778050497.5859008,beam,59.97,3023,2,58.99,0.0,1.038,5.546,racing
1778050090.7404606,beam,82.72,2404,3,26.98,0.0,0.048,-1.355,normal
1778050226.5778248,beam,72.4,2007,3,12.7,0.0,-0.012,-0.701,normal
1778049835.3800342,beam,72.04,2276,3,34.13,0.0,0.394,0.095,normal
1778050510.1291158,beam,107.13,4681,2,100.0,0.0,0.968,-0.423,racing
1778050530.296251,beam,138.69,3927,3,68.36,0.0,0.32,0.288,racing
1778050969.165708,beam,72.02,2030,3,36.51,0.0,-0.15,4.28,racing
1778050524.6454103,beam,130.49,3763,3,100.0,0.0,0.576,1.567,racing
1778050181.3323708,beam,70.65,1848,3,3.17,0.0,-0.691,-0.964,normal
1778050842.7012303,beam,110.68,4636,2,0.0,0.0,-0.569,4.215,racing
1778049831.8102431,beam,67.14,2206,3,34.52,0.0,0.409,0.207,normal
1778050143.7262394,beam,72.69,1820,3,0.0,0.0,-0.936,0.325,normal
1778051024.5067322,beam,32.16,773,2,0.0,0.0,-0.509,0.887,racing
1778051016.4439964,beam,130.0,5505,3,26.98,0.0,0.377,-3.368,racing
1778050891.320823,beam,90.06,4028,2,100.0,0.0,0.948,1.318,racing
1778050762.0843072,beam,118.12,3396,3,54.3,0.0,0.358,0.795,racing
1778050159.7175968,beam,26.12,770,2,0.0,0.0,-0.727,12.079,normal
1778049819.6123097,beam,42.28,2194,2,35.32,0.0,1.002,-0.004,normal
1778049871.3935158,beam,92.03,2645,3,30.16,0.0,0.026,-0.378,normal
1778050238.097905,beam,66.22,1875,3,14.29,0.0,-0.162,0.01,normal
1778050764.9299483,beam,116.31,3103,3,0.0,19.05,-2.912,-17.437,racing
1778050209.5060096,beam,61.3,1920,3,23.81,0.0,0.212,0.512,normal
1778050993.9119911,beam,84.29,3526,2,0.0,0.0,-1.59,-14.304,racing
1778050812.0049293,beam,131.52,5576,3,94.92,0.0,0.846,-3.109,racing
1778050910.996634,beam,113.38,4932,2,100.0,0.0,0.839,-0.693,racing
1778049907.7308428,beam,67.12,2091,3,26.98,0.0,0.287,0.542,normal
1778049833.4003055,beam,69.4,2238,3,34.13,0.0,0.379,0.254,normal
1778051023.8601406,beam,32.77,773,2,0.0,0.0,0.022,-1.847,racing
1778050756.885071,beam,110.27,3279,3,75.39,0.0,0.541,-2.081,racing
1778050939.3672402,beam,98.86,4312,2,60.55,0.0,0.738,-0.194,racing
1778050875.0432808,beam,111.75,4866,2,100.0,0.0,0.903,0.133,racing
1778050961.8642387,beam,74.4,2553,3,60.55,0.0,0.792,0.59,racing
1778050586.6153836,beam,94.82,2922,3,62.11,0.0,0.206,-3.314,racing
1778050283.5091195,beam,55.52,1694,3,16.67,0.0,0.095,-1.315,normal
1778050070.8465226,beam,77.77,2237,3,22.62,0.0,0.03,0.276,normal
1778050934.0386112,beam,94.44,2698,3,29.76,0.0,0.028,-0.343,racing
1778050081.408886,beam,81.28,2363,3,26.19,0.0,0.028,-0.664,normal
1778050057.1499224,beam,47.35,1967,3,31.74,0.0,0.846,1.164,normal
1778050653.495808,beam,124.35,3548,3,55.08,0.0,0.137,0.655,racing
1778050136.741038,beam,92.68,2602,3,21.83,0.0,-0.158,-0.717,normal
1778050152.4081397,beam,62.14,1865,3,18.65,0.0,-0.117,-0.884,normal
1778050755.1370957,beam,106.68,3199,3,75.39,0.0,0.61,0.596,racing
1778050134.7414978,beam,92.58,2645,3,28.57,0.0,0.084,0.169,normal
1778049835.812083,beam,72.56,2285,3,34.13,0.0,0.433,0.998,normal
1778050573.3664265,beam,103.77,3145,3,78.91,0.0,0.63,-1.136,racing
1778050233.3421392,beam,69.0,1942,3,14.29,0.0,-0.18,0.234,normal
1778050131.015254,beam,92.03,2635,3,28.97,0.0,0.054,0.043,normal
1778049947.9146829,beam,79.55,2309,3,25.4,0.0,0.059,0.418,normal
1778050193.9306033,beam,49.77,1642,3,18.25,0.0,0.105,-0.547,normal
1778050592.9624307,beam,73.94,2633,3,100.0,0.0,0.894,-0.133,racing
1778050038.13575,beam,60.93,1720,3,11.91,0.0,-0.616,1.732,normal
1778050846.3915596,beam,116.57,3441,3,100.0,0.0,1.226,-0.205,racing
1778050242.3219397,beam,63.86,1820,3,14.29,0.0,-0.152,0.144,normal
1778049939.1835954,beam,78.28,2289,3,25.4,0.0,-0.075,-2.97,normal
1778050624.5398395,beam,50.11,771,3,0.0,0.0,-0.25,0.379,racing
1778049857.361155,beam,87.87,2547,3,30.16,0.0,0.111,-0.197,normal
1778050941.1353931,beam,102.23,3072,3,63.67,0.0,0.572,-0.157,racing
1778050905.3284483,beam,93.41,4091,2,51.56,0.0,0.637,-2.754,racing
1778049894.814361,beam,59.07,1788,3,18.65,0.0,0.477,7.576,normal
1778049963.674831,beam,91.56,2585,3,23.81,0.0,0.095,-0.643,normal
1778049883.363762,beam,94.8,2710,3,30.16,0.0,0.048,0.035,normal
1778049943.110597,beam,78.82,2301,3,25.0,0.0,-0.809,8.239,normal
1778050076.1637192,beam,79.69,2331,3,26.59,0.0,0.189,0.567,normal
1778050843.6008625,beam,108.08,4523,2,0.0,0.0,-0.805,0.88,racing
1778050503.9026031,beam,80.92,3677,2,100.0,0.0,1.275,0.145,racing
1778050599.1222816,beam,75.06,3127,3,11.91,0.0,-0.657,4.119,racing
1778049847.828343,beam,82.46,2441,3,31.35,0.0,0.21,0.041,normal
1778050197.548725,beam,52.71,1777,3,21.83,0.0,0.221,-0.168,normal
1778050570.580559,beam,97.63,2995,3,67.58,0.0,0.526,1.781,racing
1778050567.647415,beam,96.62,3001,3,29.76,0.0,0.835,6.975,racing
1778050038.7058852,beam,59.63,1717,3,15.87,0.0,-0.462,1.457,normal
1778050905.800289,beam,94.77,4164,2,72.27,0.0,1.005,1.778,racing
1778050824.548679,beam,73.72,2396,3,42.06,0.0,0.589,0.821,racing
1778050237.4376848,beam,66.61,1885,3,14.29,0.0,-0.148,0.361,normal
1778050313.118981,beam,44.22,771,3,0.0,18.65,-2.048,0.244,normal
1778049952.0775788,beam,82.23,2353,3,23.02,0.0,0.483,2.313,normal
1778050891.2127116,beam,89.69,4017,2,100.0,0.0,0.805,-0.801,racing
1778050237.5413463,beam,66.57,1883,3,14.29,0.0,-0.105,0.417,normal
1778050741.1861136,beam,128.87,3630,3,47.62,0.0,0.128,0.473,racing
1778050800.0579853,beam,93.53,4157,2,100.0,0.0,1.131,0.744,racing
1778049952.1954358,beam,82.37,2355,3,23.02,0.0,0.337,-1.237,normal
1778050107.0179908,beam,88.09,2545,3,28.97,0.0,0.087,-0.265,normal
1778050181.9863572,beam,69.11,1808,3,3.17,0.0,-0.704,-0.484,normal
1778049969.324874,beam,84.71,2193,3,0.0,0.0,-0.801,2.446,normal
1778050988.545134,beam,91.31,3836,2,0.0,31.74,-3.042,-17.979,racing
1778050663.6258087,beam,107.86,3168,3,58.2,0.0,0.411,0.351,racing
1778049818.043984,beam,36.29,2112,2,36.11,0.0,1.178,-0.629,normal
1778050633.9674933,beam,90.29,3073,3,51.56,0.0,0.273,-0.683,racing
1778050843.3857431,beam,108.74,4546,2,0.0,0.0,-0.528,2.371,racing
1778050496.083805,beam,55.23,4567,1,100.0,0.0,1.574,-1.662,racing
1778050014.464289,beam,87.6,2515,3,26.98,0.0,0.008,0.029,normal
1778050074.242982,beam,79.01,2322,3,26.98,0.0,0.107,0.142,normal
1778050862.787826,beam,57.63,2887,2,100.0,0.0,1.545,-0.2,racing
1778050531.4907908,beam,140.01,3983,3,91.41,0.0,0.433,0.632,racing
1778050003.3470936,beam,87.38,2554,3,31.74,0.0,0.02,-0.48,normal
1778050825.5546844,beam,76.27,2552,3,54.69,0.0,0.914,2.354,racing
1778050097.6176486,beam,85.08,2471,3,28.17,0.0,0.038,-1.044,normal
1778050183.5315795,beam,65.52,1695,3,2.78,0.0,-0.635,-0.203,normal
1778050114.8558805,beam,90.05,2588,3,28.57,0.0,0.044,-0.005,normal
1778049892.7936144,beam,62.43,1467,3,0.0,0.0,-0.602,10.98,normal
1778050607.5137134,beam,96.91,4282,2,100.0,0.0,1.204,0.616,racing
1778050811.138383,beam,128.5,5540,2,100.0,0.0,0.929,0.738,racing
1778049869.2120628,beam,91.43,2631,3,30.16,0.0,0.083,0.303,normal
1778050861.547844,beam,50.59,2691,2,100.0,0.0,1.622,-1.951,racing
1778050188.8820431,beam,54.42,1410,3,3.97,0.0,-0.401,1.167,normal
1778050517.1639118,beam,126.95,5479,2,100.0,0.0,0.623,-0.234,racing
1778050637.6359,beam,96.64,2922,3,55.86,0.0,0.408,0.31,racing
1778050084.4915056,beam,81.96,2377,3,25.4,0.0,0.028,-0.733,normal
1778049859.5103295,beam,88.66,2564,3,29.76,0.0,0.03,-1.306,normal
1778050064.9181466,beam,67.11,2343,3,44.05,0.0,0.663,0.758,normal
1778049845.6775312,beam,81.01,2411,3,31.35,0.0,0.166,-0.393,normal
1778050945.7371778,beam,92.93,2601,3,29.36,13.49,-1.317,0.255,racing
1778050533.306106,beam,142.36,4038,3,90.23,0.0,0.369,-0.118,racing
1778049855.799431,beam,87.13,2544,3,31.35,0.0,0.139,0.342,normal
1778050717.2477877,beam,120.51,5218,2,100.0,0.0,0.711,-0.346,racing
1778049908.1476586,beam,67.55,2098,3,26.98,0.0,0.309,0.032,normal
1778050150.2397158,beam,62.84,1907,3,20.63,1.59,-0.019,0.007,normal
1778050955.085679,beam,101.52,2676,3,0.0,0.0,-0.973,-0.753,racing
1778050089.7707272,beam,82.53,2394,3,26.59,0.0,0.236,2.012,normal
1778050286.087109,beam,55.88,1786,3,19.84,0.0,0.07,-0.481,normal
1778050529.311178,beam,138.01,3901,3,61.33,0.0,0.197,-0.974,racing
1778049843.5103464,beam,79.52,2379,3,31.35,0.0,0.428,1.483,normal
1778050582.7493038,beam,91.14,2380,3,0.0,0.0,-0.996,-0.45,racing
1778050811.2421477,beam,128.88,5554,2,100.0,0.0,1.025,0.92,racing
1778050965.7830153,beam,83.99,3537,2,7.54,0.0,-0.886,1.58,racing
1778049863.9819012,beam,89.75,2573,3,28.57,0.0,0.029,-0.585,normal
1778050670.72598,beam,113.87,3015,3,0.0,0.0,-0.007,6.824,racing
1778050938.9367898,beam,97.9,4103,2,3.17,0.0,-0.995,-0.031,racing
1778050668.3376155,beam,115.9,3406,3,76.56,0.0,0.474,-0.985,racing
1778050270.040263,beam,67.02,1883,3,13.49,0.0,0.162,-0.767,normal
1778050995.924338,beam,66.4,1938,3,0.0,34.52,-3.907,6.202,racing
1778049892.4677792,beam,64.41,1581,3,0.0,20.63,-2.689,-1.889,normal
1778050273.6494417,beam,61.8,1432,3,8.73,0.0,-0.812,-0.418,normal
1778050931.7271266,beam,94.98,2512,3,14.29,0.0,-0.737,2.292,racing
1778050777.517346,beam,97.67,2867,3,43.25,0.0,0.339,0.211,racing
1778050319.2822366,beam,0.03,746,1,0.0,28.57,-0.029,0.267,normal
1778050892.8306532,beam,96.03,4251,2,100.0,0.0,1.061,-1.203,racing
1778050554.6727326,beam,112.87,2991,3,0.0,78.12,-8.181,-3.682,racing
1778050263.229482,beam,56.95,1665,3,14.29,0.0,0.561,0.532,normal
1778050251.413571,beam,53.01,1596,3,14.29,0.0,-0.389,-1.064,normal
1778050013.9161928,beam,87.62,2516,3,26.98,0.0,0.014,1.12,normal
1778050031.072833,beam,79.73,2177,3,10.71,0.0,-0.319,0.703,normal
1778050994.459051,beam,82.18,3435,2,0.0,0.0,-1.071,-0.314,racing
1778050089.6591735,beam,82.44,2393,3,26.59,0.0,0.011,0.093,normal
1778050767.8138566,beam,89.31,2643,3,44.44,0.0,0.086,1.798,racing
1778049899.2963824,beam,60.19,1837,3,19.44,0.0,-0.03,-1.722,normal
1778050106.1346767,beam,87.82,2540,3,29.36,0.0,0.088,-0.067,normal
1778050540.36017,beam,147.9,4131,3,59.77,0.0,0.15,0.766,racing
1778049965.87157,beam,91.68,2587,3,23.81,0.0,-0.068,0.564,normal
1778050547.921306,beam,148.7,4150,3,58.99,0.0,-0.098,-1.293,racing
1778049819.4982655,beam,41.87,2192,2,35.32,0.0,1.002,-0.006,normal
1778050716.9248226,beam,119.66,5183,2,100.0,0.0,0.742,-0.149,racing
1778050702.8441896,beam,79.31,3617,2,100.0,7.54,0.694,0.633,racing
1778049985.945439,beam,51.89,1787,3,22.62,0.0,0.004,-0.402,normal
1778050215.6634195,beam,69.58,2073,3,23.02,0.0,0.504,-0.738,normal
1778050532.0306566,beam,140.7,3997,3,89.45,0.0,0.393,0.245,racing
1778049928.9835975,beam,77.68,2287,3,26.19,0.0,0.005,-1.139,normal
1778050557.100618,beam,69.8,1750,3,0.0,1.59,-1.789,21.725,racing
1778050584.6642923,beam,91.24,2837,3,61.72,0.0,0.453,0.219,racing
1778050180.9979725,beam,71.51,1882,3,3.57,0.0,-0.619,0.341,normal
1778050930.3373168,beam,99.3,2615,3,0.0,0.0,-1.157,-6.015,racing
1778050978.458901,beam,105.96,3143,3,58.59,0.0,0.458,-3.569,racing
1778050222.412765,beam,77.54,1980,3,0.0,0.0,-0.719,1.642,normal
1778050744.0212317,beam,102.05,2700,3,0.0,53.13,-4.999,14.742,racing
1778050245.2182324,beam,61.96,1778,3,14.29,0.0,-0.366,-1.736,normal
1778050244.783531,beam,62.33,1788,3,14.29,0.0,-0.446,-1.308,normal
1778050845.958456,beam,114.65,3397,3,100.0,0.0,1.171,-0.336,racing
1778050083.2205346,beam,81.69,2372,3,26.19,0.0,0.077,0.118,normal
1778050966.449036,beam,82.9,3353,3,30.16,0.0,-0.178,1.051,racing
1778050835.4304326,beam,101.21,3097,3,81.25,0.0,0.416,-1.02,racing
1778049864.0819712,beam,89.78,2585,3,31.35,0.0,0.072,0.43,normal
1778049957.425595,beam,89.32,2531,3,23.81,0.0,0.028,-2.326,normal
1778050191.0638494,beam,51.31,1341,3,4.37,0.0,-0.357,0.64,normal
1778050990.0398202,beam,82.58,2351,3,15.08,0.0,-0.318,0.434,racing
1778050007.139753,beam,86.43,2529,3,31.35,0.0,-0.059,0.024,normal
1778050204.149835,beam,57.83,1866,3,22.62,0.0,0.21,0.036,normal
1778049893.9620664,beam,59.62,1014,3,3.97,0.0,-0.519,0.775,normal
1778050550.8392012,beam,148.68,4148,3,58.2,0.0,0.033,-0.345,racing
1778050983.1091216,beam,110.38,2924,3,0.0,0.0,-0.817,3.207,racing
1778050682.5344126,beam,49.23,771,3,0.0,0.0,-1.458,13.4,racing
1778050937.7347236,beam,98.24,3276,2,100.0,0.0,-0.186,0.029,racing
1778050137.3115463,beam,92.04,2427,3,0.0,0.0,-0.925,-5.612,normal
1778050215.3327088,beam,68.99,2060,3,23.02,0.0,0.725,2.861,normal
1778050283.6216502,beam,55.53,1694,3,16.67,0.0,0.026,-0.614,normal
1778049863.1121397,beam,89.68,2563,3,26.59,0.0,0.004,-0.228,normal
1778049981.3320985,beam,55.71,1667,3,15.87,0.0,-0.402,-0.28,normal
1778051010.6452756,beam,106.82,4671,2,98.83,0.0,0.928,0.618,racing
1778050686.306946,beam,25.02,770,2,0.0,0.0,-1.095,0.502,racing
1778049923.6001918,beam,76.7,2269,3,26.59,0.0,0.136,0.619,normal
1778050070.4137094,beam,77.77,2264,3,20.63,0.0,-0.009,-2.092,normal
1778050315.1131344,beam,35.28,772,2,0.0,21.83,-2.591,-12.91,normal
1778050590.0131848,beam,84.41,2189,3,0.0,0.0,-1.072,-0.799,racing
1778049896.3443675,beam,59.7,1827,3,19.44,0.0,0.066,-0.729,normal
1778050587.958923,beam,95.58,2834,3,44.44,0.0,0.179,1.402,racing
1778050877.8062663,beam,119.06,5163,2,100.0,0.0,0.627,-1.087,racing
1778050547.5062492,beam,148.72,4149,3,58.99,0.0,-0.005,0.309,racing
1778049881.9423318,beam,94.51,2704,3,30.16,0.0,0.054,-0.179,normal
1778050749.1568007,beam,92.09,4074,2,75.0,0.0,1.055,1.129,racing
1778050872.550007,beam,103.06,4521,2,100.0,0.0,0.976,-0.944,racing
1778050854.327803,beam,132.59,3814,3,100.0,0.0,0.37,-0.358,racing
1778049932.6939404,beam,77.32,2169,3,17.46,0.0,-0.366,-1.245,normal
1778051015.8113685,beam,128.24,5530,2,98.44,0.0,0.881,0.15,racing
1778050108.6690328,beam,88.52,2551,3,28.57,0.0,0.049,0.181,normal
1778049967.50173,beam,90.17,2353,3,0.0,0.0,-0.775,1.552,normal
1778050517.8994377,beam,128.62,5546,2,100.0,0.0,0.565,-0.159,racing
1778050228.3070223,beam,72.11,1998,3,12.3,0.0,0.011,0.687,normal
1778050297.55577,beam,60.07,1880,3,21.83,0.0,0.067,0.051,normal
1778050745.9856458,beam,86.64,2247,3,0.0,0.0,-0.95,0.077,racing
1778049996.5016203,beam,74.85,2293,3,31.74,0.0,0.815,2.864,normal
1778050757.217679,beam,111.0,3293,3,73.44,0.0,0.524,-1.422,racing
1778049881.0637622,beam,94.35,2699,3,30.16,0.0,0.098,0.561,normal
1778050498.3685522,beam,61.55,2938,2,60.94,0.0,0.73,2.869,racing
1778050050.0568523,beam,41.43,1674,3,21.43,0.0,-0.09,0.805,normal
1778050779.7465692,beam,100.02,2912,3,39.68,0.0,0.317,1.167,racing
1778050645.046332,beam,102.84,3048,3,55.47,0.0,0.651,0.105,racing
1778050828.8649244,beam,84.85,2787,3,82.03,0.0,1.058,2.612,racing
1778050787.2053702,beam,88.04,2605,3,36.11,0.0,0.177,-0.612,racing
1778050717.0318365,beam,119.94,5195,2,100.0,0.0,0.734,-0.071,racing
1778050676.4876564,beam,105.62,3121,3,57.81,0.0,0.492,-0.225,racing
1778050248.0992875,beam,57.86,1691,3,14.29,0.0,-0.485,-0.043,normal
1778050880.0230803,beam,103.78,4342,2,0.0,24.6,-4.065,14.714,racing
1778050089.4403603,beam,82.43,2388,3,25.4,0.0,0.159,1.05,normal
1778049939.8653934,beam,78.51,2294,3,25.4,0.0,0.147,0.828,normal
1778050980.0788853,beam,108.67,3224,3,68.36,0.0,0.5,0.201,racing
1778050237.8732538,beam,66.36,1879,3,14.29,0.0,-0.145,0.696,normal
1778050859.3627665,beam,45.73,2197,3,100.0,0.0,1.059,4.825,racing
1778050665.8897564,beam,111.48,3302,3,75.39,0.0,0.627,1.109,racing
1778050107.133756,beam,88.12,2545,3,28.97,0.0,0.065,-0.189,normal
1778050751.8545697,beam,99.29,3044,3,75.39,0.0,0.653,0.408,racing
1778050680.3577633,beam,68.58,1689,3,0.0,0.0,-1.291,-0.341,racing
1778050726.7447786,beam,130.03,3665,3,49.6,0.0,0.111,-0.299,racing
1778050745.2199728,beam,93.48,2446,3,0.0,5.95,-0.944,-1.092,racing
1778050593.2755673,beam,74.98,2649,3,100.0,0.0,0.936,-0.115,racing
1778050958.9797292,beam,80.9,2078,3,0.0,0.0,-0.858,-0.431,racing
1778050845.5068698,beam,112.68,3353,3,100.0,0.0,1.285,2.145,racing
1778050643.3501627,beam,100.27,2994,3,55.47,0.0,0.293,0.583,racing
1778049900.9299886,beam,60.56,1847,3,20.63,0.0,0.157,0.487,normal
1778050075.8296442,beam,79.51,2329,3,26.19,0.0,-0.191,-6.049,normal
1778050046.247757,beam,44.72,1692,3,21.43,0.0,-0.458,-2.682,normal
1778050837.1003432,beam,103.5,3146,3,82.03,0.0,0.342,0.683,racing
1778050595.4144626,beam,82.15,3721,2,100.0,0.0,1.435,0.495,racing
1778050252.094742,beam,52.18,1580,3,14.29,0.0,-0.349,-0.219,normal
1778050597.4120986,beam,90.41,3809,2,0.0,0.0,-1.336,-22.357,racing
1778050189.4351676,beam,53.59,1404,3,4.76,0.0,-0.367,0.574,normal
1778050224.6915658,beam,73.08,1970,3,7.14,0.0,-0.205,0.216,normal
1778049831.578202,beam,66.81,2199,3,34.13,0.0,0.461,0.809,normal
1778050949.1900585,beam,94.07,2946,3,78.12,0.0,0.735,0.383,racing
1778051015.3871517,beam,126.8,5471,2,98.83,0.0,0.991,0.473,racing
1778050256.3210466,beam,49.04,1514,3,13.49,0.0,-0.136,-0.262,normal
1778050537.6568336,beam,147.34,4138,3,65.63,0.0,0.187,-1.146,racing
1778049938.1766818,beam,78.04,2279,3,25.0,0.0,0.104,0.932,normal
1778050770.6493385,beam,91.31,2715,3,40.48,0.0,0.007,-2.897,racing
1778049979.8816042,beam,58.27,1605,3,9.52,0.0,-0.604,0.648,normal
1778050934.6895213,beam,94.52,2697,3,29.36,0.0,0.061,0.233,racing
1778049980.217281,beam,57.57,1601,3,9.92,0.0,-0.587,-0.729,normal
1778050722.4796114,beam,127.57,3651,3,64.06,0.0,0.292,-1.324,racing
1778050127.615841,beam,91.47,2623,3,28.97,0.0,0.053,-0.078,normal
1778050799.8249578,beam,92.61,4122,2,100.0,0.0,1.123,-0.383,racing
1778050672.3103487,beam,100.18,2848,3,37.3,0.0,0.307,6.365,racing
1778050051.2521298,beam,41.25,1672,3,21.43,0.0,0.02,1.54,normal
1778050984.648992,beam,93.57,2468,3,0.0,34.52,-4.678,12.22,racing
1778050798.0283947,beam,84.91,3826,2,100.0,0.0,1.277,-0.034,racing
1778050750.4676373,beam,95.83,3255,3,75.39,0.0,0.393,0.524,racing
1778050844.7186384,beam,109.28,3284,3,100.0,0.0,1.247,0.488,racing
1778049974.0416555,beam,68.58,1674,3,0.0,0.0,-0.698,0.963,normal
1778050522.9959345,beam,127.49,3693,3,100.0,0.0,0.505,0.231,racing
1778051004.1875613,beam,80.66,3667,2,100.0,0.0,1.352,1.337,racing
1778051020.000826,beam,51.77,772,2,0.0,70.31,4.508,-23.438,racing
1778050575.5439026,beam,108.53,3247,3,79.3,0.0,0.511,-1.716,racing
1778050157.792145,beam,54.59,768,3,0.0,30.55,-2.864,-10.359,normal
1778050026.2921782,beam,87.63,2516,3,26.98,0.0,0.125,0.229,normal
1778050496.8193552,beam,58.29,4745,1,58.2,0.0,1.269,1.311,racing
1778050196.7959375,beam,52.06,1763,3,21.43,0.0,0.259,0.394,normal
1778049938.835806,beam,78.2,2286,3,25.4,0.0,0.086,-0.427,normal
1778050892.9319234,beam,96.51,4267,2,100.0,0.0,1.319,2.555,racing
1778050893.3673506,beam,98.33,4337,2,100.0,0.0,1.134,-1.042,racing
1778050311.187158,beam,51.51,1002,3,0.0,0.0,-0.716,-1.206,normal
1778050555.2026172,beam,94.61,2451,3,0.0,78.52,-6.35,40.374,racing
1778050498.2638302,beam,61.28,2931,2,60.94,0.0,0.429,-0.162,racing
1778050611.2274911,beam,58.55,774,3,0.0,0.0,0.038,-1.074,racing
1778049987.321166,beam,52.53,1894,3,26.59,0.0,0.338,0.433,normal
1778050685.8680575,beam,26.99,770,2,0.0,0.0,-1.179,-0.028,racing
1778049844.7992153,beam,80.38,2398,3,31.35,0.0,0.194,-0.65,normal
1778050203.280421,beam,57.2,1856,3,22.62,0.0,0.326,-2.148,normal
1778050502.5132244,beam,74.89,3461,2,100.0,0.0,1.253,1.886,racing
1778050082.3756552,beam,81.46,2360,3,25.4,0.0,0.035,-0.144,normal
1778050852.1972048,beam,130.03,3757,3,100.0,0.0,0.365,0.493,racing
1778050095.757299,beam,84.34,2463,3,30.16,0.0,0.228,1.544,normal
1778049960.7799494,beam,90.22,2552,3,23.81,0.0,0.136,-0.454,normal
1778050792.4578714,beam,70.67,1927,3,9.52,0.0,-0.346,3.861,racing
1778050982.564084,beam,112.12,2972,3,0.0,0.0,-1.188,-1.874,racing
1778050541.3223965,beam,148.09,4136,3,58.59,0.0,-0.064,-1.537,racing
1778049865.0654173,beam,90.14,2605,3,30.55,0.0,0.174,1.077,normal
1778050563.953591,beam,83.66,3778,2,92.19,0.0,1.324,-0.195,racing
1778050240.001835,beam,65.3,1854,3,14.29,0.0,-0.164,0.003,normal
1778049937.6153924,beam,77.9,2276,3,25.0,0.0,0.129,0.752,normal
1778050512.7822666,beam,115.49,5017,2,100.0,0.0,0.83,0.75,racing
1778050127.2952163,beam,91.4,2621,3,28.97,0.0,0.048,0.201,normal
1778050750.582368,beam,96.31,3074,3,75.39,0.0,1.165,6.725,racing
1778050927.7575307,beam,97.63,2564,3,3.97,0.0,-0.93,-1.543,racing
1778050996.2420726,beam,65.21,1600,3,0.0,0.0,-0.79,-0.371,racing
1778050797.9130588,beam,84.38,3807,2,100.0,0.0,1.281,-0.865,racing
1778050561.0489943,beam,73.79,3394,2,76.95,0.0,1.167,0.211,racing
1778049884.5662944,beam,95.01,2716,3,30.16,0.0,0.01,-0.246,normal
1778050199.2642975,beam,54.21,1799,3,21.83,0.0,0.239,-0.061,normal
1778050695.4034588,beam,40.8,3514,1,100.0,7.94,1.719,-3.56,racing
1778049882.0450404,beam,94.53,2704,3,30.16,0.0,0.046,-0.076,normal
1778049831.2310507,beam,66.28,2192,3,34.13,0.0,0.483,0.671,normal
1778051017.5042665,beam,114.67,3052,3,0.0,66.41,-9.428,-25.184,racing
1778050255.6641695,beam,49.2,1508,3,14.29,0.0,-0.164,-0.342,normal
1778049897.748869,beam,59.92,1798,3,17.86,0.0,0.013,-0.687,normal
1778050606.1866696,beam,91.22,4063,2,100.0,0.0,1.288,0.321,racing
1778050905.007534,beam,92.42,4104,2,90.23,0.0,1.079,-1.051,racing
1778050530.9412563,beam,139.32,3942,3,69.53,0.0,0.279,-0.062,racing
1778050758.6681328,beam,113.64,3338,3,68.36,0.0,0.462,-0.959,racing
1778049821.9484367,beam,48.5,2020,3,33.73,0.0,0.674,-0.644,normal
1778050548.2400234,beam,148.69,4149,3,58.59,0.0,-0.063,-1.309,racing
1778050545.5863068,beam,148.73,4150,3,58.59,0.0,-0.08,-1.489,racing
1778050855.1288452,beam,131.15,3514,3,0.0,46.03,-3.931,-19.032,racing
1778050028.3940814,beam,85.94,2232,3,0.0,0.0,-0.833,-0.455,normal
1778049869.8593645,beam,91.62,2634,3,30.16,0.0,0.115,0.372,normal
1778051005.2959056,beam,85.63,3856,2,100.0,0.0,0.996,3.643,racing
1778049920.4664164,beam,75.34,2239,3,26.59,0.0,0.286,3.511,normal
1778050659.2314491,beam,102.94,2913,3,45.24,0.0,-0.1,3.568,racing
1778050065.8156836,beam,69.08,2362,3,43.65,0.0,0.65,1.017,normal
1778050048.7391295,beam,42.11,1678,3,21.43,0.0,-0.194,0.392,normal
1778050194.366833,beam,50.06,1664,3,18.65,0.0,0.175,-0.089,normal
1778049968.2863295,beam,87.84,2285,3,0.0,0.0,-0.88,-0.664,normal
1778050880.135798,beam,103.79,4357,2,0.0,0.0,0.028,36.32,racing
1778050793.2256773,beam,69.53,1895,3,8.73,0.0,-0.404,-0.464,racing
1778050292.9556794,beam,58.16,1846,3,21.43,0.0,0.013,-0.667,normal
1778050561.4545112,beam,72.9,3386,2,79.3,0.0,-0.406,19.265,racing
1778050193.8302343,beam,49.73,1633,3,18.25,0.0,0.16,0.634,normal
1778051013.7277093,beam,120.31,5207,2,98.83,0.0,1.188,0.816,racing
1778050893.037631,beam,96.94,4283,2,100.0,0.0,1.141,-1.69,racing
1778050148.4104772,beam,63.32,1882,3,18.65,3.57,-0.141,0.979,normal
1778049866.0475173,beam,90.46,2608,3,30.16,0.0,0.091,0.137,normal
1778050655.3508773,beam,123.89,3399,3,6.75,0.0,-0.849,-3.117,racing
1778050066.7973745,beam,71.19,2388,3,44.05,0.0,0.566,-0.656,normal
1778050300.4071882,beam,61.15,1914,3,23.02,0.0,0.117,-0.142,normal
1778050548.4692533,beam,148.66,4149,3,58.59,0.0,0.012,0.726,racing
1778049828.467054,beam,61.82,2136,3,34.13,0.0,0.51,0.593,normal
1778050565.4828205,beam,90.28,4020,2,82.03,0.0,1.1,1.819,racing
1778049887.7938569,beam,92.02,2405,3,0.0,0.0,-0.849,0.104,normal
1778050878.2571175,beam,120.11,5203,2,100.0,0.0,0.736,1.194,racing
1778050002.8033984,beam,87.27,2551,3,31.74,0.0,0.153,0.308,normal
1778049830.2325673,beam,64.73,2171,3,34.13,0.0,0.49,0.721,normal
1778050897.5119667,beam,104.66,4392,2,0.0,47.22,-5.841,-4.303,racing
1778050263.5520732,beam,57.59,1678,3,15.08,0.0,0.526,-0.61,normal
1778050857.4462297,beam,44.97,760,3,0.0,88.28,-13.553,-56.685,racing
1778050772.9623532,beam,92.89,2767,3,42.86,0.0,0.133,0.371,racing
1778051013.624893,beam,119.87,5189,2,98.83,0.0,1.104,-0.339,racing
1778050854.8968043,beam,133.51,3778,3,0.0,0.0,0.346,-1.289,racing
1778050700.832881,beam,71.25,5720,2,100.0,0.0,1.318,-0.793,racing
1778050151.8909843,beam,62.29,1877,3,19.44,1.59,-0.191,-1.056,normal
1778050570.2632208,beam,97.09,2984,3,67.58,0.0,0.288,-1.658,racing
1778050061.8271885,beam,59.44,2263,3,44.44,0.0,0.771,0.547,normal
1778050671.177562,beam,107.7,2856,3,0.0,38.49,-4.874,8.87,racing
1778050763.9340625,beam,119.53,3363,3,38.49,0.0,0.211,1.904,racing
1778050304.4716957,beam,63.67,2035,3,26.98,0.0,0.24,-0.121,normal
1778050702.9511807,beam,79.57,3627,2,100.0,5.95,0.687,-0.068,racing
1778050183.4151175,beam,65.79,1702,3,2.78,0.0,-0.612,0.345,normal
1778050675.040414,beam,103.48,3061,3,54.3,0.0,0.399,-0.451,racing
1778050923.7773936,beam,134.44,3825,3,69.14,0.0,0.352,0.279,racing
1778050056.1671784,beam,45.13,1962,3,32.14,0.0,0.4,-2.391,normal
1778049822.9105115,beam,50.72,2030,3,34.13,0.0,0.696,1.451,normal
1778050180.6542716,beam,72.33,1902,3,3.57,0.0,-0.452,2.215,normal
1778050557.217504,beam,69.39,1725,3,0.0,10.71,-0.961,7.081,racing
1778050278.5446205,beam,56.76,1702,3,15.87,0.0,-0.313,-0.981,normal
1778050292.3059044,beam,57.93,1843,3,21.43,0.0,0.049,-0.926,normal
1778050988.963176,beam,85.49,3570,2,0.0,0.0,-0.851,27.83,racing
1778050852.765465,beam,130.6,3769,3,100.0,0.0,0.401,-0.899,racing
1778050577.5830553,beam,112.79,3339,3,79.3,0.0,0.482,-1.328,racing
1778050947.5019865,beam,91.69,2834,3,57.81,1.59,0.276,0.643,racing
1778050115.2977483,beam,90.12,2585,3,28.17,0.0,0.087,0.322,normal
1778049972.3987155,beam,73.07,1833,3,0.0,0.0,-0.812,0.035,normal
1778050300.725535,beam,61.28,1922,3,23.81,0.0,0.157,1.275,normal
1778050057.35097,beam,47.98,1970,3,31.74,0.0,0.758,-2.094,normal
1778050003.464245,beam,87.41,2554,3,31.74,0.0,0.079,0.498,normal
1778050544.2900455,beam,148.61,4150,3,58.99,0.0,-0.057,-1.258,racing
1778050733.0871704,beam,131.14,3569,3,18.65,0.0,-0.614,0.979,racing
1778050105.0356565,beam,87.41,2532,3,29.36,0.0,0.073,-0.118,normal
1778050301.5220716,beam,61.61,1924,3,22.62,0.0,0.135,0.52,normal
1778050524.3150067,beam,129.89,3750,3,100.0,0.0,0.506,0.098,racing
1778051004.4128242,beam,81.8,3708,2,100.0,0.0,1.34,-1.071,racing
1778050145.64073,beam,67.18,1850,3,13.49,6.75,-1.067,-1.636,normal
1778050999.230194,beam,59.08,2081,3,54.3,0.0,0.519,4.954,racing
1778050553.9042404,beam,133.01,3554,3,0.0,58.59,-6.496,-4.338,racing
1778050967.6310792,beam,84.02,2186,3,0.0,0.0,-0.949,0.671,racing
1778050045.1374218,beam,46.59,1665,3,19.84,0.0,-0.376,0.972,normal
1778050732.0746348,beam,131.97,3708,3,48.41,0.0,0.07,-0.022,racing
1778050810.222303,beam,125.6,5424,2,100.0,0.0,0.688,2.613,racing
1778050858.2977464,beam,45.34,761,3,0.0,24.6,12.376,-53.868,racing
1778050692.682572,beam,29.55,2382,2,100.0,5.95,0.851,-0.116,racing
1778050178.56492,beam,77.72,2035,3,2.78,0.0,-0.703,0.66,normal
1778050516.7131026,beam,125.91,5436,2,100.0,0.0,0.674,0.296,racing
1778050738.6058023,beam,127.98,3605,3,46.83,0.0,0.056,-0.959,racing
1778049943.3283317,beam,78.91,2296,3,25.0,0.0,0.321,3.975,normal
1778050688.2052093,beam,25.3,2589,1,98.83,0.0,2.704,4.957,racing
1778050912.6754491,beam,118.25,5128,2,100.0,0.0,0.691,-1.554,racing
1778050023.3954458,beam,87.28,2509,3,26.98,0.0,-0.026,0.086,normal
1778050141.208978,beam,80.46,2066,3,0.0,0.0,-0.832,-0.61,normal
1778050701.851115,beam,75.93,3496,2,100.0,4.37,0.8,-3.816,racing
1778050780.845531,beam,97.16,2553,3,0.0,0.0,-0.867,-0.035,racing
1778050745.43618,beam,90.4,2374,3,0.0,36.9,-4.567,-11.152,racing
1778050983.8816187,beam,107.75,2850,3,0.0,0.0,-1.094,-2.641,racing
1778050291.2868423,beam,57.71,1830,3,20.63,0.0,0.186,0.571,normal
1778050734.9069765,beam,127.11,3560,3,41.27,0.0,-0.029,-0.677,racing
1778050313.6617582,beam,42.28,770,3,0.0,0.0,-0.38,-0.988,normal
1778050923.343572,beam,133.96,3813,3,69.14,0.0,0.384,0.286,racing
1778050869.1805923,beam,89.57,3999,2,100.0,0.0,1.024,-1.519,racing
1778049899.8432505,beam,60.26,1839,3,19.44,0.0,-0.199,-3.02,normal
1778050276.0961034,beam,59.1,1735,3,15.87,0.0,-0.281,0.438,normal
1778050115.6309657,beam,90.21,2588,3,28.57,0.0,0.119,0.657,normal
1778050688.4347222,beam,27.47,2692,1,100.0,0.0,2.498,-2.2,racing
1778050184.8698506,beam,62.47,1550,3,1.98,0.0,-0.573,1.513,normal
1778050709.1420264,beam,97.27,4293,2,100.0,3.57,0.694,-1.876,racing
1778049947.6931455,beam,79.52,2303,3,24.21,0.0,0.055,0.297,normal
1778050662.9260905,beam,106.96,3130,3,53.52,0.0,0.388,1.383,racing
1778050530.1905656,beam,138.57,3916,3,70.31,0.0,0.29,1.335,racing
1778049871.7166362,beam,92.12,2647,3,30.16,0.0,0.088,0.736,normal
1778049814.794316,beam,20.85,2083,1,32.54,0.0,1.923,-1.097,normal
1778050299.0905514,beam,60.62,1892,3,21.83,0.0,0.112,0.193,normal
1778050584.3271377,beam,90.75,2782,3,54.3,0.0,0.382,-0.328,racing
1778050086.9894218,beam,82.04,2372,3,25.4,0.0,0.046,0.358,normal
1778050316.4325557,beam,22.07,772,1,0.0,28.97,-3.15,-5.024,normal
1778050095.0896163,beam,84.01,2461,3,29.76,0.0,0.12,-0.695,normal
1778049954.4052925,beam,85.76,2443,3,23.81,0.0,0.356,-1.559,normal
1778050620.923889,beam,83.16,2175,3,0.0,44.84,-4.642,-4.238,racing
1778050146.990388,beam,64.42,1865,3,17.46,2.38,-0.247,1.117,normal
1778050211.8797348,beam,63.01,1996,3,25.0,0.0,0.39,2.132,normal
1778049945.36313,beam,79.27,2297,3,24.21,0.0,0.012,0.533,normal
1778050091.3032484,beam,82.94,2408,3,26.98,0.0,0.112,0.495,normal
1778049893.848646,beam,59.83,1058,3,0.0,0.0,-0.607,0.62,normal
1778049859.7449088,beam,88.75,2568,3,29.76,0.0,0.021,-1.462,normal
1778051009.1788185,beam,101.6,4465,2,98.44,0.0,0.965,0.864,racing
1778050305.705503,beam,64.58,2046,3,25.0,0.0,0.217,0.271,normal
1778050714.9112628,beam,114.02,4956,2,100.0,0.0,0.605,-1.343,racing
1778050601.0971544,beam,79.28,2595,3,71.88,0.0,0.594,0.796,racing
1778050802.5559757,beam,103.45,4537,2,100.0,0.0,1.117,1.254,racing
1778050752.7337372,beam,101.28,3084,3,75.39,0.0,0.623,-0.266,racing
1778050084.060862,beam,81.86,2376,3,26.19,0.0,0.087,-0.038,normal
1778050140.9734282,beam,81.13,2087,3,0.0,0.0,-0.929,-0.994,normal
1778050973.527476,beam,88.46,3958,2,98.83,0.0,1.265,1.516,racing
1778050844.6028123,beam,108.76,3300,3,100.0,0.0,1.19,-0.048,racing
1778049847.61424,beam,82.3,2438,3,31.35,0.0,0.195,0.22,normal
1778049925.1277723,beam,77.2,2283,3,26.98,0.0,0.061,-0.139,normal
1778050305.919375,beam,64.49,1775,3,0.0,0.0,-0.391,-5.082,normal
1778050086.0096104,beam,81.94,2356,3,24.21,0.0,-0.012,0.328,normal
1778050804.8696873,beam,111.2,4845,2,100.0,0.0,0.82,-0.793,racing
1778050017.343851,beam,87.43,2512,3,26.98,0.0,0.007,0.401,normal
1778050192.966493,beam,49.51,1529,3,14.29,0.0,-0.039,-1.182,normal
1778049870.2827177,beam,91.76,2638,3,30.16,0.0,0.169,0.903,normal
1778050248.970781,beam,56.51,1664,3,14.29,0.0,-0.461,-0.632,normal
1778050702.4165714,beam,77.9,3565,2,100.0,5.56,0.983,0.042,racing
1778049875.8669224,beam,93.18,2672,3,30.16,0.0,0.044,-0.662,normal
1778051017.9390712,beam,100.23,2712,3,0.0,73.44,-15.729,-84.716,racing
1778050888.8138385,beam,82.36,3749,2,100.0,0.0,0.556,1.807,racing
1778049998.9816258,beam,82.03,2433,3,31.74,0.0,0.849,3.063,normal
1778050203.0634434,beam,56.85,1852,3,22.62,0.0,0.482,2.118,normal
1778050803.1117034,beam,105.33,4614,2,100.0,0.0,0.884,-1.266,racing
1778049865.6103115,beam,90.32,2605,3,30.16,0.0,0.066,-0.188,normal
1778050717.6932592,beam,121.69,5265,2,100.0,0.0,0.726,0.028,racing
1778050645.5157168,beam,103.99,3072,3,55.47,0.0,0.835,2.083,racing
1778050060.7622273,beam,56.42,2234,3,44.05,0.0,0.757,0.054,normal
1778050818.4491436,beam,81.51,2098,3,0.0,0.0,-0.938,10.663,racing
1778050511.3325696,beam,111.05,4836,2,100.0,0.0,0.868,1.201,racing
1778050617.9563415,beam,93.32,4142,2,88.28,0.0,1.223,-0.451,racing
1778050275.7562704,beam,59.47,1725,3,15.08,0.0,-0.288,0.107,normal
1778050925.8246725,beam,114.48,3046,3,0.0,46.83,-6.077,-43.299,racing
1778050022.3559587,beam,87.3,2509,3,26.98,0.0,-0.046,-0.57,normal
1778050670.0579443,beam,116.22,3094,3,0.0,0.0,-0.997,-3.341,racing
1778050747.336246,beam,87.79,2809,3,72.27,0.0,0.772,1.367,racing
1778050505.0154614,beam,86.26,3876,2,100.0,0.0,1.284,0.542,racing
1778050240.4677036,beam,65.1,1849,3,14.29,0.0,-0.145,-0.431,normal
1778050219.9086225,beam,76.99,2231,3,23.02,0.0,0.519,1.587,normal
1778050874.605921,beam,110.32,4810,2,100.0,0.0,0.954,1.681,racing
1778050861.6567223,beam,51.21,2712,2,100.0,0.0,1.567,-0.504,racing
1778050088.0699868,beam,82.19,2375,3,25.4,0.0,0.041,-0.101,normal
1778049855.3511045,beam,86.92,2539,3,31.35,0.0,0.171,0.068,normal
1778049956.0757053,beam,88.07,2499,3,23.81,0.0,0.307,0.051,normal
1778050202.1836622,beam,56.51,1848,3,22.62,0.0,0.182,0.954,normal
1778049825.2134774,beam,55.67,2075,3,34.13,0.0,0.578,0.681,normal
1778050080.662339,beam,81.11,2360,3,26.19,0.0,0.096,0.223,normal
1778050148.7542117,beam,63.07,1876,3,18.65,0.79,0.088,3.533,normal
1778049983.690617,beam,52.63,1622,3,15.87,0.0,-0.276,0.905,normal
1778050029.8216467,beam,81.84,2185,3,5.56,0.0,-0.73,-1.462,normal
1778050209.1730013,beam,61.09,1915,3,23.81,0.0,0.226,2.751,normal
1778050755.4668975,beam,107.37,3214,3,75.39,0.0,0.695,1.15,racing
1778050519.3123877,beam,131.62,5664,2,100.0,0.0,0.545,-0.388,racing
1778050143.1934028,beam,74.41,1877,3,0.0,0.0,-0.793,4.084,normal
1778050050.8363008,beam,41.26,1672,3,21.43,0.0,-0.069,0.235,normal
1778050846.7183263,beam,117.98,3472,3,100.0,0.0,1.226,0.486,racing
1778050865.2022226,beam,70.36,3297,2,100.0,0.0,1.178,-2.878,racing
1778050068.110722,beam,73.85,2426,3,44.05,0.0,0.531,0.359,normal
1778049874.546348,beam,92.86,2664,3,30.16,0.0,0.042,-0.017,normal
1778050890.4519522,beam,87.41,3927,2,100.0,0.0,1.074,1.18,racing
1778050930.9739034,beam,97.31,2555,3,0.0,0.0,-0.834,0.319,racing
1778049918.8329806,beam,74.48,2222,3,26.59,0.0,0.056,-0.553,normal
1778050220.0278275,beam,77.05,2234,3,23.02,0.0,0.157,-3.037,normal
1778049966.0730329,beam,91.63,2587,3,23.81,0.0,-0.126,-1.216,normal
1778049870.3965745,beam,91.76,2639,3,30.16,0.0,0.004,-1.45,normal
1778050258.8832438,beam,50.18,1539,3,14.29,0.0,0.297,-0.568,normal
1778050680.5852404,beam,67.68,1655,3,0.0,0.0,-1.21,-1.904,racing
1778049969.01032,beam,85.68,2222,3,0.0,0.0,-0.866,-0.476,normal
1778050513.9845607,beam,118.93,5156,2,100.0,0.0,0.839,1.334,racing
1778050094.7515256,beam,83.85,2434,3,28.97,0.0,0.21,2.355,normal
1778050017.014116,beam,87.45,2512,3,26.98,0.0,0.002,-0.266,normal
1778049971.1549408,beam,76.61,1949,3,0.0,0.0,-0.748,1.528,normal
1778051014.241686,beam,122.45,5295,2,98.83,0.0,1.073,-1.063,racing
1778051017.7256005,beam,108.85,2863,3,0.0,69.14,-5.776,27.663,racing
1778050175.3352282,beam,83.58,2273,3,9.52,0.0,-0.468,0.357,normal
1778050088.3895235,beam,82.22,2376,3,25.4,0.0,0.041,-0.136,normal
1778050011.797089,beam,87.74,2512,3,26.19,0.0,-0.003,-0.478,normal
1778050980.6247122,beam,109.72,3253,3,70.7,0.0,0.614,1.204,racing
1778049817.512207,beam,33.93,2098,2,36.51,0.0,1.246,-0.88,normal
1778050904.317829,beam,90.44,3117,2,100.0,0.0,-0.147,0.099,racing
1778050902.8490963,beam,87.05,2783,3,100.0,0.0,0.745,2.784,racing
1778050757.7661085,beam,111.99,3298,3,66.8,0.0,0.488,-0.227,racing
1778049863.2171886,beam,89.66,2562,3,26.59,0.0,-0.052,-0.532,normal
1778050246.454706,beam,60.37,1732,3,14.29,0.0,-0.336,-0.246,normal
1778050841.101242,beam,109.4,4770,2,100.0,0.0,0.841,0.004,racing
1778050829.850996,beam,87.56,2832,3,80.86,0.0,0.846,2.104,racing
1778050145.757907,beam,66.94,1881,3,13.49,7.54,-0.566,4.273,normal
1778050590.662786,beam,78.4,2044,3,0.0,48.02,-5.877,-8.563,racing
1778050659.7945046,beam,103.7,3074,3,58.99,0.0,0.404,0.554,racing
1778050015.9941828,beam,87.45,2512,3,26.98,0.0,-0.026,-0.375,normal
1778050894.8665178,beam,104.09,4563,2,100.0,0.0,0.919,-0.923,racing
1778049906.4628034,beam,65.85,2070,3,26.98,0.0,0.338,0.605,normal
1778050688.656672,beam,29.35,2788,1,100.0,0.0,2.339,-0.29,racing
1778050654.273813,beam,124.42,3549,3,54.69,0.0,-0.178,-1.984,racing
1778050729.4707754,beam,131.11,3692,3,49.6,0.0,0.075,-0.492,racing
1778050175.1194563,beam,83.96,2277,3,8.73,0.0,-0.521,-0.475,normal
1778050595.294337,beam,81.52,3699,2,100.0,0.0,1.376,0.467,racing
1778050565.0515478,beam,88.59,3955,2,82.03,0.0,1.197,0.08,racing
1778049858.4311345,beam,88.26,2555,3,29.76,0.0,0.082,-0.355,normal
1778049832.5443084,beam,68.23,2219,3,34.13,0.0,0.42,-0.248,normal
1778050536.0234516,beam,145.59,4117,3,90.23,0.0,0.279,-0.17,racing
1778050213.2209957,beam,65.08,1987,3,23.02,0.0,0.543,1.017,normal
1778049836.9469426,beam,73.93,2309,3,34.52,0.0,0.265,-0.945,normal
1778050983.0078478,beam,110.68,2934,3,0.0,0.0,-1.142,-4.693,racing
1778049925.3494062,beam,77.25,2286,3,26.98,0.0,0.037,-0.464,normal
1778050937.8394349,beam,98.21,3550,2,100.0,0.0,-0.071,1.098,racing
1778050115.8464255,beam,90.24,2590,3,28.57,0.0,0.036,-0.18,normal
1778050174.5865247,beam,84.92,2301,3,8.73,0.0,-0.455,0.605,normal
1778049863.4348276,beam,89.68,2561,3,26.59,0.0,0.005,-0.263,normal
1778050021.1641295,beam,87.3,2509,3,26.98,0.0,-0.039,-0.033,normal
1778050910.6623096,beam,112.34,4890,2,100.0,0.0,0.905,-0.424,racing
1778049899.4101832,beam,60.21,1837,3,19.44,0.0,0.047,0.671,normal
1778049974.8401835,beam,66.82,1825,3,9.52,0.0,-0.29,1.367,normal
1778050833.467951,beam,96.8,3005,3,81.25,0.0,0.583,-1.122,racing
1778050665.5612826,beam,110.84,3283,3,73.05,0.0,0.491,-0.565,racing
1778049934.8971996,beam,77.17,2261,3,25.0,0.0,0.088,-0.813,normal
1778050311.070227,beam,51.81,1100,3,0.0,0.0,-0.575,-1.779,normal
1778050678.291965,beam,91.06,2404,3,0.0,45.24,-5.258,9.088,racing
1778050054.5672789,beam,42.59,1682,3,22.62,0.0,0.266,1.028,normal
1778050530.612089,beam,139.01,3931,3,68.36,0.0,0.289,0.042,racing
1778050913.207644,beam,119.68,5183,2,100.0,0.0,0.787,0.915,racing
1778050187.6046648,beam,56.7,1435,3,2.78,0.0,-0.621,-1.593,normal
1778050747.44005,beam,88.04,2819,3,75.39,0.0,0.664,-1.035,racing
1778050591.7951136,beam,72.71,1825,3,0.0,0.0,-0.746,0.663,racing
1778050985.594251,beam,92.46,2854,3,65.63,0.0,0.556,0.406,racing
1778050047.6685724,beam,43.06,1687,3,21.43,0.0,-0.24,-0.086,normal
1778050706.6822877,beam,90.02,4016,2,100.0,4.76,0.655,-2.182,racing
1778051012.6547356,beam,115.5,5016,2,98.83,0.0,0.856,-3.34,racing
1778050094.5262132,beam,83.79,2430,3,26.98,0.0,0.103,0.116,normal
1778049991.1869566,beam,58.56,2042,3,30.55,0.0,0.745,1.353,normal
1778050511.8962536,beam,112.85,4910,2,100.0,0.0,0.877,0.06,racing
1778050307.90627,beam,57.78,880,3,0.0,15.48,-1.784,0.99,normal
1778049829.0136456,beam,62.75,2147,3,34.13,0.0,0.47,0.495,normal
1778050128.1649282,beam,91.57,2622,3,28.57,0.0,0.088,0.6,normal
1778051015.9190948,beam,128.59,5544,2,98.44,0.0,0.894,0.125,racing
1778050680.803884,beam,64.14,1592,3,0.0,42.06,-5.26,-13.986,racing
1778050183.6333652,beam,65.31,1689,3,2.78,0.0,-0.58,0.539,normal
1778050241.5383136,beam,64.24,1829,3,14.29,0.0,-0.133,0.602,normal
1778050541.9530857,beam,148.11,4136,3,58.59,0.0,-0.016,-0.18,racing
1778050525.0948498,beam,131.32,3783,3,100.0,0.0,0.524,0.607,racing
1778050540.1543834,beam,147.82,4130,3,59.77,0.0,0.019,-1.301,racing
1778050745.541123,beam,88.83,2327,3,0.0,33.33,-4.144,4.033,racing
1778050570.6844127,beam,97.85,2998,3,67.58,0.0,0.591,0.621,racing
1778050085.5763495,beam,81.92,2354,3,23.81,0.0,-0.021,-0.654,normal
1778050072.397551,beam,78.29,2305,3,26.19,0.0,0.092,0.9,normal
1778050962.9646556,beam,77.11,2754,2,58.59,0.0,0.058,-1.704,racing
1778050587.293317,beam,95.58,2924,3,45.24,0.0,0.3,0.439,racing
1778050706.1497948,beam,88.39,3955,2,100.0,3.57,0.811,-0.343,racing
1778050513.447592,beam,117.39,5094,2,100.0,0.0,0.892,1.817,racing
1778050914.640029,beam,123.4,5334,2,100.0,0.0,0.653,-0.835,racing
1778050275.6460228,beam,59.59,1727,3,14.29,0.0,-0.3,0.455,normal
1778050261.5678022,beam,53.86,1607,3,14.29,0.0,0.191,-3.934,normal
1778050185.1858606,beam,61.73,1566,3,2.78,0.0,-0.635,0.743,normal
1778050220.4576497,beam,77.55,2245,3,23.02,0.0,0.496,0.837,normal
1778049904.5147667,beam,63.68,2036,3,26.98,0.0,0.364,0.62,normal
1778049914.2507098,beam,71.99,2178,3,26.98,0.0,0.307,0.623,normal
1778050286.6228335,beam,56.08,1773,3,19.44,0.0,-0.007,-1.637,normal
1778050909.4665303,beam,108.49,4735,2,100.0,0.0,0.973,0.35,racing
1778050871.2509944,beam,98.03,4325,2,100.0,0.0,1.045,-0.304,racing
1778050774.980277,beam,94.52,2802,3,43.65,0.0,0.246,-1.312,racing
1778050998.6950736,beam,59.5,773,3,0.0,0.0,-0.465,0.408,racing
1778049894.5099325,beam,58.93,1746,3,17.86,0.0,-0.074,-0.677,normal
1778050101.8663628,beam,86.3,2503,3,28.97,0.0,0.12,0.068,normal
1778050492.884223,beam,31.16,2890,1,100.0,0.0,2.458,-0.35,racing
1778050760.3355544,beam,116.09,3334,3,52.34,0.0,0.224,-0.567,racing
1778050941.5682104,beam,103.07,3090,3,63.67,0.0,0.624,1.376,racing
1778050508.5629926,beam,101.38,4456,2,100.0,0.0,0.892,-2.836,racing
1778050154.375989,beam,61.69,1864,3,18.65,0.0,0.147,1.499,normal
1778051016.9767165,beam,126.4,3418,3,0.0,42.46,-7.32,-58.458,racing
1778050038.4731305,beam,60.08,1702,3,12.3,0.0,-0.881,-0.594,normal
1778049871.929961,beam,92.18,2648,3,30.16,0.0,0.071,-0.083,normal
1778050203.1734366,beam,57.07,1854,3,22.62,0.0,0.555,0.663,normal
1778050900.5845828,beam,92.1,2416,3,0.0,18.65,-1.917,-12.603,racing
1778050923.020589,beam,133.55,3804,3,69.14,0.0,0.298,-0.081,racing
1778050091.405431,beam,82.94,2408,3,26.98,0.0,0.013,-0.97,normal
1778050902.5007534,beam,86.48,2531,3,33.33,0.0,0.252,0.235,racing
1778050769.0935538,beam,90.17,2648,3,39.28,0.0,0.138,1.051,racing
1778050179.2186902,beam,75.86,1968,3,1.19,0.0,-0.999,-3.396,normal
1778049949.6313343,beam,79.56,2261,3,20.63,0.0,0.012,0.071,normal
1778050752.3872485,beam,100.5,3069,3,75.39,0.0,0.603,-0.226,racing
1778050300.3022184,beam,61.11,1908,3,22.62,0.0,0.132,0.642,normal
1778050756.6689613,beam,109.76,3269,3,75.39,0.0,0.411,-2.356,racing
1778049923.4847558,beam,76.65,2268,3,26.59,0.0,0.065,-1.269,normal
1778049894.0652552,beam,59.42,1144,3,9.52,0.0,-0.542,-0.221,normal
1778050850.1747444,beam,127.73,3703,3,100.0,0.0,0.599,0.694,racing
1778050925.18777,beam,118.95,3161,3,0.0,36.51,-4.435,6.631,racing
1778050026.172191,beam,87.58,2515,3,26.98,0.0,0.098,0.768,normal
1778050790.209663,beam,82.09,2147,3,0.0,45.24,-5.399,-1.745,racing
1778049850.2771926,beam,84.01,2475,3,31.35,0.0,0.148,0.226,normal
1778049977.5506213,beam,63.36,1730,3,8.33,0.0,-0.378,1.117,normal
1778050287.0521543,beam,56.25,1772,3,19.44,0.0,0.058,-0.096,normal
1778050234.0424094,beam,68.64,1936,3,14.29,0.0,-0.125,0.179,normal
1778050129.2601757,beam,91.74,2626,3,28.57,0.0,0.023,-0.447,normal
1778050689.0984652,beam,33.03,2996,1,96.88,0.0,2.266,-0.238,racing
1778049888.5498157,beam,88.99,2319,3,0.0,3.57,-1.24,1.384,normal
1778050714.7975376,beam,113.77,4946,2,100.0,2.78,0.758,1.992,racing
1778050715.4627218,beam,115.61,5021,2,100.0,0.0,0.78,-1.398,racing
1778049873.2500253,beam,92.54,2657,3,30.16,0.0,0.063,0.106,normal
1778050066.451583,beam,70.4,2383,3,44.44,0.0,0.655,3.183,normal
1778050289.406088,beam,57.23,1832,3,21.43,0.0,0.065,0.919,normal
1778050669.852786,beam,116.83,3157,3,9.52,0.0,-0.604,3.75,racing
1778050582.645486,beam,91.51,2390,3,0.0,0.0,-0.949,-1.184,racing
1778050149.92485,beam,62.78,1889,3,20.63,0.0,-0.125,-1.085,normal
1778050810.6736248,beam,126.89,5476,2,100.0,0.0,1.135,3.57,racing
1778050660.2481716,beam,104.38,3094,3,55.08,0.0,0.421,-0.283,racing
1778049926.0007808,beam,77.4,2290,3,26.98,0.0,-0.019,-2.682,normal
1778050010.4898803,beam,87.44,2543,3,30.55,0.0,0.119,0.247,normal
1778049857.2449262,beam,87.83,2546,3,29.76,0.0,0.134,0.043,normal
1778049958.6593268,beam,89.5,2536,3,23.81,0.0,-0.193,-0.4,normal
1778050491.585781,beam,18.34,2394,1,82.03,0.0,3.285,-0.783,racing
1778050863.8921025,beam,63.55,3069,2,100.0,0.0,1.44,-1.444,racing
1778050261.781341,beam,54.31,1613,3,14.29,0.0,0.795,3.963,normal
1778050702.5295663,beam,78.3,3579,2,100.0,4.37,0.998,0.135,racing
1778049972.824322,beam,71.91,1793,3,0.0,0.0,-0.796,-0.593,normal
1778049999.7344675,beam,83.78,2478,3,32.14,0.0,0.669,0.052,normal
1778051014.1413114,beam,122.06,5278,2,98.83,0.0,1.179,0.292,racing
1778050895.9521031,beam,107.95,4714,2,100.0,0.0,0.95,-1.011,racing
1778050061.2960196,beam,57.93,2250,3,44.44,0.0,0.861,1.438,normal
1778049985.6062117,beam,51.86,1773,3,21.83,0.0,-0.038,-0.305,normal
1778049966.6248024,beam,91.38,2562,3,20.63,0.0,-0.122,0.355,normal
1778050730.56213,beam,131.47,3695,3,48.02,0.0,0.057,-0.651,racing
1778050762.4166174,beam,118.41,3404,3,54.69,0.0,0.231,0.616,racing
1778050001.064787,beam,86.06,2527,3,32.14,0.0,0.281,-2.049,normal
1778050581.9645386,beam,93.54,2466,3,0.0,34.92,-4.599,9.739,racing
1778050520.0618932,beam,133.06,5724,2,100.0,0.0,0.426,-1.282,racing
1778049977.1092918,beam,64.14,1755,3,8.33,0.0,-0.403,0.155,normal
1778050099.4723663,beam,85.64,2477,3,27.78,0.0,0.07,-0.476,normal
1778050503.467335,beam,78.92,3607,2,100.0,0.0,1.18,-1.387,racing
1778050936.508443,beam,96.06,2921,3,58.59,0.0,0.466,-0.249,racing
1778049956.545578,beam,88.65,2513,3,23.81,0.0,0.318,-1.369,normal
1778049903.9658847,beam,63.05,2027,3,26.98,0.0,0.297,0.013,normal
1778049936.9175093,beam,77.71,2272,3,25.0,0.0,0.066,-0.283,normal
1778050962.1838348,beam,75.34,2577,3,61.72,0.0,0.908,1.285,racing
1778050922.0542748,beam,132.45,3776,3,68.75,0.0,0.391,0.147,racing
1778049862.5663407,beam,89.6,2586,3,29.76,0.0,0.035,-0.443,normal
1778050004.6151032,beam,87.26,2548,3,31.35,0.0,-0.001,1.332,normal
1778050144.755114,beam,69.88,1736,3,1.19,0.0,-0.809,-1.706,normal
1778050256.09964,beam,49.13,1526,3,14.29,0.0,0.013,0.44,normal
1778050971.2269666,beam,77.64,3089,2,100.0,0.0,0.341,-0.167,racing
1778050593.3777094,beam,75.3,2654,3,100.0,0.0,0.849,-0.856,racing
1778050701.616837,beam,75.07,3466,2,100.0,1.59,1.174,0.04,racing
1778050800.8402588,beam,96.63,4273,2,100.0,0.0,1.184,0.236,racing
1778049853.2117555,beam,85.75,2513,3,31.35,0.0,0.169,0.095,normal
1778050786.6755402,beam,87.58,2598,3,36.51,0.0,0.267,0.276,racing
1778049958.0968049,beam,89.58,2537,3,23.81,0.0,0.112,-0.212,normal
1778049945.582209,beam,79.3,2295,3,23.81,0.0,-0.044,-1.496,normal
1778050814.0058136,beam,112.77,2985,3,0.0,0.0,-0.751,-4.283,racing
1778050109.75438,beam,88.81,2560,3,28.97,0.0,0.097,0.642,normal
1778050893.2651167,beam,97.91,4320,2,100.0,0.0,1.241,0.984,racing
1778049959.7747068,beam,89.79,2540,3,23.81,0.0,0.379,1.011,normal
1778050841.664968,beam,110.97,4832,2,100.0,0.0,0.67,-1.016,racing
1778050010.8401017,beam,87.53,2546,3,30.55,0.0,0.085,0.181,normal
1778050307.8001728,beam,58.46,974,3,0.0,15.48,-1.889,-1.279,normal
1778049959.894533,beam,89.83,2542,3,23.81,0.0,0.105,-2.288,normal
1778050581.198376,beam,108.61,2872,3,0.0,0.0,-1.01,-0.615,racing
1778050019.963055,beam,87.35,2510,3,26.98,0.0,-0.031,-0.645,normal
1778050633.170653,beam,88.77,3936,2,64.84,0.0,0.993,0.351,racing
1778050217.408421,beam,72.92,2141,3,23.02,0.0,0.588,0.95,normal
1778050202.081802,beam,56.45,1847,3,22.62,0.0,0.085,-2.04,normal
1778050581.3109958,beam,106.8,2840,3,0.0,42.46,-4.452,-30.564,racing
1778050746.2049098,beam,85.98,2238,3,8.33,0.0,-0.768,1.302,racing
1778050242.2007089,beam,63.93,1822,3,14.29,0.0,-0.169,-1.542,normal
1778049941.768334,beam,79.11,2302,3,25.0,0.0,0.086,-2.116,normal
1778050146.759215,beam,64.67,1854,3,15.87,5.95,-0.485,2.423,normal
1778049909.9765835,beam,69.17,2127,3,26.98,0.0,0.197,-0.286,normal
1778050640.700963,beam,98.62,2959,3,55.08,0.0,0.093,-0.081,racing
1778050502.3975804,beam,74.37,3444,2,100.0,0.0,1.034,-1.58,racing
1778050993.5905344,beam,84.42,3797,2,93.75,0.0,1.618,7.779,racing
1778050199.37784,beam,54.33,1801,3,21.83,0.0,0.301,0.55,normal
1778050142.3931422,beam,77.07,1961,3,0.0,0.0,-0.823,-1.333,normal
1778050648.5254474,beam,113.67,3290,3,55.08,0.0,0.932,-1.376,racing
1778050067.994244,beam,73.63,2422,3,44.05,0.0,0.489,-0.976,normal
1778050856.431919,beam,68.94,956,3,0.0,100.0,-5.753,2.354,racing
1778050060.33387,beam,55.2,2224,3,44.05,0.0,0.807,0.189,normal
1778050646.1799462,beam,105.73,3111,3,55.47,0.0,0.884,-0.307,racing
1778050549.7691312,beam,148.65,4148,3,58.2,0.0,-0.016,-0.354,racing
1778050096.5086186,beam,84.65,2466,3,28.97,0.0,0.029,-1.335,normal
1778050687.303213,beam,20.94,962,1,20.63,0.0,-1.554,-2.513,racing
1778049924.161254,beam,76.9,2273,3,26.59,0.0,0.056,-1.153,normal
1778050621.3898294,beam,74.91,1941,3,0.0,46.43,-5.111,-2.363,racing
1778050678.0588374,beam,95.92,2540,3,0.0,55.08,-5.889,7.514,racing
1778050585.5100973,beam,92.83,2893,3,66.8,0.0,0.543,-0.094,racing
1778050737.0872831,beam,127.51,3593,3,46.83,0.0,-0.035,-1.686,racing
1778050651.051695,beam,121.34,3475,3,55.47,0.0,0.641,-1.42,racing
1778050004.7334168,beam,87.19,2547,3,31.35,0.0,-0.155,-1.301,normal
1778050512.899201,beam,115.81,5031,2,100.0,0.0,0.764,-0.568,racing
1778049837.261369,beam,74.3,2318,3,34.13,0.0,0.382,0.764,normal
1778050728.4888744,beam,130.75,3682,3,49.6,0.0,0.099,-0.607,racing
1778050550.3075044,beam,148.61,4148,3,58.2,0.0,-0.048,-0.733,racing
1778050520.1658924,beam,133.18,5612,3,67.97,0.0,0.331,-0.916,racing
1778050229.9031029,beam,71.46,1983,3,12.7,0.0,-0.074,-0.194,normal
1778050874.8282356,beam,111.06,4839,2,100.0,0.0,0.958,0.687,racing
1778050885.466594,beam,83.66,2759,3,73.83,0.0,-0.752,-1.771,racing
1778050808.5929189,beam,121.71,5267,2,100.0,0.0,0.73,0.955,racing
1778050066.3491542,beam,70.16,2380,3,44.44,0.0,0.329,-4.451,normal
1778050288.8278215,beam,57.01,1845,3,21.43,0.0,0.113,-0.867,normal
1778049978.0072873,beam,62.4,1697,3,7.54,0.0,-0.646,-1.041,normal
1778049835.598065,beam,72.27,2281,3,34.13,0.0,0.276,-0.201,normal
1778050929.4552374,beam,99.2,2928,3,47.62,0.0,0.323,-0.104,racing
1778050060.4452903,beam,55.52,2227,3,44.05,0.0,0.784,-0.211,normal
1778050588.0595212,beam,95.64,2836,3,44.05,0.0,0.171,-0.075,racing
1778050925.0779705,beam,120.7,3218,3,0.0,52.34,-5.163,10.988,racing
1778050691.1379693,beam,28.09,2345,2,53.13,1.59,0.22,2.43,racing
1778049909.4332795,beam,68.74,2119,3,26.98,0.0,0.291,0.795,normal
1778050683.2994363,beam,45.96,772,3,0.0,0.0,-1.334,-1.499,racing
1778050015.1354272,beam,87.42,2512,3,26.98,0.0,0.067,2.074,normal
1778050659.565703,beam,103.4,3041,3,54.69,0.0,0.302,-0.415,racing
1778050268.4815414,beam,65.77,1862,3,14.29,0.0,0.329,-0.419,normal
1778049847.3949184,beam,82.16,2435,3,31.35,0.0,0.213,0.478,normal
1778049944.70099,beam,79.25,2294,3,23.81,0.0,-0.095,-1.074,normal
1778050129.811983,beam,91.83,2628,3,28.57,0.0,0.033,0.174,normal
1778050656.6766655,beam,118.21,3141,3,0.0,0.0,-1.152,-1.007,racing
1778050599.54768,beam,75.38,2787,3,59.77,0.0,0.288,-0.421,racing
1778050587.5122929,beam,95.45,2828,3,43.65,0.0,-0.089,1.433,racing
1778049935.015453,beam,77.21,2262,3,25.0,0.0,0.094,0.05,normal
1778050283.17815,beam,55.43,1693,3,16.67,0.0,0.13,0.586,normal
1778050131.9138696,beam,92.19,2639,3,28.97,0.0,0.076,0.301,normal
1778050951.6497664,beam,99.96,3064,3,78.12,2.38,0.644,0.478,racing
1778050933.286585,beam,94.32,2683,3,28.97,0.0,0.01,0.297,racing
1778050589.7919629,beam,85.23,2210,3,0.0,0.0,0.047,8.04,racing
1778049834.6969132,beam,71.14,2263,3,34.13,0.0,0.396,0.873,normal
1778050118.433717,beam,90.26,2576,3,26.98,0.0,0.006,0.09,normal
1778050142.7431483,beam,76.06,1929,3,0.0,0.0,-0.91,-0.949,normal
1778049899.0791104,beam,60.14,1836,3,19.44,0.0,0.092,0.48,normal
1778050934.1510615,beam,94.44,2698,3,29.76,0.0,0.018,-0.088,racing
1778049892.145108,beam,67.57,1691,3,0.0,24.6,-3.051,-0.832,normal
1778050183.069321,beam,66.59,1726,3,2.78,0.0,-0.583,1.337,normal
1778050831.3710425,beam,91.59,2905,3,80.86,0.0,0.685,-0.645,racing
1778049940.0824285,beam,78.56,2295,3,25.4,0.0,0.063,0.028,normal
1778050188.1449914,beam,55.7,1406,3,2.78,0.0,-0.571,-0.6,normal
1778050946.6231556,beam,91.47,2794,3,54.3,5.95,-0.178,0.868,racing
1778050013.0316143,beam,87.71,2518,3,26.98,0.0,0.048,0.325,normal
1778050895.1837523,beam,105.23,4606,2,100.0,0.0,1.054,0.969,racing
1778050203.7131472,beam,57.52,1862,3,22.62,0.0,0.143,0.347,normal
1778050754.1477718,beam,104.62,3153,3,75.39,0.0,0.673,-1.836,racing
1778050256.530706,beam,49.03,1505,3,14.29,0.0,0.007,0.34,normal
1778049833.6286082,beam,69.7,2241,3,34.13,0.0,0.305,-1.199,normal
1778050757.3372414,beam,111.17,3295,3,71.88,0.0,0.397,-1.061,racing
1778050541.5400696,beam,148.11,4136,3,58.59,0.0,0.055,0.702,racing
1778049931.5111268,beam,77.84,2288,3,26.19,0.0,0.392,4.914,normal
1778049871.827773,beam,92.15,2648,3,30.16,0.0,0.08,-0.07,normal
1778050547.291227,beam,148.74,4150,3,58.99,0.0,0.016,-0.495,racing
1778050867.843969,beam,83.6,3776,2,100.0,0.0,1.517,0.971,racing
1778050249.395085,beam,55.86,1651,3,14.29,0.0,-0.389,0.941,normal
1778050823.8806195,beam,72.32,2365,3,40.48,0.0,0.838,2.762,racing
1778050155.3750966,beam,59.86,1264,3,0.0,0.0,-0.818,-2.803,normal
1778050066.0282352,beam,69.57,2368,3,44.44,0.0,0.944,5.683,normal
1778050841.4298444,beam,110.35,4806,2,100.0,0.0,0.82,-0.138,racing
1778050757.4500847,beam,111.41,3295,3,69.14,0.0,0.593,1.734,racing
1778050930.2246404,beam,99.77,2729,3,0.0,0.0,-0.479,-6.402,racing
1778050660.3642862,beam,104.53,3080,3,50.39,0.0,0.352,-0.599,racing
1778050225.5462725,beam,72.59,2015,3,13.49,0.0,0.133,2.272,normal
1778050785.17442,beam,86.14,2571,3,36.9,0.0,0.274,0.06,racing
1778050751.4386396,beam,98.28,3024,3,75.39,0.0,0.61,0.204,racing
1778049879.2325733,beam,93.95,2690,3,30.16,0.0,0.096,0.252,normal
1778049933.8091843,beam,77.04,2253,3,25.0,0.0,-0.043,-0.396,normal
1778049914.1498804,beam,71.88,2177,3,26.98,0.0,0.244,0.288,normal
1778050853.4171054,beam,131.35,3786,3,100.0,0.0,0.413,0.271,racing
1778050093.953076,beam,83.62,2423,3,26.98,0.0,0.077,0.873,normal
1778049879.876588,beam,94.08,2693,3,30.16,0.0,0.016,-0.214,normal
1778050800.609751,beam,95.66,4238,2,100.0,0.0,1.137,1.368,racing
1778050201.44494,beam,55.99,1841,3,22.62,0.0,0.169,-0.053,normal
1778050230.6739848,beam,70.99,1972,3,12.7,0.0,-0.025,2.129,normal
1778050306.2478683,beam,63.67,1534,3,0.0,0.0,-0.695,-0.436,normal
1778050264.8009546,beam,59.96,1729,3,14.29,0.0,0.522,0.95,normal
1778050657.6602466,beam,104.8,2774,3,0.0,25.4,-3.553,6.296,racing
1778050299.976979,beam,60.97,1914,3,22.62,0.0,0.123,0.327,normal
1778050565.9019094,beam,91.9,4087,2,82.03,0.0,1.03,-0.731,racing
1778050269.0252416,beam,66.3,1865,3,13.49,0.0,0.238,-0.359,normal
1778050053.8027,beam,42.04,1676,3,21.43,0.0,0.018,-1.592,normal
1778049938.518567,beam,78.14,2281,3,25.0,0.0,0.116,-0.016,normal
1778050778.682376,beam,98.91,2896,3,43.25,0.0,0.241,-1.296,racing
1778050146.4288497,beam,65.32,1846,3,13.49,3.57,-0.582,-0.471,normal
1778050995.108698,beam,72.59,3024,2,0.0,15.87,-2.702,10.551,racing
1778050911.2148924,beam,114.03,4959,2,100.0,0.0,0.805,-0.543,racing
1778050897.7349863,beam,102.19,4287,2,0.0,4.37,-1.955,20.105,racing
1778049864.1935446,beam,89.82,2601,3,30.55,0.0,0.112,0.355,normal
1778049960.0049355,beam,89.87,2543,3,23.81,0.0,0.087,-0.162,normal
1778050701.268699,beam,73.22,3923,2,100.0,3.57,0.946,-3.869,racing
1778050542.2882693,beam,148.15,4138,3,58.59,0.0,0.055,0.645,racing
1778050102.2018416,beam,86.41,2506,3,28.97,0.0,0.094,0.427,normal
1778050838.7633674,beam,104.45,3406,2,100.0,0.0,-0.641,-2.416,racing
1778050604.062595,beam,85.16,2799,3,99.22,0.0,0.789,0.124,racing
1778050598.162671,beam,78.48,3274,2,0.0,4.37,-2.604,26.113,racing
1778050914.21103,beam,122.33,5291,2,100.0,0.0,0.612,-1.977,racing
1778050711.5770752,beam,103.69,4543,2,100.0,4.37,0.769,0.609,racing
1778049924.4781697,beam,77.02,2279,3,26.98,0.0,0.126,0.169,normal
1778050313.553357,beam,42.43,768,3,0.0,0.0,-0.272,2.679,normal
1778050526.161367,beam,133.16,3827,3,100.0,0.0,0.452,-0.408,racing
1778050096.8402448,beam,84.8,2469,3,28.97,0.0,0.215,2.496,normal
1778050790.0942922,beam,84.33,2211,3,0.0,40.48,-5.198,-35.267,racing
1778050595.9928358,beam,85.01,3827,2,100.0,0.0,1.449,0.902,racing
1778050841.7848022,beam,111.32,4848,2,100.0,0.0,0.807,1.146,racing
1778050639.201666,beam,98.01,2947,3,55.08,0.0,0.195,0.384,racing
1778050925.9248788,beam,112.34,2976,3,0.0,50.39,-5.93,1.463,racing
1778050727.8421829,beam,130.5,3676,3,49.6,0.0,0.199,1.599,racing
1778050927.2218616,beam,99.44,2616,3,0.0,0.0,-1.026,-7.32,racing
1778050938.7214484,beam,98.67,4131,2,0.0,0.0,-1.164,4.409,racing
1778049968.0551178,beam,88.54,2306,3,0.0,0.0,-0.823,0.009,normal
1778050153.3740032,beam,61.79,1849,3,18.65,1.59,0.01,0.811,normal
1778050132.0278828,beam,92.21,2639,3,28.97,0.0,0.056,-0.173,normal
1778050017.4458485,beam,87.42,2512,3,26.98,0.0,-0.031,-0.374,normal
1778050901.9314954,beam,87.22,2266,3,0.0,0.0,-0.86,0.179,racing
1778049864.4332066,beam,89.92,2599,3,30.55,0.0,0.079,-0.524,normal
1778050985.8120413,beam,92.82,2897,3,75.39,0.0,0.352,-1.956,racing
1778050128.6120226,beam,91.64,2623,3,28.57,0.0,0.031,-0.204,normal
1778050637.3019245,beam,96.19,2912,3,55.86,0.0,0.445,0.148,racing
1778049869.5308354,beam,91.53,2633,3,29.76,0.0,0.115,0.615,normal
1778049890.8668215,beam,79.39,2046,3,0.0,13.1,-2.086,2.957,normal
1778050740.434772,beam,128.58,3624,3,47.62,0.0,0.05,-1.975,racing
1778050246.663371,beam,60.15,1736,3,14.29,0.0,-0.309,-0.226,normal
1778049836.0492997,beam,72.8,2290,3,34.13,0.0,0.239,-0.689,normal
1778050942.5560164,beam,104.37,2898,3,17.06,0.0,-0.382,-4.055,racing
1778050024.3802044,beam,87.29,2506,3,26.59,0.0,-0.054,-0.698,normal
1778049849.532312,beam,83.52,2465,3,31.35,0.0,0.078,-1.746,normal
1778050796.1256857,beam,75.83,3493,2,100.0,0.0,1.222,-0.192,racing
1778051014.4432535,beam,123.25,5327,2,98.83,0.0,1.096,-0.14,racing
1778050573.9297247,beam,104.97,3172,3,78.91,0.0,0.633,0.623,racing
1778050859.888082,beam,47.69,2380,3,100.0,0.0,1.15,2.067,racing
1778050584.2145617,beam,90.59,2766,3,52.34,0.0,0.419,0.022,racing
1778050920.8764644,beam,130.97,3740,3,68.36,0.0,0.44,1.77,racing
1778050567.5448763,beam,96.31,3291,3,50.0,0.0,0.12,-0.4,racing
1778050928.3917315,beam,97.71,2850,3,43.65,0.0,0.227,1.451,racing
1778050576.5008242,beam,110.6,3291,3,79.3,0.0,0.653,0.822,racing
1778050074.455953,beam,79.09,2324,3,26.98,0.0,0.073,-0.667,normal
1778050795.007028,beam,72.79,2621,3,100.0,0.0,0.966,0.83,racing
1778050838.2977183,beam,104.62,3169,3,83.98,0.0,0.212,-0.72,racing
1778050614.4769907,beam,73.64,3408,2,100.0,0.0,1.712,0.826,racing
1778050029.7207582,beam,82.11,2179,3,4.76,0.0,-0.582,1.891,normal
1778050793.439371,beam,69.21,1897,3,12.3,0.0,-0.251,3.155,racing
1778049982.3298466,beam,54.39,1640,3,15.08,0.0,-0.333,-0.088,normal
1778050964.5818896,beam,83.1,3741,2,77.73,0.0,1.211,-0.629,racing
1778050220.34391,beam,77.34,2240,3,23.02,0.0,0.4,0.739,normal
1778050310.861947,beam,52.18,1266,3,0.0,0.0,-0.408,-2.903,normal
1778050653.8300047,beam,124.45,3549,3,54.69,0.0,-0.027,-2.445,racing
1778050154.9212885,beam,60.92,1426,3,0.0,0.0,-0.373,2.512,normal
1778050127.8448565,beam,91.52,2624,3,28.97,0.0,0.053,-0.062,normal
1778049996.169947,beam,73.94,2275,3,31.74,0.0,0.828,-0.542,normal
1778050205.0515077,beam,58.51,1876,3,22.62,0.0,0.237,0.845,normal
1778050604.1792395,beam,85.49,2809,3,100.0,0.0,0.79,0.015,racing
1778049910.294708,beam,69.41,2131,3,26.98,0.0,0.24,0.117,normal
1778050681.0199764,beam,60.55,1492,3,0.0,38.89,-4.615,-0.043,racing
1778050063.99789,beam,64.92,2317,3,44.44,0.0,0.6,-2.253,normal
1778050907.8445437,beam,102.72,4506,2,100.0,0.0,1.083,0.885,racing
1778049844.3784845,beam,80.06,2384,3,31.74,0.0,0.228,0.333,normal
1778050900.701089,beam,90.76,2374,3,0.0,7.54,-3.185,-10.878,racing
1778049818.1498404,beam,36.72,2118,2,36.11,0.0,1.144,-0.325,normal
1778050691.5710378,beam,28.46,2350,2,73.83,14.29,0.249,-2.515,racing
1778050879.80557,beam,107.59,4525,2,0.0,48.02,-7.155,-53.813,racing
1778050952.3045917,beam,101.39,3094,3,78.91,0.0,0.636,1.905,racing
1778050831.599064,beam,92.16,2915,3,80.86,0.0,0.679,-0.211,racing
1778050637.0805626,beam,95.85,2905,3,55.86,0.0,0.492,-0.165,racing
1778050105.3672082,beam,87.53,2534,3,29.36,0.0,0.088,-0.166,normal
1778050314.78396,beam,37.23,772,2,0.0,0.0,-0.547,-0.133,normal
1778050639.086088,beam,97.93,2945,3,55.08,0.0,0.151,-0.043,racing
1778050151.6563504,beam,62.4,1882,3,19.44,2.78,0.103,3.439,normal
1778050731.643234,beam,131.83,3704,3,48.41,0.0,0.104,0.488,racing
1778049844.2624056,beam,79.97,2377,3,30.16,0.0,0.189,-0.092,normal
1778050094.8678672,beam,83.88,2450,3,29.76,0.0,0.073,-1.171,normal
1778050745.872867,beam,87.03,2261,3,0.0,0.0,-0.959,-3.856,racing
1778050695.5119076,beam,41.47,3561,1,100.0,5.56,1.72,0.005,racing
1778049882.6966796,beam,94.66,2707,3,30.16,0.0,0.053,-0.286,normal
1778049962.0068767,beam,90.83,2567,3,23.81,0.0,0.131,0.087,normal
1778051011.9766457,beam,112.64,4899,2,98.83,0.0,1.322,0.739,racing
1778050962.8526623,beam,77.09,2687,2,78.91,0.0,0.249,-3.995,racing
1778050766.831067,beam,91.36,2387,3,0.0,0.0,-1.005,0.353,racing
1778050665.1066165,beam,110.07,3236,3,63.67,0.0,0.494,1.265,racing
1778050276.4218404,beam,58.78,1740,3,15.87,0.0,-0.351,-1.364,normal
1778050658.665014,beam,103.06,2957,3,40.08,0.0,0.075,-0.443,racing
1778049886.361025,beam,95.37,2726,3,30.55,0.0,0.093,0.114,normal
1778049859.3949244,beam,88.64,2564,3,29.76,0.0,0.18,1.476,normal
1778050534.355777,beam,143.62,4069,3,90.23,0.0,0.272,-0.765,racing
1778050817.1240091,beam,87.79,2290,3,0.0,19.44,-2.185,20.398,racing
1778049975.0735383,beam,66.55,1832,3,10.71,0.0,-0.278,0.71,normal
1778050217.82118,beam,73.63,2157,3,23.02,0.0,0.443,-0.713,normal
1778049900.611344,beam,60.48,1840,3,19.84,0.0,-0.061,-2.97,normal
1778050018.6508818,beam,87.37,2510,3,26.98,0.0,0.023,0.517,normal
1778050507.0513182,beam,95.31,4221,2,100.0,0.0,1.188,-0.577,racing
1778050297.32638,beam,60.02,1877,3,21.43,0.0,0.175,0.663,normal
1778050830.069491,beam,88.11,2843,3,80.86,0.0,0.755,0.895,racing
1778050024.9479814,beam,87.3,2509,3,26.98,0.0,0.014,0.419,normal
1778050602.8461814,beam,83.64,2692,3,46.43,0.0,0.558,-1.334,racing
1778050257.6625752,beam,49.27,1527,3,14.29,0.0,0.26,0.819,normal
1778049988.9186423,beam,54.01,1919,3,27.78,0.0,0.256,-0.801,normal
1778049940.896347,beam,78.82,2300,3,25.4,0.0,0.122,-0.309,normal
1778049962.541514,beam,91.1,2574,3,23.81,0.0,0.137,-0.572,normal
1778050820.8896098,beam,65.72,1558,3,0.0,0.0,-0.647,-0.631,racing
1778050157.3596337,beam,56.74,771,3,0.0,0.0,-0.264,1.6,normal
1778050250.4639478,beam,54.27,1620,3,14.29,0.0,-0.368,0.673,normal
1778049880.3097408,beam,94.17,2695,3,30.16,0.0,0.037,-0.017,normal
1778050224.904302,beam,72.9,1966,3,7.14,0.0,-0.228,0.159,normal
1778049995.3009372,beam,71.2,2234,3,32.14,0.0,1.106,2.411,normal
1778050044.1517036,beam,48.4,1675,3,19.44,0.0,-0.625,-1.096,normal
1778050206.775675,beam,59.66,1892,3,22.62,0.0,0.289,1.675,normal
1778050661.376617,beam,105.56,3078,3,49.6,0.0,0.211,-2.249,racing
1778050623.8616652,beam,51.38,1042,3,0.0,17.06,-1.711,13.417,racing
1778051019.3422422,beam,35.52,770,3,0.0,71.88,-3.336,-2.959,racing
1778049821.178584,beam,47.01,2286,3,34.13,0.0,0.079,-7.611,normal
1778050667.1651254,beam,113.8,3356,3,75.78,0.0,0.53,0.099,racing
1778050793.121137,beam,69.68,1900,3,8.73,0.0,-0.356,1.013,racing
1778050062.5794747,beam,61.39,2281,3,44.44,0.0,0.674,-0.517,normal
1778050128.4983792,beam,91.63,2623,3,28.57,0.0,0.054,-0.195,normal
1778050943.855644,beam,102.76,2726,3,0.0,0.0,-1.03,-6.476,racing
1778050540.4608994,beam,147.95,4132,3,59.77,0.0,0.143,-0.075,racing
1778049857.666177,beam,87.99,2550,3,29.76,0.0,0.111,-0.303,normal
1778050708.3012853,beam,94.81,4199,2,100.0,0.79,0.993,-1.493,racing
1778050564.7331288,beam,87.25,3903,2,83.2,0.0,1.358,1.283,racing
1778050108.9858897,beam,88.6,2553,3,28.57,0.0,0.071,1.133,normal
1778050070.744964,beam,77.76,2232,3,21.43,0.0,0.002,0.718,normal
1778050721.2630494,beam,126.11,3609,3,62.11,0.0,0.368,0.259,racing
1778049961.5466733,beam,90.64,2562,3,23.81,0.0,0.192,0.768,normal
1778049844.0330515,beam,79.81,2381,3,30.55,0.0,0.056,-1.059,normal
1778050829.497697,beam,86.54,2817,3,80.86,0.0,0.822,0.39,racing
1778050971.0128202,beam,77.37,2739,2,100.0,0.0,-0.184,-7.298,racing
1778049976.9882495,beam,64.32,1760,3,8.73,0.0,-0.422,0.513,normal
1778050927.0040884,beam,99.93,2635,3,0.0,17.46,-2.649,21.54,racing
1778050705.1623943,beam,85.62,3849,2,100.0,4.76,0.667,0.549,racing
1778049991.4040842,beam,59.18,2043,3,30.55,0.0,0.606,-3.252,normal
1778050963.3972816,beam,77.69,3509,2,77.73,0.0,1.156,6.433,racing
1778051002.3532555,beam,71.27,3327,2,100.0,0.0,1.452,-0.893,racing
1778050906.662706,beam,98.25,4331,2,100.0,0.0,1.227,1.945,racing
1778050907.4120493,beam,101.05,4442,2,100.0,0.0,0.993,0.018,racing
1778050859.679199,beam,46.9,2351,3,100.0,0.0,1.111,1.484,racing
1778050797.0234249,beam,80.25,3652,2,100.0,0.0,1.359,-0.072,racing
1778049983.3566785,beam,53.07,1616,3,15.08,0.0,-0.263,0.704,normal
1778050541.4357357,beam,148.08,4134,3,58.59,0.0,-0.018,0.407,racing
1778050881.9761508,beam,88.25,2520,3,26.19,0.0,-0.645,1.329,racing
1778050521.7943175,beam,128.2,3415,3,0.0,0.0,-1.079,-0.109,racing
1778050029.2761192,beam,83.32,2161,3,0.79,0.0,-0.793,-0.337,normal
1778050018.76465,beam,87.35,2511,3,26.98,0.0,-0.042,-0.571,normal
1778049859.8443491,beam,88.76,2567,3,29.76,0.0,0.049,0.28,normal
1778050266.364903,beam,62.71,1790,3,14.29,0.0,0.473,0.093,normal
1778050274.4324763,beam,60.87,1721,3,12.3,0.0,-0.279,0.548,normal
1778050603.6290057,beam,83.96,2598,3,63.67,0.0,0.578,4.185,racing
1778050277.7544563,beam,57.5,1715,3,15.87,0.0,-0.179,1.601,normal
1778050139.309261,beam,86.06,2232,3,0.0,0.0,-0.835,-0.06,normal
1778050748.7360468,beam,90.54,4011,2,73.83,0.0,1.101,-2.421,racing
1778049888.8773391,beam,88.1,2292,3,0.0,0.0,-0.848,0.544,normal
1778050062.249835,beam,60.54,2273,3,44.44,0.0,0.665,-0.755,normal
1778050968.379891,beam,74.12,1875,3,0.0,0.0,-0.342,14.068,racing
1778050625.7809966,beam,53.19,2414,3,100.0,0.0,1.199,-0.238,racing
1778050576.0671196,beam,109.65,3272,3,79.3,0.0,0.544,-0.146,racing
1778049852.6643314,beam,85.44,2506,3,31.35,0.0,0.186,0.35,normal
1778050572.818696,beam,102.45,3117,3,78.91,0.0,0.732,1.174,racing
1778050946.3169804,beam,91.68,2751,3,47.62,7.54,-0.252,3.062,racing
1778050095.4210432,beam,84.15,2464,3,29.76,0.0,0.052,-1.104,normal
1778049957.754537,beam,89.33,2530,3,23.81,0.0,0.002,-0.39,normal
1778050635.671718,beam,93.36,2853,3,55.86,0.0,0.485,0.158,racing
1778050646.7513254,beam,107.61,3152,3,55.47,0.0,0.896,-0.611,racing
1778050243.1011071,beam,63.51,1812,3,14.29,0.0,-0.215,-1.336,normal
1778050007.8660069,beam,86.45,2529,3,31.35,0.0,0.056,0.444,normal
1778050769.8662634,beam,90.83,2724,3,42.86,0.0,0.352,1.26,racing
1778050492.5679395,beam,28.35,2741,1,92.58,0.0,2.313,-1.264,racing
1778050263.4459293,beam,57.39,1674,3,14.29,0.0,0.591,0.602,normal
1778050273.749895,beam,61.55,1606,3,15.08,0.0,-0.685,1.266,normal
1778050732.18973,beam,131.98,3708,3,48.41,0.0,0.029,-0.357,racing
1778050180.321267,beam,73.08,1919,3,3.17,0.0,-0.634,0.471,normal
1778050125.5471025,beam,91.1,2612,3,28.57,0.0,0.083,0.376,normal
1778050971.1173074,beam,77.51,2874,2,100.0,0.0,0.359,5.206,racing
1778050244.136969,beam,62.94,1800,3,14.29,0.0,-0.213,-0.526,normal
1778050129.5815537,beam,91.81,2627,3,28.57,0.0,0.062,0.287,normal
1778049851.8961213,beam,85.01,2496,3,31.35,0.0,0.157,-0.501,normal
1778050890.1157076,beam,86.23,3880,2,100.0,0.0,1.073,1.429,racing
1778050493.098614,beam,33.03,2999,1,100.0,0.0,2.398,-0.259,racing
1778050225.326594,beam,72.59,1966,3,9.92,0.0,-0.158,0.494,normal
1778050203.8311112,beam,57.58,1863,3,22.62,0.0,0.142,-0.001,normal
1778050102.8560755,beam,86.61,2507,3,28.57,0.0,0.018,-0.694,normal
1778050602.4881496,beam,82.69,2734,3,67.19,0.0,0.862,-0.905,racing
1778050626.5314722,beam,56.17,2453,2,100.0,0.0,0.75,-2.699,racing
1778049980.8813343,beam,56.34,1638,3,15.08,0.0,-0.468,0.059,normal
1778050250.1521268,beam,54.73,1629,3,14.29,0.0,-0.404,-0.035,normal
1778050909.792736,beam,109.55,4777,2,100.0,0.0,0.911,0.351,racing
1778049847.1814167,beam,82.01,2432,3,31.35,0.0,0.247,1.304,normal
1778050035.0746927,beam,70.25,1744,3,0.0,0.0,-0.626,3.186,normal
1778049920.1433158,beam,75.17,2236,3,26.59,0.0,0.18,-1.186,normal
1778049951.0980055,beam,80.79,2326,3,23.81,0.0,0.232,-1.204,normal
1778049900.714296,beam,60.46,1844,3,19.44,0.0,-0.034,0.256,normal
1778050156.154204,beam,58.46,776,3,0.0,0.0,-0.684,-0.904,normal
1778050722.3584704,beam,127.44,3646,3,64.45,0.0,0.452,1.737,racing
1778050839.2038102,beam,104.33,4540,2,100.0,0.0,0.987,11.349,racing
1778050667.0641105,beam,113.61,3352,3,75.78,0.0,0.52,0.581,racing
1778050238.421376,beam,66.01,1870,3,14.29,0.0,-0.156,0.359,normal
1778050753.3881192,beam,102.86,3117,3,75.39,0.0,0.748,0.764,racing
1778050051.9795918,beam,41.35,1672,3,21.43,0.0,0.087,0.605,normal
1778049823.995334,beam,53.1,2054,3,34.13,0.0,0.704,2.279,normal
1778050857.6816332,beam,36.93,746,3,0.0,85.55,-7.394,35.697,racing
1778050643.002366,beam,99.89,2989,3,55.86,0.0,0.259,0.525,racing
1778049929.5487893,beam,77.69,2287,3,26.19,0.0,0.059,1.438,normal
1778050056.4968336,beam,45.88,1965,3,31.74,0.0,0.806,1.939,normal
1778050511.5692616,beam,111.82,4868,2,100.0,0.0,0.814,-1.537,racing
1778050198.8458805,beam,53.84,1795,3,21.83,0.0,0.301,0.547,normal
1778050937.407802,beam,98.08,3044,3,100.0,0.0,0.731,-0.139,racing
1778050108.5549824,beam,88.5,2550,3,28.57,0.0,0.028,-0.161,normal
1778050650.9515958,beam,121.11,3469,3,55.47,0.0,0.783,1.117,racing
1778050847.5253513,beam,121.06,3545,3,100.0,0.0,0.905,-1.966,racing
1778049938.9488006,beam,78.2,2288,3,25.4,0.0,-0.008,-0.825,normal
1778050606.3890162,beam,92.1,4097,2,100.0,0.0,1.137,-1.342,racing
1778050185.2957437,beam,61.52,1570,3,2.78,0.0,-0.531,0.946,normal
1778049970.7266045,beam,78.19,2005,3,0.0,7.54,-1.659,-0.698,normal
1778050248.8662484,beam,56.68,1667,3,14.29,0.0,-0.395,-0.271,normal
1778050888.9163637,beam,82.52,3752,2,100.0,0.0,0.414,-1.384,racing
1778050929.7767527,beam,99.57,2928,3,46.43,0.0,0.291,-0.398,racing
1778050582.4164228,beam,92.24,2408,3,0.0,0.0,-0.961,0.76,racing
1778050874.368146,beam,109.59,4780,2,100.0,0.0,0.823,4.072,racing
1778050656.7785263,beam,117.83,3128,3,0.0,0.0,-1.025,1.253,racing
1778050139.0769918,beam,86.76,2252,3,0.0,0.0,-0.857,-0.174,normal
1778050778.580471,beam,98.82,2895,3,43.25,0.0,0.373,1.201,racing
1778050806.5301318,beam,116.07,5039,2,100.0,0.0,0.889,-1.102,racing
1778050779.0113251,beam,99.3,2903,3,43.25,0.0,0.36,0.383,racing
1778050806.9592168,beam,117.28,5089,2,100.0,0.0,0.735,0.107,racing
1778050899.165279,beam,97.8,2935,3,0.0,0.0,-0.473,-0.757,racing
1778050238.9729316,beam,65.71,1865,3,14.29,0.0,-0.104,0.546,normal
1778050140.7618904,beam,81.8,2105,3,0.0,0.0,-0.744,0.95,normal
1778050789.3430483,beam,88.36,2491,3,20.63,0.0,-0.03,0.999,racing
1778050925.710369,beam,116.98,3103,3,0.0,7.54,-1.127,-0.025,racing
1778049946.4636686,beam,79.34,2299,3,24.21,0.0,0.015,-0.592,normal
1778049977.8888853,beam,62.68,1704,3,7.54,0.0,-0.523,0.36,normal
1778050065.9274726,beam,69.23,2363,3,44.44,0.0,0.371,-2.495,normal
1778050939.2562432,beam,98.57,4295,2,58.2,0.0,0.759,-2.825,racing
1778049970.8411274,beam,77.62,1986,3,0.0,5.95,-1.387,2.374,normal
1778050033.8585515,beam,75.37,1906,3,0.0,0.0,-0.417,2.646,normal
1778050294.1521614,beam,58.72,1854,3,21.43,0.0,0.097,-1.763,normal
1778050914.86279,beam,123.98,5357,2,100.0,0.0,0.757,0.567,racing
1778050311.7694013,beam,50.58,772,3,0.0,0.0,-0.59,0.332,normal
1778050532.671462,beam,141.56,4019,3,91.02,0.0,0.448,0.964,racing
1778049903.5138493,beam,62.55,2018,3,26.98,0.0,0.291,0.283,normal
1778051018.0441608,beam,91.06,2637,3,0.0,73.44,-24.232,-80.916,racing
1778050072.6259742,beam,78.39,2306,3,26.59,0.0,0.127,0.236,normal
1778050262.900493,beam,56.42,1654,3,14.29,0.0,0.703,3.075,normal
1778050202.498108,beam,57.17,1854,3,22.62,0.0,1.01,4.702,normal
1778050927.9602716,beam,97.43,2722,3,31.35,0.0,0.059,6.478,racing
1778050616.2718525,beam,84.86,3822,2,100.0,0.0,1.591,-1.409,racing
1778050150.4452322,beam,62.86,1908,3,20.63,0.0,0.016,-0.052,normal
1778050710.0152504,beam,99.6,4383,2,100.0,4.76,0.648,0.175,racing
1778050879.1367393,beam,116.09,4874,2,0.0,0.0,-1.3,4.268,racing
1778049861.1318953,beam,89.2,2575,3,29.76,0.0,0.153,-0.5,normal
1778050526.7903166,beam,134.23,3851,3,100.0,0.0,0.481,0.01,racing
1778050000.1783698,beam,84.64,2495,3,32.14,0.0,0.496,-0.997,normal
1778050816.7071931,beam,94.62,2502,3,0.0,51.17,-6.059,-3.049,racing
1778050583.9797003,beam,90.24,2684,3,46.43,0.0,0.203,0.579,racing
1778049849.0001905,beam,83.22,2457,3,31.35,0.0,0.199,-0.022,normal
1778050641.895271,beam,99.1,2973,3,55.86,0.0,0.224,0.804,racing
1778050588.697186,beam,95.82,2739,3,5.56,0.0,-0.327,-6.109,racing
1778050315.751791,beam,28.96,771,2,0.0,24.21,-2.777,5.181,normal
1778051005.1928809,beam,85.26,3842,2,100.0,0.0,0.621,4.999,racing
1778050294.4907246,beam,58.82,1856,3,21.43,0.0,0.02,-2.173,normal
1778050877.2715304,beam,117.83,5111,2,100.0,0.0,0.796,1.878,racing
1778050104.7059245,beam,87.3,2531,3,29.76,0.0,0.121,-0.022,normal
1778049967.4015589,beam,90.45,2367,3,0.0,0.0,-0.931,-1.824,normal
1778049815.6644096,beam,25.44,2121,2,33.33,0.0,0.897,-0.677,normal
1778050806.2132168,beam,114.93,4992,2,100.0,0.0,0.882,3.469,racing
1778050869.8447645,beam,92.43,4109,2,100.0,0.0,1.064,-1.449,racing
1778050668.7605095,beam,116.67,3423,3,76.56,0.0,0.623,1.774,racing
1778050815.602589,beam,109.29,2899,3,4.76,0.0,-0.587,-0.091,racing
1778050241.9890995,beam,63.99,1824,3,14.29,0.0,-0.186,-0.306,normal
1778049966.404777,beam,91.49,2578,3,21.83,0.0,-0.182,-1.415,normal
1778050255.5597792,beam,49.26,1507,3,13.49,0.0,-0.128,-0.801,normal
1778050050.4876804,beam,41.35,1673,3,21.43,0.0,-0.017,0.69,normal
1778050317.886182,beam,5.29,748,1,0.0,29.36,-2.716,5.355,normal
1778049909.010588,beam,68.38,2112,3,26.98,0.0,0.38,1.486,normal
1778051022.6232653,beam,34.28,772,2,0.0,0.0,0.104,1.737,racing
1778050224.7935867,beam,72.99,1968,3,7.14,0.0,-0.246,-0.4,normal
1778050907.298019,beam,100.64,4426,2,100.0,0.0,0.991,-1.423,racing
1778050698.9827404,beam,62.55,5115,1,100.0,2.78,1.402,-0.59,racing
1778050058.4019637,beam,50.2,1989,3,31.74,0.0,0.615,0.148,normal
1778050510.5655289,beam,108.61,4740,2,100.0,0.0,0.921,-0.198,racing
1778050268.2462008,beam,65.47,1855,3,14.29,0.0,0.443,0.939,normal
1778049858.7659154,beam,88.39,2558,3,29.76,0.0,0.131,0.633,normal
1778050971.5611196,beam,78.94,3598,2,100.0,0.0,1.857,5.85,racing
1778050759.334177,beam,114.89,3365,3,68.36,0.0,0.54,-0.364,racing
1778049859.1931968,beam,88.57,2562,3,29.76,0.0,0.166,0.627,normal
1778049993.6338189,beam,65.73,2144,3,31.74,0.0,0.825,0.061,normal
1778049831.4623604,beam,66.61,2196,3,34.13,0.0,0.367,-0.5,normal
1778050307.0391111,beam,62.07,1335,3,0.0,0.0,-0.627,-3.959,normal
1778050609.794,beam,60.17,2715,2,0.0,100.0,-39.562,-32.059,racing
1778050972.114221,beam,81.68,3704,2,100.0,0.0,1.317,-0.758,racing
1778050875.1549227,beam,111.98,4879,2,100.0,0.0,0.575,-2.936,racing
1778050019.0882542,beam,87.35,2510,3,26.98,0.0,-0.003,0.065,normal
1778050318.2154076,beam,2.06,744,1,0.0,30.55,-2.114,10.695,normal
1778050008.083693,beam,86.48,2530,3,31.35,0.0,0.049,0.323,normal
1778049986.395934,beam,51.98,1794,3,22.62,0.0,0.083,0.171,normal
1778050894.7645974,beam,103.75,4548,2,100.0,0.0,1.013,-0.715,racing
1778050180.5368938,beam,72.52,1905,3,3.17,0.0,-0.712,0.026,normal
1778050260.426543,beam,52.1,1573,3,14.29,0.0,0.464,0.54,normal
1778050263.3354511,beam,57.15,1670,3,14.29,0.0,0.525,-0.346,normal
1778050281.5469077,beam,55.42,1703,3,17.06,0.0,0.028,1.849,normal
1778050051.666546,beam,41.28,1672,3,21.43,0.0,0.008,0.044,normal
1778050638.0863776,beam,97.19,2933,3,55.86,0.0,0.415,1.613,racing
1778050648.7443483,beam,114.4,3311,3,55.86,0.0,0.929,-0.042,racing
1778050295.3666108,beam,59.12,1879,3,22.62,0.0,0.069,-0.455,normal
1778050039.3822408,beam,58.33,1809,3,19.44,0.0,-0.605,-1.199,normal
1778050667.9918456,beam,115.27,3392,3,76.56,0.0,0.426,-0.571,racing
1778050580.0151525,beam,112.55,2984,3,0.0,0.0,-1.065,-0.032,racing
1778049934.1304302,beam,77.07,2260,3,25.0,0.0,0.037,-0.117,normal
1778049908.0463717,beam,67.44,2097,3,26.98,0.0,0.306,0.99,normal
1778050647.101462,beam,108.77,3177,3,55.08,0.0,1.006,0.603,racing
1778050301.2893486,beam,61.52,1922,3,22.62,0.0,0.135,0.094,normal
1778050283.2962008,beam,55.39,1694,3,16.67,0.0,-0.095,-1.91,normal
1778050849.516466,beam,126.67,3678,3,100.0,0.0,0.761,2.753,racing
1778050795.5547247,beam,73.31,3047,2,100.0,0.0,0.327,2.297,racing
1778050815.4928792,beam,109.52,2899,3,0.0,0.0,-0.577,-0.66,racing
1778049944.0127203,beam,79.22,2305,3,25.0,0.0,-0.026,0.196,normal
1778050611.7926197,beam,59.63,2300,3,83.2,0.0,1.194,1.875,racing
1778050199.910983,beam,54.76,1822,3,22.62,0.0,0.304,0.762,normal
1778050495.4386315,beam,51.19,4272,1,100.0,0.0,1.749,-3.818,racing
1778049999.3022728,beam,82.76,2453,3,32.14,0.0,0.633,0.694,normal
1778049938.296711,beam,78.05,2280,3,25.0,0.0,0.022,-0.68,normal
1778050065.1430776,beam,67.61,2346,3,44.44,0.0,0.652,0.705,normal
1778051024.1747873,beam,32.92,778,2,0.0,0.0,0.172,-0.649,racing
1778049830.6643083,beam,65.39,2180,3,34.13,0.0,0.427,0.116,normal
1778050633.5206294,beam,89.76,3937,3,61.33,0.0,0.499,-2.834,racing
1778050687.4146652,beam,20.25,1486,1,22.62,0.0,-1.701,-1.32,racing
1778050792.7910092,beam,70.17,1912,3,8.73,0.0,-0.599,-2.541,racing
1778050289.742864,beam,57.3,1829,3,20.63,0.0,0.164,1.201,normal
1778050804.0786078,beam,108.65,4744,2,100.0,0.0,0.912,-0.237,racing
1778050776.1757476,beam,96.08,2836,3,43.65,0.0,0.398,-0.04,racing
1778050800.1733108,beam,93.97,4175,2,100.0,0.0,1.06,-0.616,racing
1778050538.8531294,beam,147.46,4119,3,58.59,0.0,-0.007,-0.978,racing
1778049983.4652216,beam,52.89,1614,3,15.08,0.0,-0.436,-1.596,normal
1778050007.6473334,beam,86.43,2529,3,31.35,0.0,-0.03,-0.941,normal
1778049904.0805638,beam,63.18,2029,3,26.98,0.0,0.313,0.141,normal
1778050959.5368264,beam,77.09,1965,3,0.0,0.0,-0.47,17.335,racing
1778050669.3137107,beam,117.64,3445,3,76.56,0.0,0.434,-0.897,racing
1778049910.6174524,beam,69.6,2135,3,26.98,0.0,0.178,0.475,normal
1778050992.8443556,beam,83.27,2775,3,100.0,0.0,0.742,-1.321,racing
1778050315.6458812,beam,30.02,773,2,0.0,23.81,-3.325,-7.846,normal
1778050918.9972098,beam,128.57,4672,3,67.19,0.0,0.158,-1.553,racing
1778050734.390077,beam,127.36,3488,3,22.62,0.0,-0.332,1.094,racing
1778050615.0062847,beam,77.11,3533,2,100.0,0.0,1.648,-1.877,racing
1778050040.617293,beam,56.1,1774,3,19.44,0.0,-0.353,2.362,normal
1778049983.5878866,beam,52.73,1617,3,15.87,0.0,-0.369,0.547,normal
1778050569.9189043,beam,96.65,2954,3,63.67,0.0,0.408,-2.584,racing
1778050856.7578454,beam,62.39,772,3,0.0,100.0,-5.268,3.056,racing
1778050609.0434651,beam,103.86,4551,2,100.0,0.0,1.392,1.272,racing
1778050497.920617,beam,60.6,2910,2,59.77,0.0,0.256,-3.07,racing
1778050589.477168,beam,87.05,2291,3,0.0,42.46,-5.075,12.851,racing
1778050785.3813074,beam,86.34,2573,3,36.51,0.0,0.224,-0.991,racing
1778050583.3006828,beam,90.07,2514,3,26.98,0.0,-0.276,0.332,racing
1778050711.8825774,beam,104.41,4571,2,100.0,2.38,0.777,1.916,racing
1778050693.563867,beam,30.22,2823,1,100.0,12.7,1.482,4.062,racing
1778049933.2451928,beam,77.09,2227,3,22.62,0.0,0.009,1.371,normal
1778050102.0891144,beam,86.37,2505,3,28.97,0.0,0.046,-0.623,normal
1778050231.3426898,beam,70.52,1960,3,12.7,0.0,-0.127,1.045,normal
1778050828.658072,beam,84.16,2776,3,80.86,0.0,0.791,0.042,racing
1778050964.2522142,beam,81.63,3680,2,76.56,0.0,1.093,-1.161,racing
1778050926.0392,beam,110.27,2927,3,0.0,50.0,-5.031,7.864,racing
1778050064.4635022,beam,66.06,2329,3,44.44,0.0,0.63,-0.48,normal
1778050680.1502786,beam,69.54,1721,3,0.0,0.0,-1.137,-3.164,racing
1778049839.78256,beam,76.78,2305,3,29.36,0.0,0.113,-0.81,normal
1778050578.0157683,beam,113.64,3359,3,79.3,0.0,0.62,0.767,racing
1778050158.5362282,beam,44.4,771,3,0.0,42.46,-4.11,-2.218,normal
1778050258.6629012,beam,49.92,1522,3,14.29,0.0,0.306,1.543,normal
1778050530.396407,beam,138.78,3927,3,67.58,0.0,0.247,-0.729,racing
1778050675.143708,beam,103.61,3063,3,54.3,0.0,0.33,-0.669,racing
1778050882.404968,beam,87.81,2752,3,62.11,0.0,-0.142,-2.421,racing
1778050048.8548634,beam,42.05,1678,3,21.43,0.0,-0.15,0.379,normal
1778050989.4968722,beam,83.19,3474,3,3.97,0.0,-0.983,3.534,racing
1778050182.5305803,beam,67.79,1762,3,2.78,0.0,-0.872,-3.154,normal
1778050640.234457,beam,98.45,2956,3,55.08,0.0,0.09,-0.469,racing
1778050095.8577251,beam,84.39,2467,3,29.36,0.0,0.135,-0.923,normal
1778050978.7789938,beam,106.48,3144,3,58.59,0.0,0.362,-1.255,racing
1778050208.6068113,beam,60.76,1916,3,22.62,0.0,0.131,-0.315,normal
1778049845.1131096,beam,80.6,2402,3,31.35,0.0,0.197,0.438,normal
1778050658.2246764,beam,103.07,2723,3,11.51,0.0,-0.903,0.572,racing
1778050658.1164794,beam,103.42,2725,3,0.0,0.0,-0.965,-0.425,racing
1778050615.7409005,beam,81.75,3704,2,100.0,0.0,1.392,-5.634,racing
1778050152.1034367,beam,62.15,1876,3,19.44,0.79,-0.157,0.499,normal
1778050307.367865,beam,61.0,1228,3,0.0,4.37,-0.939,-1.239,normal
1778050847.1808398,beam,119.83,3515,3,100.0,0.0,1.19,0.256,racing
1778050216.9762025,beam,72.05,2123,3,23.02,0.0,0.332,-2.56,normal
1778049969.2243695,beam,85.0,2203,3,0.0,0.0,-1.046,-3.089,normal
1778050948.853703,beam,93.43,2937,3,78.91,7.54,0.116,-1.652,racing
1778050764.700078,beam,117.9,3133,3,0.0,0.0,-0.901,0.975,racing
1778049852.994266,beam,85.62,2510,3,31.35,0.0,0.113,-0.406,normal
1778050017.230818,beam,87.43,2512,3,26.98,0.0,-0.038,-0.26,normal
1778050305.8132386,beam,64.64,1994,3,8.73,0.0,0.148,-0.635,normal
1778050232.707384,beam,69.42,1942,3,13.49,0.0,-0.11,1.304,normal
1778050013.3783772,beam,87.73,2523,3,26.98,0.0,-0.064,-0.943,normal
1778049994.0542903,beam,67.09,2168,3,31.74,0.0,0.873,0.385,normal
1778049894.4091177,beam,58.96,1691,3,17.46,0.0,-0.006,3.207,normal
1778050820.005783,beam,70.96,1750,3,0.0,0.0,-0.586,-0.877,racing
1778050781.3857825,beam,95.48,2505,3,0.0,0.0,-0.811,0.508,racing
1778050499.429917,beam,64.03,3081,2,87.11,0.0,1.05,1.316,racing
1778049843.730838,beam,79.55,2382,3,31.35,0.0,0.097,0.868,normal
1778050057.563,beam,48.3,1979,3,32.54,0.0,0.344,-1.542,normal
1778050270.7321413,beam,67.24,1888,3,13.49,0.0,0.153,0.93,normal
1778050507.4964888,beam,97.21,4293,2,100.0,0.0,1.245,1.377,racing
1778050502.8307672,beam,76.17,3508,2,100.0,0.0,1.163,1.562,racing
1778050044.8048117,beam,47.05,1671,3,19.84,0.0,-0.443,5.624,normal
1778050586.166742,beam,94.2,2931,3,68.75,0.0,0.419,-2.815,racing
1778050666.528,beam,112.63,3330,3,75.39,0.0,0.451,0.316,racing
1778049866.6837246,beam,90.67,2613,3,30.16,0.0,0.127,0.795,normal
1778050209.0651588,beam,61.01,1914,3,22.62,0.0,-0.071,-2.531,normal
1778050596.304811,beam,86.44,3883,2,100.0,0.0,1.148,-1.908,racing
1778050301.1685417,beam,61.46,1922,3,22.62,0.0,0.124,0.539,normal
1778049980.669157,beam,56.7,1613,3,11.91,0.0,-0.569,-0.838,normal
1778050802.4429815,beam,103.0,4521,2,100.0,0.0,0.975,-1.72,racing
1778049944.2424755,beam,79.25,2305,3,24.21,0.0,0.037,-0.117,normal
1778050140.441866,beam,82.71,2133,3,0.0,0.0,-0.832,0.031,normal
1778050896.8489974,beam,110.86,4831,2,89.06,0.0,0.913,0.48,racing
1778050935.873844,beam,94.9,2804,3,49.6,0.0,0.34,1.197,racing
1778049885.3496304,beam,95.16,2719,3,30.16,0.0,0.05,0.71,normal
1778050762.8523712,beam,118.86,3415,3,54.69,0.0,0.251,-1.724,racing
1778050941.8880384,beam,103.67,3103,3,63.67,0.0,0.54,1.036,racing
1778050652.7239835,beam,123.87,3538,3,55.47,0.0,0.097,-2.466,racing
1778050193.7179167,beam,49.66,1620,3,17.86,0.0,0.089,0.233,normal
1778050817.440358,beam,86.78,2253,3,0.0,0.0,-1.124,-1.133,racing
1778050608.3907666,beam,100.71,4429,2,100.0,0.0,1.266,-1.203,racing
1778050901.2648065,beam,89.25,2324,3,0.0,0.0,-0.845,0.681,racing
1778049972.2877948,beam,73.39,1843,3,0.0,0.0,-0.815,-0.75,normal
1778050315.4272883,beam,32.3,778,2,0.0,23.81,-2.497,4.418,normal
1778050903.864268,beam,89.89,2888,3,100.0,0.0,0.762,-0.031,racing
1778049942.1162894,beam,79.1,2302,3,25.0,0.0,0.047,-1.151,normal
1778050862.9978333,beam,58.69,2918,2,100.0,0.0,1.485,1.463,racing
1778050960.6013408,beam,73.95,1861,3,0.0,0.0,-0.84,0.121,racing
1778050190.734023,beam,51.78,1352,3,3.97,0.0,-0.435,-0.405,normal
1778050060.545997,beam,55.84,2229,3,44.05,0.0,0.875,0.901,normal
1778050674.6097438,beam,102.9,3051,3,56.64,0.0,0.264,-1.535,racing
1778050935.6551542,beam,94.69,2731,3,36.11,0.0,0.122,0.202,racing
1778049857.9830976,beam,88.12,2551,3,29.76,0.0,0.125,0.544,normal
1778049867.1286447,beam,90.82,2616,3,30.16,0.0,0.116,0.274,normal
1778050776.693217,beam,96.69,2846,3,43.25,0.0,0.342,0.133,racing
1778050187.2646568,beam,57.35,1449,3,2.78,0.0,-0.606,-0.412,normal
1778050099.5825129,beam,85.67,2478,3,27.78,0.0,0.076,0.05,normal
1778050586.7299814,beam,95.0,2925,3,62.5,0.0,0.45,2.129,racing
1778049985.4891217,beam,51.88,1773,3,21.83,0.0,-0.002,0.467,normal
1778049867.2321925,beam,90.85,2617,3,30.16,0.0,0.083,-0.318,normal
1778050237.9926076,beam,66.29,1877,3,14.29,0.0,-0.163,-0.155,normal
1778050075.9471312,beam,79.56,2324,3,25.4,0.0,0.139,2.809,normal
1778050638.981429,beam,97.88,2945,3,55.08,0.0,0.155,0.348,racing
1778050184.0870252,beam,64.28,1659,3,2.78,0.0,-0.668,-0.948,normal
1778050800.5040014,beam,95.23,4222,2,100.0,0.0,0.992,-1.205,racing
1778049879.7638364,beam,94.08,2693,3,30.16,0.0,0.04,-1.008,normal
1778050045.6875055,beam,45.59,1683,3,20.63,0.0,-0.27,0.923,normal
1778050999.3438754,beam,59.41,2234,3,57.81,0.0,0.812,2.576,racing
1778050271.881467,beam,66.52,1647,3,0.0,0.0,-0.546,0.104,normal
1778050304.006453,beam,63.29,2029,3,26.98,0.0,0.295,0.953,normal
1778050006.7003305,beam,86.52,2531,3,31.35,0.0,-0.05,-0.442,normal
1778050561.8878014,beam,74.75,3452,2,78.91,0.0,0.898,-11.97,racing
1778050539.1880217,beam,147.54,4121,3,58.59,0.0,-0.067,-1.078,racing
1778050939.6857965,beam,99.43,4212,3,63.28,0.0,0.269,-2.988,racing
1778049849.842863,beam,83.77,2469,3,31.35,0.0,0.199,0.085,normal
1778049898.9645514,beam,60.1,1835,3,19.44,0.0,0.037,0.202,normal
1778050675.2587614,beam,103.72,3066,3,54.3,0.0,0.264,-0.572,racing
1778050122.1455932,beam,90.59,2592,3,27.78,0.0,0.017,0.119,normal
1778050178.219334,beam,78.62,2099,3,3.17,0.0,-0.655,-0.909,normal
1778050885.9012673,beam,83.0,2740,3,65.63,0.0,-0.442,0.75,racing
1778049975.1901157,beam,66.43,1835,3,11.51,0.0,-0.281,-0.024,normal
1778050956.780458,beam,96.16,2523,3,0.0,0.0,-0.93,-0.662,racing
1778050896.5020726,beam,109.77,4787,2,100.0,0.0,0.885,-0.362,racing
1778050991.7649524,beam,80.34,2653,3,69.14,0.0,0.27,-5.397,racing
1778049846.131588,beam,81.28,2417,3,31.35,0.0,0.188,0.465,normal
1778050687.0847876,beam,22.05,775,1,0.0,0.0,-1.117,-0.947,racing
1778049893.4169512,beam,60.78,1276,3,0.0,0.0,-0.583,2.655,normal
1778049898.178238,beam,59.94,1807,3,18.25,0.0,0.019,0.298,normal
1778050083.5268767,beam,81.77,2374,3,26.19,0.0,0.143,0.837,normal
1778050183.8661118,beam,64.77,1673,3,2.78,0.0,-0.627,0.346,normal
1778050034.2877731,beam,74.21,1874,3,0.0,1.59,-0.907,1.401,normal
1778050667.5789976,beam,114.53,3374,3,76.56,0.0,0.462,-0.539,racing
1778050957.3179877,beam,90.28,2377,3,0.0,50.39,-5.524,7.885,racing
1778050093.721032,beam,83.6,2422,3,26.98,0.0,0.178,1.794,normal
1778050272.3404114,beam,65.39,1556,3,0.0,0.0,-0.601,1.368,normal
1778050503.0496738,beam,77.09,3539,2,100.0,0.0,1.208,0.842,racing
1778050846.8341005,beam,118.42,3483,3,100.0,0.0,1.053,-1.492,racing
1778050639.7709312,beam,98.3,2953,3,55.08,0.0,0.188,0.571,racing
1778050512.550039,beam,114.83,4990,2,100.0,0.0,0.825,-0.079,racing
1778050802.9028246,beam,104.62,4584,2,100.0,0.0,1.081,1.476,racing
1778049840.331279,beam,77.14,2316,3,29.76,0.0,0.247,0.795,normal
1778050049.7333984,beam,41.57,1674,3,21.43,0.0,-0.061,1.734,normal
1778050940.3574817,beam,100.66,3050,3,64.45,0.0,0.561,0.543,racing
1778049853.443112,beam,85.87,2515,3,31.35,0.0,0.091,-0.912,normal
1778050580.1168475,beam,112.21,2974,3,0.0,0.0,-0.922,1.4,racing
1778049953.3117216,beam,84.06,2402,3,23.81,0.0,0.472,0.028,normal
1778050021.9095194,beam,87.3,2509,3,26.98,0.0,0.007,0.37,normal
1778050615.5269787,beam,80.44,3655,2,100.0,0.0,1.76,1.347,racing
1778049877.3673358,beam,93.54,2680,3,30.16,0.0,0.08,-0.074,normal
1778049816.8605132,beam,30.88,2052,2,36.11,0.0,1.25,-2.421,normal
1778049970.092691,beam,81.86,2112,3,0.0,7.94,-1.435,-3.125,normal
1778049993.40218,beam,65.04,2134,3,31.74,0.0,0.931,0.509,normal
1778050107.9049473,beam,88.36,2546,3,28.57,0.0,0.113,0.525,normal
1778050020.738172,beam,87.33,2510,3,26.98,0.0,-0.002,0.091,normal
1778050019.840829,beam,87.36,2510,3,26.98,0.0,0.048,0.428,normal
1778050025.3734624,beam,87.14,2518,3,26.98,0.0,-0.772,-10.123,normal
1778050195.6980622,beam,51.04,1747,3,21.83,0.0,0.254,0.215,normal
1778050576.1775036,beam,109.91,3277,3,79.3,0.0,0.651,0.973,racing
1778050076.0609229,beam,79.62,2326,3,26.59,0.0,0.131,-0.075,normal
1778050634.4188683,beam,91.19,2778,3,52.34,0.0,0.415,0.317,racing
1778051003.0111673,beam,74.77,3450,2,100.0,0.0,1.45,-0.276,racing
1778051019.892138,beam,50.0,771,2,0.0,69.53,7.055,-85.969,racing
1778050027.828088,beam,87.6,2414,3,5.56,0.0,-0.335,-2.097,normal
1778050212.4378147,beam,63.9,1982,3,23.81,0.0,0.406,-1.95,normal
1778050681.3413515,beam,58.31,1328,3,0.0,0.0,-0.96,2.5,racing
1778050302.7401474,beam,62.25,2003,3,26.98,0.0,0.183,-0.443,normal
1778050517.582112,beam,127.91,5517,2,100.0,0.0,0.589,-1.324,racing
1778049987.5542376,beam,52.69,1880,3,25.4,0.0,0.175,-0.364,normal
1778050713.296399,beam,109.35,4769,2,100.0,0.0,0.903,0.127,racing
1778049964.4778416,beam,91.74,2590,3,23.81,0.0,0.047,0.255,normal
1778050534.5612257,beam,143.88,4075,3,90.23,0.0,0.348,-0.202,racing
1778050666.3134136,beam,112.29,3321,3,75.39,0.0,0.628,0.651,racing
1778050320.2485034,beam,0.0,746,1,0.0,28.57,-0.006,0.001,normal
1778050503.265695,beam,78.01,3573,2,100.0,0.0,1.244,1.013,racing
1778050729.88808,beam,131.26,3691,3,48.41,0.0,0.101,0.009,racing
1778050190.3960974,beam,52.23,1382,3,4.76,0.0,-0.365,0.608,normal
1778049858.54502,beam,88.31,2556,3,29.76,0.0,0.128,0.408,normal
1778050797.243057,beam,81.28,3690,2,100.0,0.0,1.265,-0.789,racing
1778050124.7955549,beam,90.95,2607,3,28.57,0.0,0.001,-1.06,normal
1778049856.7965343,beam,87.65,2543,3,29.76,0.0,0.104,-0.477,normal
1778050934.2583606,beam,94.45,2699,3,29.36,0.0,0.017,-0.003,racing
1778050922.2564652,beam,132.68,3782,3,68.75,0.0,0.333,0.428,racing
1778051003.6592996,beam,78.0,3569,2,100.0,0.0,1.136,-3.717,racing
1778050084.6052072,beam,81.98,2372,3,25.4,0.0,0.049,0.182,normal
1778050545.9044783,beam,148.75,4149,3,58.59,0.0,0.016,-1.177,racing
1778049896.9940555,beam,59.77,1777,3,17.06,0.0,0.004,1.01,normal
1778050517.4805894,beam,127.69,5507,2,100.0,0.0,0.724,1.036,racing
1778050577.24923,beam,112.11,3325,3,79.3,0.0,0.581,0.191,racing
1778050854.7752123,beam,133.36,3831,3,99.22,0.0,0.503,-0.446,racing
1778049834.916412,beam,71.44,2267,3,34.13,0.0,0.411,0.534,normal
1778050084.7118409,beam,81.98,2353,3,21.83,0.0,-0.009,-0.541,normal
1778050728.8105774,beam,130.86,3685,3,49.6,0.0,0.051,-0.878,racing
1778050523.9976175,beam,129.3,3736,3,100.0,0.0,0.45,-0.832,racing
1778050692.3349698,beam,28.56,2376,2,100.0,8.73,-0.157,-3.735,racing
1778050157.125419,beam,57.04,769,3,0.0,0.0,-0.306,1.78,normal
1778050501.7295587,beam,71.77,3354,2,100.0,0.0,0.889,-1.368,racing
1778049926.2165086,beam,77.43,2290,3,26.98,0.0,0.152,2.13,normal
1778050928.9209225,beam,98.48,2976,3,57.42,0.0,0.603,1.276,racing
1778050933.4899893,beam,94.34,2693,3,29.36,0.0,-0.006,-0.753,racing
1778050834.9997194,beam,100.47,3079,3,81.25,0.0,0.723,1.061,racing
1778050035.535936,beam,68.66,1684,3,0.0,0.0,-0.882,1.139,normal
1778050497.4699993,beam,59.54,3306,2,58.99,0.0,0.396,1.0,racing
1778050980.508044,beam,109.46,3247,3,69.53,0.0,0.474,-0.527,racing
1778050912.1139977,beam,116.64,5063,2,100.0,0.0,0.765,-0.423,racing
1778050028.496036,beam,85.64,2223,3,0.0,0.0,-0.804,0.283,normal
1778050678.7404718,beam,84.08,2208,3,0.0,48.02,-6.392,-19.844,racing
1778050042.700089,beam,51.56,1710,3,19.44,0.0,-0.354,1.055,normal
1778049976.2262285,beam,65.44,1788,3,8.73,0.0,-0.242,0.541,normal
1778049932.7994792,beam,77.25,2182,3,18.65,0.0,-0.2,1.573,normal
1778050593.064152,beam,74.27,2639,3,100.0,0.0,0.903,0.088,racing
1778050512.331643,beam,114.18,4963,2,100.0,0.0,0.857,0.248,racing
1778050308.770229,beam,54.91,771,3,0.0,0.0,-0.568,-0.153,normal
1778049883.1301627,beam,94.76,2709,3,30.16,0.0,0.107,0.842,normal
1778049830.5504007,beam,65.21,2178,3,34.13,0.0,0.414,-0.225,normal
1778050111.5127883,beam,89.28,2574,3,29.36,0.0,0.125,0.347,normal
1778050144.642575,beam,70.21,1733,3,0.0,0.0,-0.617,2.275,normal
1778050591.8952389,beam,72.45,1815,3,0.0,0.0,-0.743,0.034,racing
1778049838.4804902,beam,75.57,2317,3,31.74,0.0,-0.031,-3.92,normal
1778050009.062632,beam,86.83,2536,3,31.35,0.0,0.176,0.846,normal
1778049998.8679216,beam,81.68,2427,3,31.74,0.0,0.501,-2.619,normal
1778050231.5556474,beam,70.32,1956,3,12.7,0.0,-0.325,-1.243,normal
1778050666.4137452,beam,112.44,3325,3,75.39,0.0,0.415,-2.123,racing
1778050665.7876058,beam,111.25,3296,3,74.22,0.0,0.514,0.235,racing
1778050319.1813858,beam,0.04,744,1,0.0,28.57,-0.056,0.506,normal
1778050701.966552,beam,76.39,3510,2,100.0,4.37,1.087,2.484,racing
1778050299.7655156,beam,60.89,1912,3,22.62,0.0,0.12,0.257,normal
1778049976.105512,beam,65.55,1797,3,8.73,0.0,-0.307,-0.319,normal
1778050114.1869087,beam,89.92,2585,3,28.97,0.0,0.067,0.107,normal
1778050276.8558812,beam,58.35,1732,3,15.87,0.0,-0.33,-1.281,normal
1778050623.6336143,beam,53.41,1203,3,0.0,46.03,-4.427,3.77,racing
1778050051.365295,beam,41.25,1672,3,21.43,0.0,0.009,-0.093,normal
1778050549.5421236,beam,148.64,4149,3,58.59,0.0,-0.08,-1.8,racing
1778050957.5504465,beam,86.58,2268,3,0.0,26.98,-3.592,14.321,racing
1778050040.1528635,beam,57.01,1788,3,19.44,0.0,-0.373,0.87,normal
1778050752.6174903,beam,101.01,3079,3,75.39,0.0,0.654,0.515,racing
1778050195.914832,beam,51.25,1761,3,21.43,0.0,0.27,-0.045,normal
1778050981.8098,beam,112.0,3308,3,71.88,0.0,0.601,-0.567,racing
1778049888.9808297,beam,87.77,2282,3,0.0,0.0,-0.871,-0.216,normal
1778050017.5616176,beam,87.42,2511,3,26.98,0.0,0.011,0.368,normal
1778050288.7195015,beam,56.96,1849,3,21.83,0.0,0.207,-0.122,normal
1778050160.8211668,beam,27.53,2144,2,53.52,0.0,1.714,2.605,normal
1778050878.139367,beam,119.8,5192,2,100.0,0.0,0.595,-1.289,racing
1778050674.0584853,beam,102.11,3045,3,57.42,0.0,0.295,-1.15,racing
1778050556.9876451,beam,70.52,1790,3,0.0,37.3,-4.243,-6.305,racing
1778050285.5429232,beam,55.67,1758,3,20.63,0.0,0.09,-0.356,normal
1778050962.400525,beam,75.97,2619,3,85.55,0.0,0.897,1.679,racing
1778050281.08736,beam,55.49,1704,3,17.06,0.0,-0.048,0.302,normal
1778050509.0018015,beam,103.1,4521,2,100.0,0.0,1.0,-0.41,racing
1778050707.8838336,beam,93.4,4144,2,100.0,4.76,0.814,0.231,racing
1778050573.6968932,beam,104.47,3161,3,78.91,0.0,0.496,-2.476,racing
1778050828.5512724,beam,83.86,2770,3,80.86,0.0,0.786,-0.322,racing
1778049873.6821425,beam,92.65,2659,3,30.16,0.0,0.107,0.843,normal
1778051002.894784,beam,74.17,3428,2,100.0,0.0,1.482,-0.483,racing
1778050270.8493953,beam,67.24,1889,3,13.49,0.0,0.008,-1.239,normal
1778050244.9963176,beam,62.18,1783,3,14.29,0.0,-0.134,1.15,normal
1778050139.4218965,beam,85.73,2223,3,0.0,0.0,-0.81,0.223,normal
1778049881.8322291,beam,94.49,2703,3,30.16,0.0,0.074,0.537,normal
1778049950.8593905,beam,80.53,2318,3,23.81,0.0,0.427,2.089,normal
1778050255.8855588,beam,49.14,1523,3,14.29,0.0,-0.042,0.427,normal
1778050116.6127172,beam,90.38,2597,3,28.97,0.0,0.017,-0.522,normal
1778049867.333409,beam,90.86,2618,3,30.16,0.0,0.028,-0.543,normal
1778050958.3168392,beam,82.86,2136,3,0.0,0.0,-0.832,0.357,racing
1778050027.611324,beam,87.77,2484,3,22.62,0.0,-0.142,-1.327,normal
1778050771.9811614,beam,92.28,2750,3,42.46,0.0,0.201,-0.007,racing
1778050204.931295,beam,58.4,1876,3,22.62,0.0,0.135,-0.873,normal
1778049980.1094873,beam,57.79,1605,3,9.52,0.0,-0.509,1.237,normal
1778049847.4976797,beam,82.22,2437,3,31.35,0.0,0.169,-0.423,normal
1778050182.3296745,beam,68.3,1777,3,2.78,0.0,-0.69,-1.652,normal
1778050750.237771,beam,95.53,3739,3,75.39,0.0,0.43,-0.927,racing
1778050068.6471665,beam,74.88,2441,3,44.05,0.0,0.544,0.664,normal
1778050265.6811638,beam,61.54,1764,3,14.29,0.0,0.506,0.238,normal
1778050656.3595054,beam,119.47,3174,3,0.0,0.0,-1.269,-0.5,racing
1778049899.1944976,beam,60.2,1837,3,19.44,0.0,0.146,0.465,normal
1778050057.666775,beam,48.49,1984,3,32.54,0.0,0.513,1.631,normal
1778050770.9829023,beam,91.47,2726,3,42.06,0.0,0.074,-0.835,racing
1778050543.756842,beam,148.47,4146,3,58.99,0.0,0.134,1.839,racing
1778050661.029364,beam,105.16,3065,3,48.81,0.0,0.186,-1.674,racing
1778050992.613024,beam,82.59,2765,3,100.0,0.0,0.792,1.348,racing
1778050292.7508523,beam,58.13,1845,3,21.43,0.0,0.212,0.704,normal
1778050291.524582,beam,57.68,1823,3,20.63,0.0,0.253,4.853,normal
1778050655.459185,beam,123.26,3294,3,0.0,0.0,-1.609,-7.021,racing
1778049906.3626,beam,65.73,2068,3,26.98,0.0,0.278,-0.132,normal
1778050558.8674142,beam,67.33,2369,3,53.52,0.0,0.677,0.677,racing
1778050939.9035974,beam,99.73,3666,3,64.06,0.0,0.282,-1.846,racing
1778050599.654806,beam,75.79,2696,3,65.24,0.0,1.062,7.224,racing
1778050562.7647943,beam,78.01,3555,2,80.08,0.0,0.981,-0.079,racing
1778050120.6114304,beam,90.42,2591,3,28.17,0.0,0.06,0.183,normal
1778050494.5980673,beam,45.25,3836,1,100.0,0.0,2.161,1.03,racing
1778050597.7391665,beam,85.79,3601,2,0.0,58.99,-6.753,-24.53,racing
1778049852.4329314,beam,85.3,2503,3,31.35,0.0,0.133,-0.435,normal
1778050528.974248,beam,137.65,3933,3,98.44,0.0,0.429,-0.334,racing
1778050544.606609,beam,148.66,4150,3,58.99,0.0,-0.082,-1.655,racing
1778049872.5781898,beam,92.35,2652,3,30.16,0.0,0.06,-0.13,normal
1778050090.637359,beam,82.71,2403,3,26.98,0.0,0.188,2.417,normal
1778050994.342327,beam,82.63,3453,2,0.0,0.0,-1.035,-1.14,racing
1778050561.680654,beam,73.62,3394,2,80.08,0.0,1.264,6.658,racing
1778050953.1967633,beam,103.34,3135,3,78.91,0.0,0.667,0.588,racing
1778050826.3461533,beam,78.24,2578,3,53.52,0.0,0.517,-2.669,racing
1778050863.5636258,beam,61.65,3009,2,100.0,0.0,1.457,0.694,racing
1778050649.179273,beam,115.89,3345,3,55.86,0.0,0.908,-2.718,racing
1778050907.512755,beam,101.44,4457,2,100.0,0.0,1.068,0.745,racing
1778051004.6441214,beam,82.87,3749,2,100.0,0.0,1.292,0.035,racing
1778050071.5259812,beam,77.95,2289,3,26.59,0.0,0.102,-0.004,normal
1778050175.8040855,beam,82.86,2253,3,9.52,0.0,-0.42,0.103,normal
1778050803.7598653,beam,107.6,4701,2,100.0,0.0,0.888,0.394,racing
1778049960.8886518,beam,90.28,2553,3,23.81,0.0,0.141,0.043,normal
1778049911.3784876,beam,70.16,2144,3,26.98,0.0,0.207,-0.168,normal
1778050928.0712528,beam,97.47,2793,3,40.08,0.0,0.097,0.345,racing
1778050990.474487,beam,81.78,2176,3,0.0,0.0,-0.668,-2.03,racing
1778050622.1728222,beam,69.75,1715,3,0.0,0.0,-0.568,0.814,racing
1778050987.8925726,beam,94.74,3982,2,0.0,0.0,-1.567,-20.029,racing
1778050921.6247475,beam,131.9,3764,3,68.75,0.0,0.293,-1.38,racing
1778050622.8568935,beam,64.2,1584,3,0.0,36.51,-3.606,-0.792,racing
1778050566.119679,beam,92.7,4117,2,82.03,0.0,1.125,1.938,racing
1778050909.8934188,beam,109.91,4791,2,100.0,0.0,1.002,0.899,racing
1778049917.0297668,beam,73.55,2208,3,26.98,0.0,0.211,0.838,normal
1778050772.2106464,beam,92.46,2756,3,42.86,0.0,0.139,-1.296,racing
1778049967.8436754,beam,89.17,2324,3,0.0,0.0,-0.85,-0.6,normal
1778049825.3148372,beam,55.91,2077,3,34.13,0.0,0.67,0.91,normal
1778049864.3176804,beam,89.88,2599,3,30.55,0.0,0.14,0.226,normal
1778049884.2313876,beam,94.97,2714,3,30.16,0.0,0.041,-0.298,normal
1778050236.4890895,beam,67.18,1891,3,13.49,0.0,-0.256,-0.977,normal
1778050287.71996,beam,56.43,1779,3,20.63,0.0,0.077,0.027,normal
1778050218.2596707,beam,74.48,2173,3,23.02,0.0,0.61,0.106,normal
1778050245.8995042,beam,61.16,1761,3,14.29,0.0,-0.201,2.061,normal
1778050880.921888,beam,93.96,2492,3,0.0,48.81,-7.818,-66.649,racing
1778050139.529359,beam,85.39,2213,3,0.0,0.0,-0.88,-0.657,normal
1778050736.0369234,beam,127.13,3581,3,46.43,0.0,0.002,-0.325,racing
1778050116.3861103,beam,90.34,2596,3,28.97,0.0,0.099,0.463,normal
1778049859.9493513,beam,88.81,2568,3,29.76,0.0,0.108,0.568,normal
1778049963.0096729,beam,91.32,2579,3,23.81,0.0,0.131,-0.272,normal
1778050529.4262445,beam,138.09,3895,3,60.94,0.0,0.188,-0.078,racing
1778050262.334247,beam,55.26,1633,3,14.29,0.0,0.32,-3.101,normal
1778050524.8773952,beam,130.94,3774,3,100.0,0.0,0.538,-0.057,racing
1778050555.100848,beam,96.93,2526,3,0.0,88.28,-10.459,13.632,racing
1778049969.990278,beam,82.39,2126,3,0.0,5.56,-1.115,-1.686,normal
1778050634.1956973,beam,90.87,2776,3,47.62,0.0,0.478,-3.946,racing
1778050798.3743024,beam,86.55,3886,2,100.0,0.0,1.353,0.566,racing
1778049973.7035618,beam,69.48,1708,3,0.0,0.0,-0.764,-0.197,normal
1778050035.990224,beam,67.08,1625,3,0.0,0.0,-1.021,-2.041,normal
1778049939.979382,beam,78.54,2294,3,25.4,0.0,0.06,-0.766,normal
1778050655.9118674,beam,121.36,3228,3,0.0,0.0,-1.15,0.269,racing
1778050708.401406,beam,95.16,4213,2,100.0,2.38,0.972,-0.21,racing
1778050908.4992332,beam,105.09,4601,2,100.0,0.0,1.009,0.646,racing
1778049885.464086,beam,95.19,2720,3,30.16,0.0,0.066,0.14,normal
1778050689.8533492,beam,35.5,2767,1,0.0,0.0,-2.009,-6.652,racing
1778050513.0115292,beam,116.15,5043,2,100.0,0.0,0.844,0.718,racing
1778050129.1595132,beam,91.74,2625,3,28.57,0.0,0.068,0.485,normal
1778050104.600016,beam,87.26,2531,3,29.36,0.0,0.124,0.501,normal
1778050500.2834573,beam,66.54,3175,2,98.83,0.0,0.941,0.817,racing
1778049842.511145,beam,78.76,2356,3,30.55,0.0,0.114,-2.363,normal
1778050294.925913,beam,58.98,1860,3,21.83,0.0,0.053,-1.064,normal
1778050641.7904007,beam,99.01,2972,3,55.86,0.0,0.14,0.83,racing
1778050197.4486196,beam,52.63,1772,3,21.83,0.0,0.238,-0.026,normal
1778050600.1935396,beam,77.29,2651,3,72.27,0.0,0.824,0.664,racing
1778050581.5311277,beam,102.17,2708,3,0.0,53.13,-5.266,10.564,racing
1778050093.8377216,beam,83.59,2423,3,26.98,0.0,-0.024,-1.728,normal
1778050670.28716,beam,115.35,3062,3,0.0,0.0,-1.028,0.388,racing
1778050868.1733005,beam,85.17,3836,2,100.0,0.0,1.384,0.464,racing
1778050181.5527692,beam,70.17,1837,3,3.17,0.0,-0.673,-1.13,normal
1778049931.9269605,beam,77.81,2271,3,22.62,0.0,-0.089,-1.761,normal
1778049873.9851146,beam,92.74,2661,3,30.16,0.0,0.075,0.128,normal
1778049997.9999862,beam,79.38,2380,3,31.74,0.0,0.696,1.781,normal
1778050606.8277285,beam,94.0,4170,2,100.0,0.0,1.246,0.332,racing
1778050758.4476178,beam,113.23,3328,3,68.36,0.0,0.481,0.345,racing
1778050856.5396242,beam,66.66,838,3,0.0,100.0,-5.89,-1.269,racing
1778050204.816206,beam,58.35,1878,3,22.62,0.0,0.236,0.641,normal
1778050229.80015,beam,71.48,1983,3,12.7,0.0,-0.054,1.951,normal
1778049971.6116853,beam,75.29,1906,3,0.0,0.0,-0.84,-1.174,normal
1778050238.3060944,beam,66.08,1872,3,14.29,0.0,-0.197,0.008,normal
1778049874.995089,beam,92.99,2667,3,30.16,0.0,0.079,0.266,normal
1778049818.37687,beam,37.67,2132,2,36.11,0.0,1.142,-0.362,normal
1778050152.955535,beam,61.96,1855,3,18.65,2.78,-0.245,-2.416,normal
1778049897.8500364,beam,59.93,1799,3,17.86,0.0,0.021,0.083,normal
1778050288.936595,beam,57.04,1837,3,21.43,0.0,0.082,-0.285,normal
1778050506.9498844,beam,94.87,4203,2,100.0,0.0,1.247,-0.167,racing
1778050282.7549536,beam,55.39,1693,3,16.67,0.0,0.037,0.36,normal
1778050908.0617514,beam,103.5,4538,2,100.0,0.0,1.028,0.661,racing
1778051026.4106808,beam,21.39,771,1,0.0,42.06,-1.71,-2.104,racing
1778050988.749708,beam,87.28,3653,2,0.0,40.87,-5.156,6.131,racing
1778050688.8813622,beam,31.25,2891,1,98.83,0.0,2.427,1.437,racing
1778050543.441479,beam,148.38,4145,3,58.99,0.0,0.086,0.32,racing
1778050271.079939,beam,67.27,1898,3,14.29,0.0,0.055,0.423,normal
1778050255.0027716,beam,49.52,1511,3,13.49,0.0,-0.088,0.032,normal
1778050195.467584,beam,50.84,1728,3,20.63,0.0,0.226,0.112,normal
1778050288.4919624,beam,56.79,1848,3,21.83,0.0,0.096,-0.954,normal
1778050559.619696,beam,69.47,2499,3,63.67,0.0,0.79,-1.04,racing
1778050177.78687,beam,79.5,2165,3,9.52,0.0,-0.414,2.954,normal
1778050054.6675694,beam,42.72,1697,3,23.81,0.0,0.376,1.088,normal
1778049848.566089,beam,82.9,2451,3,31.35,0.0,0.107,-0.688,normal
1778050853.9779031,beam,132.12,3804,3,100.0,0.0,0.279,-1.006,racing
1778050546.8589602,beam,148.73,4149,3,58.99,0.0,-0.092,-0.538,racing
1778050524.0976217,beam,129.49,3741,3,100.0,0.0,0.546,0.953,racing
1778050583.5146708,beam,90.07,2592,3,29.76,0.0,-0.022,-0.303,racing
1778049862.999365,beam,89.68,2565,3,26.59,0.0,0.03,-0.052,normal
1778049832.1267283,beam,67.61,2210,3,34.13,0.0,0.387,-0.489,normal
1778050267.7213037,beam,64.76,1838,3,14.29,0.0,0.379,0.708,normal
1778050284.5426948,beam,55.57,1702,3,16.67,0.0,0.089,0.861,normal
1778050850.2949054,beam,127.91,3708,3,100.0,0.0,0.402,-1.64,racing
1778049857.8775234,beam,88.07,2551,3,29.76,0.0,0.068,-0.585,normal
1778050069.9667077,beam,77.36,2479,3,44.05,0.0,0.44,-0.592,normal
1778049872.3677657,beam,92.3,2651,3,30.16,0.0,0.083,0.108,normal
1778049965.0114503,beam,91.76,2590,3,23.81,0.0,-0.008,0.391,normal
1778049963.5575233,beam,91.52,2584,3,23.81,0.0,0.171,0.851,normal
1778050784.83993,beam,85.8,2564,3,36.9,0.0,0.271,0.186,racing
1778050828.9658382,beam,85.11,2792,3,82.03,0.0,0.705,-3.499,racing
1778050005.2970583,beam,86.99,2542,3,31.35,0.0,-0.114,-0.254,normal
1778050544.4027658,beam,148.65,4150,3,58.99,0.0,0.102,1.416,racing
1778049844.4809618,beam,80.17,2394,3,31.74,0.0,0.294,0.64,normal
1778049860.3789663,beam,88.89,2570,3,29.76,0.0,0.016,-0.242,normal
1778049896.777708,beam,59.81,1801,3,16.67,0.0,-0.013,-0.871,normal
1778050915.19149,beam,124.69,5388,2,100.0,0.0,0.599,0.464,racing
1778049933.909641,beam,77.04,2257,3,25.0,0.0,0.011,0.532,normal
1778050234.507641,beam,68.39,1927,3,13.49,0.0,-0.17,-0.404,normal
1778050714.2483222,beam,112.33,4890,2,100.0,0.0,0.874,0.577,racing
1778050040.2698345,beam,56.83,1785,3,19.44,0.0,-0.441,-0.586,normal
1778050112.4996498,beam,89.5,2580,3,29.36,0.0,0.072,0.497,normal
1778050266.4806838,beam,62.89,1795,3,14.29,0.0,0.442,-0.265,normal
1778050022.8833132,beam,87.29,2509,3,26.98,0.0,-0.004,-0.02,normal
1778049883.4638784,beam,94.81,2711,3,30.16,0.0,0.036,-0.112,normal
1778050746.3180492,beam,85.87,2393,3,35.71,0.0,-0.268,4.424,racing
1778050056.8311567,beam,46.58,1964,3,31.74,0.0,0.235,-3.531,normal
1778051008.946795,beam,100.84,4438,2,98.44,0.0,0.863,0.164,racing
1778050123.5942657,beam,90.75,2597,3,28.17,0.0,0.059,0.465,normal
1778050090.090489,beam,82.54,2396,3,26.59,0.0,0.027,0.49,normal
1778050874.045068,beam,108.62,4739,2,100.0,0.0,0.953,-0.793,racing
1778050806.644281,beam,116.41,5053,2,100.0,0.0,0.828,-0.54,racing
1778050950.7629197,beam,97.9,3021,3,78.12,0.0,0.571,-1.118,racing
1778050090.421699,beam,82.66,2402,3,26.98,0.0,0.132,0.643,normal
1778050593.9485548,beam,77.16,2680,3,100.0,0.0,0.944,1.096,racing
1778049942.3309088,beam,79.11,2303,3,25.0,0.0,0.066,0.829,normal
1778050876.605759,beam,116.16,5042,2,100.0,0.0,0.708,-0.771,racing
1778050192.6457772,beam,49.49,1492,3,14.29,0.0,-0.161,-1.175,normal
1778050081.509241,beam,81.3,2364,3,26.19,0.0,0.046,0.175,normal
1778050094.638775,beam,83.77,2431,3,26.98,0.0,-0.056,-1.408,normal
1778049935.2372713,beam,77.25,2263,3,25.0,0.0,0.173,2.159,normal
1778050976.7801478,beam,102.48,4498,2,100.0,0.0,1.089,0.507,racing
1778050914.424505,beam,122.86,5312,2,100.0,0.0,0.723,0.63,racing
1778050114.4148042,beam,89.97,2587,3,28.97,0.0,0.069,0.058,normal
1778050782.1789668,beam,87.29,2279,3,0.0,7.94,-2.05,11.171,racing
1778050241.7557428,beam,64.14,1826,3,14.29,0.0,-0.141,-0.096,normal
1778049872.9138713,beam,92.45,2655,3,30.16,0.0,0.084,-0.076,normal
1778049846.9644542,beam,81.87,2429,3,31.35,0.0,0.264,0.503,normal
1778050145.1936638,beam,68.61,1687,3,0.0,1.59,-0.956,-2.05,normal
1778049962.1119246,beam,90.88,2569,3,23.81,0.0,0.133,0.016,normal
1778050184.9783838,beam,62.23,1554,3,2.38,0.0,-0.591,-0.169,normal
1778050524.199726,beam,129.68,3745,3,100.0,0.0,0.495,-0.495,racing
1778049910.9461696,beam,69.87,2139,3,26.98,0.0,0.222,0.647,normal
1778050567.7504003,beam,96.42,2765,3,21.83,0.0,-0.52,-13.163,racing
1778049968.908569,beam,86.0,2231,3,0.0,0.0,-0.818,-0.22,normal
1778050276.5309167,beam,58.66,1738,3,15.87,0.0,-0.306,0.417,normal
1778050911.6627133,beam,115.37,5012,2,100.0,0.0,0.791,-0.139,racing
1778050638.3164012,beam,97.37,2938,3,55.86,0.0,0.21,-0.241,racing
1778050831.147864,beam,91.01,2894,3,80.86,0.0,0.74,-0.408,racing
1778050869.734775,beam,92.01,4093,2,100.0,0.0,1.223,0.148,racing
1778050821.472169,beam,65.96,2158,3,38.09,0.0,0.627,2.019,racing
1778050158.3220265,beam,47.48,773,3,0.0,34.92,-3.85,-0.138,normal
1778050827.369597,beam,80.74,2638,3,56.64,0.0,0.69,0.493,racing
1778049912.9628868,beam,71.14,2164,3,26.98,0.0,0.108,-0.747,normal
1778050836.2158823,beam,102.41,3123,3,81.25,0.0,0.386,-0.497,racing
1778050082.9057229,beam,81.61,2370,3,26.19,0.0,0.097,0.202,normal
1778050313.3289084,beam,42.77,762,3,0.0,5.56,-1.531,7.23,normal
1778049813.5804436,beam,10.44,1868,1,31.74,0.0,3.118,2.132,normal
1778049827.5794342,beam,60.26,2119,3,34.13,0.0,0.532,-0.198,normal
1778050872.985427,beam,104.62,4587,2,100.0,0.0,0.809,21.979,racing
1778050071.4127047,beam,77.91,2294,3,25.4,0.0,0.103,0.936,normal
1778050622.973971,beam,62.27,1533,3,0.0,42.06,-4.592,-8.416,racing
1778050832.3666997,beam,94.11,2952,3,80.86,0.0,0.694,0.029,racing
1778049938.6348617,beam,78.13,2281,3,25.0,0.0,-0.043,-1.362,normal
1778050558.7539585,beam,67.06,2320,3,48.02,0.0,0.6,0.977,racing
1778050313.8705726,beam,41.73,768,3,0.0,0.0,-0.815,-1.577,normal
1778050492.4544904,beam,27.41,2692,1,90.23,0.0,2.456,-2.564,racing
1778050271.548735,beam,67.18,1855,3,6.35,0.0,-0.058,0.083,normal
1778049943.4429302,beam,79.06,2299,3,25.0,0.0,0.361,0.354,normal
1778050747.652811,beam,88.62,2853,3,96.48,0.0,0.721,-0.675,racing
1778049961.1028156,beam,90.42,2556,3,23.81,0.0,0.214,0.564,normal
1778050724.8765876,beam,129.24,3639,3,47.62,0.0,0.121,-0.211,racing
1778049944.365311,beam,79.25,2300,3,24.21,0.0,-0.017,-0.437,normal
1778050017.9894702,beam,87.39,2511,3,26.98,0.0,-0.014,-0.158,normal
1778050246.0279777,beam,61.03,1758,3,14.29,0.0,-0.288,-0.68,normal
1778050713.07479,beam,108.63,4741,2,100.0,0.0,0.835,-2.112,racing
1778050913.6448476,beam,120.83,5230,2,100.0,0.0,0.769,1.202,racing
1778049941.0147152,beam,78.83,2301,3,25.4,0.0,0.012,-0.929,normal
1778050584.432022,beam,90.87,2798,3,57.42,0.0,0.336,-0.433,racing
1778050510.0155468,beam,106.73,4665,2,100.0,0.0,1.016,0.521,racing
1778049939.629688,beam,78.43,2292,3,25.4,0.0,0.059,-0.224,normal
1778049875.2152205,beam,93.04,2668,3,30.16,0.0,0.065,-0.104,normal
1778050051.768179,beam,41.31,1672,3,21.43,0.0,0.09,0.804,normal
1778050662.8259645,beam,106.82,3125,3,53.13,0.0,0.249,-0.861,racing
1778050569.8138697,beam,96.5,2931,3,61.72,0.0,0.679,2.753,racing
1778050299.4189637,beam,60.75,1907,3,22.62,0.0,0.151,0.141,normal
1778050013.263687,beam,87.75,2521,3,26.98,0.0,0.044,-0.104,normal
1778050800.2913146,beam,94.42,4192,2,100.0,0.0,1.075,0.129,racing
1778050012.3458076,beam,87.73,2514,3,26.59,0.0,0.01,0.369,normal
1778050806.1109035,beam,114.61,4982,2,100.0,0.0,0.527,3.406,racing
1778050768.233395,beam,89.85,2708,3,43.25,0.0,0.266,-0.524,racing
1778050016.1108649,beam,87.47,2512,3,26.98,0.0,0.06,0.737,normal
1778050506.3132224,beam,92.09,4096,2,100.0,0.0,1.282,1.19,racing
1778050282.2138293,beam,55.38,1694,3,16.67,0.0,-0.033,-1.251,normal
1778050842.1175635,beam,112.35,4882,2,72.66,0.0,0.851,-0.436,racing
1778050224.4709537,beam,73.25,1957,3,6.75,0.0,-0.333,1.776,normal
1778050106.364903,beam,87.9,2542,3,29.36,0.0,0.086,-0.085,normal
1778050886.252591,beam,82.62,2734,3,72.27,0.0,-0.231,1.809,racing
1778050785.697089,beam,86.65,2578,3,36.51,0.0,0.269,0.136,racing
1778050704.3808966,beam,83.29,3762,2,100.0,2.78,1.141,1.213,racing
1778050535.2925887,beam,144.74,4096,3,90.23,0.0,0.274,-0.717,racing
1778050154.1557906,beam,61.63,1863,3,19.44,2.38,-0.105,-3.098,normal
1778049854.2118087,beam,86.32,2525,3,31.35,0.0,0.171,-0.099,normal
1778050743.4027562,beam,116.82,3115,3,0.0,67.58,-7.23,-5.147,racing
1778049924.3642073,beam,76.97,2275,3,26.98,0.0,0.107,0.106,normal
1778050750.1372235,beam,95.37,3967,3,75.39,0.0,0.523,1.381,racing
1778050084.8232582,beam,81.94,2335,3,21.43,0.0,-0.097,-0.792,normal
1778050516.2831478,beam,124.89,5394,2,100.0,0.0,0.709,0.401,racing
1778050062.9013343,beam,62.23,2289,3,44.44,0.0,0.7,-0.31,normal
1778050172.970196,beam,87.92,2757,3,9.52,0.0,-0.26,-0.33,normal
1778050100.2367024,beam,85.82,2482,3,27.78,0.0,0.099,0.33,normal
1778050559.951779,beam,70.39,2547,2,75.39,0.0,0.604,-2.106,racing
1778050896.1777737,beam,108.71,4744,2,100.0,0.0,0.986,0.737,racing
1778050147.3266404,beam,64.23,1888,3,18.65,0.0,-0.241,-1.863,normal
1778050832.2660708,beam,93.86,2948,3,80.86,0.0,0.691,-0.666,racing
1778050265.4452834,beam,61.13,1754,3,14.29,0.0,0.552,0.667,normal
1778049913.5003958,beam,71.54,2170,3,26.98,0.0,0.262,0.897,normal
1778050572.3608663,beam,101.34,3077,3,73.44,0.0,0.612,0.926,racing
1778049887.4656155,beam,93.05,2435,3,0.0,0.0,-0.835,0.046,normal
1778050713.9304228,beam,111.43,4852,2,100.0,0.0,0.913,0.194,racing
1778050019.6307757,beam,87.34,2510,3,26.98,0.0,-0.01,0.007,normal
1778050060.9796646,beam,57.02,2238,3,44.44,0.0,0.766,0.031,normal
1778050634.985503,beam,92.18,2822,3,54.3,0.0,0.543,0.834,racing
1778049902.509436,beam,61.47,1951,3,25.0,0.0,0.173,-0.392,normal
1778050206.876655,beam,59.73,1893,3,22.62,0.0,0.199,-0.89,normal
1778050557.7716854,beam,67.44,1632,3,0.0,0.0,-0.716,-0.086,racing
1778050040.7239966,beam,55.97,1771,3,19.44,0.0,-0.341,0.106,normal
1778051006.9629698,beam,93.52,4151,2,100.0,0.0,1.265,0.123,racing
1778050969.2766402,beam,72.18,2269,3,58.99,0.0,0.421,5.151,racing
1778049816.750278,beam,30.39,2040,2,36.51,0.0,1.516,3.593,normal
1778050152.0029132,beam,62.21,1878,3,19.44,1.59,-0.207,-0.147,normal
1778050500.0652845,beam,65.84,3148,2,94.14,0.0,0.822,-1.274,racing
1778050142.1788604,beam,77.65,1980,3,0.0,0.0,-0.934,-1.396,normal
1778050568.4955926,beam,95.72,2760,3,33.73,0.0,-0.052,1.502,racing
1778050268.363986,beam,65.63,1859,3,14.29,0.0,0.378,-0.557,normal
1778049836.382652,beam,73.25,2297,3,34.13,0.0,0.339,-0.528,normal
1778050136.9631689,beam,92.58,2601,3,22.62,0.0,-0.086,0.782,normal
1778049941.5616674,beam,78.96,2303,3,25.4,0.0,-0.037,-2.027,normal
1778050722.140943,beam,127.16,3639,3,64.06,0.0,0.359,-0.187,racing
1778049903.4008803,beam,62.43,2014,3,26.98,0.0,0.259,-0.154,normal
1778050932.6197531,beam,94.46,2664,3,24.21,0.0,-0.068,0.096,racing
1778049996.8290913,beam,75.97,2312,3,31.74,0.0,0.742,0.18,normal
1778050870.801906,beam,96.35,4260,2,100.0,0.0,1.055,-1.147,racing
1778050147.4285288,beam,64.21,1895,3,18.65,0.0,-0.058,1.796,normal
1778050194.2639844,beam,50.0,1662,3,18.65,0.0,0.184,-0.248,normal
1778050910.3292508,beam,111.3,4847,2,100.0,0.0,0.839,-0.885,racing
1778050826.8046408,beam,79.39,2602,3,55.47,0.0,0.71,1.184,racing
1778049818.8464005,beam,39.53,2154,2,35.32,0.0,1.092,0.127,normal
1778050150.992427,beam,62.76,1890,3,19.44,1.59,-0.477,-3.477,normal
1778049879.3333597,beam,93.98,2690,3,30.16,0.0,0.087,-0.096,normal
1778050592.86173,beam,73.61,2625,3,100.0,0.0,0.907,0.731,racing
1778050617.4000678,beam,90.84,4046,2,100.0,0.0,1.385,0.543,racing
1778050948.753242,beam,93.39,2936,3,78.91,6.75,0.282,-0.69,racing
1778050207.313309,beam,59.98,1898,3,22.62,0.0,0.084,-0.918,normal
1778049836.8303952,beam,73.82,2306,3,34.13,0.0,0.375,-0.195,normal
1778050596.0960755,beam,85.51,3846,2,100.0,0.0,1.349,-0.973,racing
1778050824.440107,beam,73.49,2389,3,42.06,0.0,0.5,-1.236,racing
1778050806.324133,beam,115.36,5011,2,100.0,0.0,1.081,1.797,racing
1778050729.0285077,beam,130.98,3687,3,49.6,0.0,0.19,0.783,racing
1778050173.833954,beam,86.37,2335,3,7.54,0.0,-0.515,-0.065,normal
1778050179.9844575,beam,73.89,1942,3,3.17,0.0,-0.804,-1.861,normal
1778050280.973697,beam,55.51,1705,3,17.06,0.0,-0.082,0.081,normal
1778050504.1150403,beam,81.94,3715,2,100.0,0.0,1.24,-1.604,racing
1778049917.550455,beam,73.83,2214,3,26.98,0.0,0.166,-0.141,normal
1778050010.1656926,beam,87.32,2540,3,30.55,0.0,0.12,-0.101,normal
1778050080.4427795,beam,81.04,2365,3,26.19,0.0,0.086,0.422,normal
1778050232.8151455,beam,69.33,1940,3,13.49,0.0,-0.235,-1.155,normal
1778049912.8626635,beam,71.1,2162,3,26.98,0.0,0.183,0.501,normal
1778050227.35121,beam,72.34,2003,3,13.49,0.0,0.22,3.593,normal
1778050257.0849562,beam,49.05,1525,3,14.29,0.0,0.114,0.608,normal
1778050864.2075698,beam,65.24,3125,2,100.0,0.0,1.473,0.573,racing
1778050614.3754213,beam,73.01,3385,2,100.0,0.0,1.628,-1.683,racing
1778050829.737321,beam,87.21,2827,3,80.86,0.0,0.607,-2.955,racing
1778050535.807067,beam,145.36,4111,3,90.23,0.0,0.329,-0.007,racing
1778050124.5790415,beam,90.91,2606,3,28.57,0.0,0.003,-0.748,normal
1778050806.4244597,beam,115.73,5026,2,100.0,0.0,1.006,-0.753,racing
1778050999.876722,beam,61.25,2477,3,99.22,0.0,1.135,0.638,racing
1778050016.212895,beam,87.46,2512,3,26.98,0.0,-0.047,-1.052,normal
1778050847.9651322,beam,122.57,3580,3,100.0,0.0,0.851,0.126,racing
1778050974.161191,beam,91.36,4068,2,98.83,0.0,1.262,-0.421,racing
1778050745.768813,beam,87.39,2272,3,0.0,0.0,-0.558,21.154,racing
1778049852.8791523,beam,85.57,2508,3,31.35,0.0,0.16,-0.15,normal
1778050318.8158371,beam,0.2,741,1,0.0,30.55,-0.417,3.914,normal
1778049839.577132,beam,76.67,2328,3,30.16,0.0,0.533,3.577,normal
1778050295.256909,beam,59.1,1869,3,22.62,0.0,0.119,1.82,normal
1778050754.687713,beam,105.7,3178,3,75.39,0.0,0.643,0.126,racing
1778050220.9950812,beam,78.07,2257,3,23.02,0.0,0.14,-1.561,normal
1778050008.4143727,beam,86.55,2531,3,31.35,0.0,0.048,-0.108,normal
1778050803.0071366,beam,105.0,4599,2,100.0,0.0,1.017,-0.617,racing
1778050038.2407355,beam,60.79,1715,3,11.91,0.0,-0.372,2.322,normal
1778050607.9751704,beam,98.82,4357,2,100.0,0.0,1.293,2.134,racing
1778050146.0928097,beam,66.11,1864,3,13.49,5.95,-0.642,1.572,normal
1778050693.1328042,beam,29.57,2456,1,100.0,11.51,-1.025,-7.68,racing
1778050693.0206192,beam,29.98,2407,1,100.0,10.71,-0.164,-5.253,racing
1778050020.8412633,beam,87.32,2509,3,26.98,0.0,-0.029,-0.258,normal
1778050113.4982364,beam,89.77,2583,3,28.97,0.0,0.069,-0.09,normal
1778050189.0986977,beam,54.06,1413,3,4.37,0.0,-0.531,-1.276,normal
1778050044.9209914,beam,46.92,1669,3,19.84,0.0,-0.318,1.081,normal
1778050861.113748,beam,48.27,2504,2,100.0,0.0,-0.258,11.026,racing
1778050835.329814,beam,101.06,3093,3,81.25,0.0,0.518,0.173,racing
1778051006.7368505,beam,92.49,4111,2,100.0,0.0,1.253,-0.097,racing
1778050652.381418,beam,123.63,3532,3,55.47,0.0,0.321,0.157,racing
1778050106.799366,beam,88.01,2546,3,29.36,0.0,0.068,-0.042,normal
1778050694.0171144,beam,32.43,2972,1,100.0,5.95,1.313,0.637,racing
1778050505.7812555,beam,89.74,4006,2,100.0,0.0,1.259,0.109,racing
1778050023.0937562,beam,87.28,2509,3,26.98,0.0,-0.001,0.144,normal
1778050660.6960456,beam,104.82,3058,3,48.41,0.0,0.295,2.324,racing
1778050236.905725,beam,66.91,1883,3,14.29,0.0,-0.134,0.994,normal
1778049820.164482,beam,44.12,2230,2,34.52,0.0,0.931,0.168,normal
1778050069.416613,beam,76.36,2463,3,44.05,0.0,0.525,-0.378,normal
1778050070.0832462,beam,77.56,2480,3,40.08,0.0,0.465,0.214,normal
1778050522.4602578,beam,126.52,3553,3,51.56,0.0,0.427,9.219,racing
1778049858.983028,beam,88.47,2560,3,29.76,0.0,0.084,-0.288,normal
1778050953.082832,beam,103.07,3129,3,78.91,0.0,0.6,-0.622,racing
1778050949.7536535,beam,95.4,2972,3,78.12,0.0,0.551,-0.912,racing
1778049915.7648468,beam,72.84,2195,3,26.98,0.0,0.21,0.323,normal
1778050642.4500718,beam,99.46,2980,3,55.86,0.0,0.221,0.034,racing
1778050965.2477832,beam,85.74,3838,2,65.63,0.0,1.091,0.862,racing
1778050308.245501,beam,55.94,773,3,0.0,0.0,-0.871,7.983,normal
1778050275.430489,beam,59.84,1732,3,14.29,0.0,-0.275,0.538,normal
1778050778.4778976,beam,98.68,2893,3,43.65,0.0,0.25,0.099,racing
1778050792.5718985,beam,70.53,1931,3,9.52,0.0,-0.352,-0.053,racing
1778050919.3106844,beam,129.01,3730,3,67.19,0.0,0.971,8.541,racing
1778050729.776538,beam,131.22,3692,3,48.41,0.0,0.1,0.445,racing
1778049838.2667294,beam,75.43,2334,3,32.94,0.0,0.254,-1.104,normal
1778049897.4306257,beam,59.89,1788,3,17.46,0.0,0.006,0.109,normal
1778049960.212925,beam,89.96,2546,3,23.81,0.0,0.076,-1.025,normal
1778050148.190253,beam,63.47,1885,3,18.65,2.38,-0.17,-1.434,normal
1778050542.5913234,beam,148.19,4138,3,58.59,0.0,-0.08,-3.595,racing
1778049918.4145415,beam,74.26,2223,3,26.98,0.0,0.084,-0.858,normal
1778049900.2688546,beam,60.45,1841,3,19.44,0.0,0.097,-1.043,normal
1778050050.2809684,beam,41.39,1673,3,21.43,0.0,-0.069,-0.187,normal
1778050547.405674,beam,148.72,4150,3,58.99,0.0,-0.036,-0.463,racing
1778050546.020507,beam,148.72,4149,3,58.59,0.0,-0.085,-0.872,racing
1778049987.4389598,beam,52.62,1891,3,25.4,0.0,0.217,-1.028,normal
1778050134.4259627,beam,92.51,2644,3,28.57,0.0,-0.004,-0.68,normal
1778049973.0391536,beam,71.33,1773,3,0.0,0.0,-0.762,-0.065,normal
1778050512.218442,beam,113.83,4949,2,100.0,0.0,0.829,0.179,racing
1778050091.5070474,beam,82.94,2409,3,26.98,0.0,-0.009,-0.209,normal
1778050277.865738,beam,57.39,1713,3,15.87,0.0,-0.267,-0.792,normal
1778049886.6944962,beam,95.38,2700,3,15.87,0.0,-0.034,-0.342,normal
1778050596.5116396,beam,87.41,3921,2,100.0,0.0,1.366,1.291,racing
1778050728.5912547,beam,130.78,3683,3,49.6,0.0,0.104,0.048,racing
1778049989.8218153,beam,55.36,1977,3,30.55,0.0,0.52,-1.429,normal
1778050597.3058283,beam,90.92,4019,2,15.87,0.0,1.04,-1.608,racing
1778049974.2728572,beam,67.96,1650,3,0.0,0.0,-0.746,0.062,normal
1778050047.8818734,beam,42.85,1684,3,21.43,0.0,-0.231,0.684,normal
1778050009.7160232,beam,87.14,2536,3,30.55,0.0,0.188,0.366,normal
1778050590.12846,beam,84.03,2177,3,0.0,0.0,-0.909,1.418,racing
1778050042.2682922,beam,52.59,1707,3,19.44,0.0,-0.461,1.827,normal
1778050578.3422182,beam,114.29,3374,3,79.3,0.0,0.56,0.802,racing
1778050757.8814793,beam,112.22,3302,3,66.8,0.0,0.551,0.543,racing
1778049960.5526557,beam,90.09,2548,3,23.81,0.0,0.085,0.477,normal
1778050769.9810164,beam,90.89,2723,3,42.86,0.0,0.155,-1.722,racing
1778050576.3857565,beam,110.33,3286,3,79.3,0.0,0.559,0.024,racing
1778050922.476757,beam,132.94,3788,3,68.75,0.0,0.316,-0.345,racing
1778050699.718604,beam,65.69,5354,1,100.0,10.32,0.877,-2.286,racing
1778049878.025658,beam,93.68,2684,3,30.16,0.0,0.085,0.557,normal
1778050538.959325,beam,147.54,4120,3,58.59,0.0,0.226,2.192,racing
1778050648.8493276,beam,114.73,3318,3,55.86,0.0,0.885,-0.413,racing
1778050782.507117,beam,86.23,2237,3,0.0,0.0,-0.983,-0.635,racing
1778050899.7177577,beam,96.14,2522,3,0.0,0.0,-0.852,-0.493,racing
1778050986.3813317,beam,94.02,2967,3,98.44,0.0,0.534,-1.259,racing
1778049988.571385,beam,53.59,1890,3,26.98,0.0,0.21,-0.468,normal
1778050151.4461305,beam,62.46,1882,3,20.63,2.38,-0.513,-4.58,normal
1778049865.946663,beam,90.43,2608,3,30.16,0.0,0.077,-0.289,normal
1778050077.00636,beam,79.91,2338,3,26.59,0.0,-0.016,-2.229,normal
1778050187.500853,beam,56.93,1441,3,2.78,0.0,-0.456,0.625,normal
1778050302.9736023,beam,62.46,2017,3,26.98,0.0,0.239,-0.093,normal
1778050033.5417445,beam,76.31,1968,3,0.0,0.0,-1.565,-9.908,normal
1778050613.2241452,beam,67.05,2550,2,100.0,0.0,1.094,-3.618,racing
1778050067.56574,beam,72.76,2409,3,44.05,0.0,0.589,0.0,normal
1778049815.1120975,beam,22.97,2159,1,33.33,0.0,2.061,5.599,normal
1778050852.8736737,beam,130.67,3772,3,100.0,0.0,0.202,-1.835,racing
1778050613.0172508,beam,66.1,2538,3,100.0,0.0,1.54,0.534,racing
1778051006.42249,beam,91.11,4058,2,100.0,0.0,1.266,0.448,racing
1778050153.8082874,beam,61.51,1854,3,19.44,0.0,-0.544,-6.814,normal
1778049930.9632354,beam,77.67,2287,3,26.19,0.0,-0.027,-0.419,normal
1778050179.4513354,beam,75.31,1947,3,1.59,0.0,-0.779,-1.977,normal
1778049825.5264122,beam,56.33,2081,3,34.13,0.0,0.521,-0.524,normal
1778050612.2275612,beam,61.88,2481,3,89.06,0.0,1.489,1.056,racing
1778050887.3835125,beam,82.19,2751,3,80.08,0.0,0.052,2.165,racing
1778050643.1196325,beam,100.06,2991,3,55.86,0.0,0.382,1.05,racing
1778050711.6776175,beam,103.91,4553,2,100.0,4.76,0.587,-1.81,racing
1778051009.8759406,beam,104.11,4564,2,98.44,0.0,0.946,-0.463,racing
1778050064.2312818,beam,65.51,2323,3,44.44,0.0,0.689,-0.352,normal
1778050987.4460125,beam,95.06,3513,2,100.0,0.0,-0.293,2.198,racing
1778049982.221511,beam,54.52,1643,3,15.08,0.0,-0.323,1.285,normal
1778050939.5719628,beam,99.32,4337,3,62.5,0.0,0.609,-0.236,racing
1778050189.8502877,beam,52.97,1402,3,4.76,0.0,-0.395,0.259,normal
1778049877.263936,beam,93.51,2679,3,30.16,0.0,0.087,0.439,normal
1778050045.353886,beam,46.04,1663,3,20.63,0.0,-0.629,1.418,normal
1778050884.484077,beam,85.41,2734,3,52.74,0.0,-0.802,-3.303,racing
1778049967.0699468,beam,91.2,2563,3,21.43,0.0,-0.151,-0.707,normal
1778050603.2869265,beam,83.81,2342,3,11.91,0.0,-0.248,-2.989,racing
1778050931.6223807,beam,95.26,2498,3,0.0,0.0,-0.977,-1.523,racing
1778050677.8228157,beam,101.3,2694,3,0.0,46.43,-6.334,-32.63,racing
1778050647.8644853,beam,111.33,3235,3,55.08,0.0,0.889,0.144,racing
1778050673.2114484,beam,101.13,2980,3,50.0,0.0,0.306,-0.201,racing
1778050991.879068,beam,80.59,2688,3,84.37,0.0,0.604,2.928,racing
1778050560.3848517,beam,70.67,3048,2,85.55,0.0,0.282,0.03,racing
1778050053.3717296,beam,41.81,1675,3,21.43,0.0,0.222,1.172,normal
1778050576.7154338,beam,111.01,3301,3,79.3,0.0,0.585,0.83,racing
1778050218.6793158,beam,75.05,2189,3,23.02,0.0,0.038,-5.236,normal
1778050192.10086,beam,49.79,1325,3,7.14,0.0,-0.42,0.282,normal
1778050653.6134567,beam,124.37,3548,3,55.08,0.0,0.059,-0.661,racing
1778050845.2897344,beam,111.77,3331,3,100.0,0.0,1.213,0.648,racing
1778049891.183507,beam,76.85,1977,3,0.0,15.48,-3.165,-15.71,normal
1778050297.1078153,beam,59.91,1882,3,21.83,0.0,0.091,-0.309,normal
1778050885.1538525,beam,84.23,2748,3,67.58,0.0,-0.844,-3.103,racing
1778049918.5147152,beam,74.34,2222,3,26.59,0.0,0.231,1.472,normal
1778049900.162193,beam,60.42,1841,3,19.44,0.0,0.208,0.95,normal
1778050310.7549934,beam,52.33,1400,3,0.0,0.0,-0.098,-0.73,normal
1778050798.145411,beam,85.46,3847,2,100.0,0.0,1.308,0.268,racing
1778049916.3994205,beam,73.2,2201,3,26.98,0.0,0.147,-0.173,normal
1778050309.5518548,beam,53.58,764,3,0.0,0.0,-0.463,-0.243,normal
1778050614.1343987,beam,71.51,3332,2,100.0,0.0,1.873,-0.775,racing
1778050636.5336368,beam,94.88,2882,3,55.08,0.0,0.442,-0.396,racing
1778049900.3827918,beam,60.39,1841,3,18.65,0.0,-0.164,-2.291,normal
1778050708.2000177,beam,94.44,4184,2,100.0,2.78,1.145,2.489,racing
1778050926.893595,beam,100.99,2669,3,0.0,47.22,-5.029,3.52,racing
1778049903.064277,beam,62.07,2009,3,26.98,0.0,0.302,0.583,normal
1778050947.9551587,beam,92.36,2896,3,80.08,4.37,0.3,-0.699,racing
1778050257.885316,beam,49.36,1530,3,14.29,0.0,0.042,-1.262,normal
1778050077.8607106,beam,80.21,2344,3,26.59,0.0,0.045,-1.262,normal
1778050611.902139,beam,60.21,2384,3,89.84,0.0,1.49,2.7,racing
1778050294.6102772,beam,58.87,1856,3,21.43,0.0,0.098,0.648,normal
1778049946.9016707,beam,79.38,2309,3,25.0,0.0,0.002,-0.271,normal
1778049945.8142664,beam,79.33,2295,3,25.0,0.0,0.107,1.373,normal
1778050761.0831523,beam,116.96,3369,3,55.08,0.0,0.372,0.692,racing
1778050765.484268,beam,108.12,2870,3,0.0,39.28,-4.963,-9.936,racing
1778050504.012887,beam,81.48,3696,2,100.0,0.0,1.403,1.166,racing
1778050677.254556,beam,105.93,2870,3,0.0,0.0,-1.32,-8.178,racing
1778050758.5640943,beam,113.47,3334,3,68.36,0.0,0.562,0.695,racing
1778050274.9753163,beam,60.32,1741,3,14.29,0.0,-0.268,-0.177,normal
1778050176.2538755,beam,82.06,2233,3,9.52,0.0,-0.362,3.164,normal
1778050712.0978403,beam,105.19,4603,2,100.0,0.0,0.951,-1.173,racing
1778049843.4100325,beam,79.36,2378,3,31.35,0.0,0.28,0.204,normal
1778050306.023176,beam,64.21,1636,3,0.0,0.0,-0.739,-3.35,normal
1778050137.0768907,beam,92.54,2598,3,21.43,0.0,-0.09,-0.042,normal
1778050158.8412192,beam,38.77,770,2,0.0,53.13,-5.078,1.261,normal
1778050571.5662308,beam,99.59,3031,3,66.8,0.0,0.643,1.253,racing
1778050632.2023346,beam,84.56,3814,2,100.0,0.0,1.287,0.138,racing
1778050801.8771966,beam,100.76,4432,2,100.0,0.0,0.934,-1.525,racing
1778049993.9505084,beam,66.77,2165,3,31.74,0.0,0.833,-1.184,normal
1778050028.837679,beam,84.6,2192,3,0.0,0.0,-0.818,0.5,normal
1778050259.1159155,beam,50.37,1544,3,14.29,0.0,0.267,0.807,normal
1778050075.0904868,beam,79.29,2316,3,26.19,0.0,-0.142,-2.3,normal
1778049861.3492718,beam,89.26,2577,3,29.76,0.0,0.087,0.324,normal
1778050767.1494038,beam,90.31,2359,3,0.0,0.0,-1.074,-1.129,racing
1778050812.9557564,beam,126.1,3361,3,0.0,46.43,-4.276,8.692,racing
1778049858.0931067,beam,88.14,2552,3,29.76,0.0,0.063,-0.562,normal
1778050972.7621963,beam,84.92,3825,2,98.83,0.0,1.303,-1.694,racing
1778049883.6788049,beam,94.86,2712,3,30.16,0.0,0.071,0.219,normal
1778050185.513373,beam,61.06,1557,3,2.38,0.0,-0.632,-0.845,normal
1778050555.7564545,beam,81.23,2130,3,0.0,71.88,-6.776,6.05,racing
1778050123.928284,beam,90.79,2603,3,28.57,0.0,-0.008,-0.481,normal
1778050572.5865257,beam,101.9,3102,3,78.91,0.0,0.695,0.219,racing
1778050715.1316464,beam,114.62,4982,2,100.0,0.79,0.783,0.316,racing
1778049921.0120878,beam,75.61,2249,3,26.98,0.0,0.189,0.464,normal
1778050077.326303,beam,80.01,2340,3,26.59,0.0,-0.017,-2.577,normal
1778050713.7255814,beam,110.76,4825,2,100.0,0.0,0.934,0.851,racing
1778050502.934548,beam,76.59,3522,2,100.0,0.0,1.111,-0.501,racing
1778050245.3367715,beam,61.84,1775,3,14.29,0.0,-0.287,0.662,normal
1778050808.268639,beam,120.89,5233,2,100.0,0.0,0.763,-0.228,racing
1778049985.2545412,beam,51.9,1774,3,21.83,0.0,0.008,0.214,normal
1778050304.588475,beam,63.77,2038,3,26.98,0.0,0.225,-0.125,normal
1778050054.3518078,beam,42.42,1679,3,21.83,0.0,0.173,0.468,normal
1778050559.5195165,beam,69.18,2489,3,60.94,0.0,0.894,1.34,racing
1778049894.6110587,beam,59.01,1769,3,17.86,0.0,0.203,2.744,normal
1778050062.684106,beam,61.67,2284,3,44.44,0.0,0.738,0.606,normal
1778050635.43423,beam,92.96,2843,3,55.08,0.0,0.488,-0.204,racing
1778050309.089213,beam,54.34,765,3,0.0,0.0,-0.467,0.159,normal
1778049900.0470636,beam,60.33,1840,3,19.44,0.0,0.099,0.08,normal
1778050972.9775698,beam,85.98,3864,2,98.83,0.0,1.425,1.126,racing
1778050026.7249534,beam,87.99,2524,3,26.98,0.0,0.234,-1.256,normal
1778050080.2271907,beam,81.0,2365,3,26.98,0.0,0.193,0.96,normal
1778050559.1995902,beam,68.26,2453,3,58.2,0.0,0.841,0.547,racing
1778050802.2085404,beam,102.09,4485,2,100.0,0.0,1.032,-0.715,racing
1778050584.7654362,beam,91.41,2848,3,62.11,0.0,0.473,0.204,racing
1778050075.6256168,beam,79.42,2324,3,26.59,0.0,-0.262,-5.634,normal
1778049928.865163,beam,77.68,2287,3,26.19,0.0,0.14,2.086,normal
1778050625.1144135,beam,50.49,2085,3,64.06,0.0,0.771,1.941,racing
1778050849.6310968,beam,126.86,3683,3,100.0,0.0,0.467,-2.569,racing
1778050041.836455,beam,53.52,1734,3,19.44,0.0,-0.722,-3.044,normal
1778050687.5205274,beam,20.15,1806,1,36.9,0.0,-0.272,13.502,racing
1778050647.965094,beam,111.71,3243,3,55.08,0.0,1.038,1.48,racing
1778050691.035903,beam,28.01,2339,2,43.25,0.0,-0.028,8.465,racing
1778050707.6675408,beam,92.77,4122,2,100.0,4.37,0.725,-1.132,racing
1778050774.6494522,beam,94.17,2791,3,42.86,0.0,0.307,-0.822,racing
1778050652.27381,beam,123.51,3529,3,55.47,0.0,0.305,-0.573,racing
1778049921.231379,beam,75.66,2252,3,26.98,0.0,-0.0,-1.339,normal
1778050625.673808,beam,52.73,2401,3,97.66,0.0,1.225,-0.323,racing
1778050505.2339404,beam,87.23,3913,2,100.0,0.0,1.23,-0.057,racing
1778050505.881696,beam,90.21,4023,2,100.0,0.0,1.285,0.258,racing
1778049974.6285317,beam,67.09,1730,3,7.14,0.0,-0.599,0.68,normal
1778049966.506735,beam,91.43,2569,3,21.83,0.0,-0.164,0.17,normal
1778050974.2630076,beam,91.83,4086,2,98.83,0.0,1.264,0.02,racing
1778049889.4152982,beam,86.5,2244,3,0.0,0.0,-0.791,0.531,normal
1778050850.8728092,beam,128.67,3728,3,100.0,0.0,0.224,-0.67,racing
1778050922.5877688,beam,133.06,3791,3,68.75,0.0,0.298,-0.169,racing
1778050149.28687,beam,63.09,1877,3,18.65,0.79,-0.041,-0.193,normal
1778050596.4085548,beam,86.91,3902,2,100.0,0.0,1.233,0.823,racing
1778050273.448636,beam,62.37,1356,3,0.0,0.0,-0.803,0.411,normal
1778050760.4456012,beam,116.22,3342,3,54.3,0.0,0.336,1.022,racing
1778050110.421342,beam,88.93,2563,3,28.97,0.0,0.074,0.568,normal
1778050961.0183,beam,73.12,2024,3,13.49,0.0,-0.012,6.762,racing
1778049950.6297202,beam,80.28,2306,3,23.81,0.0,0.387,0.987,normal
1778050082.0444355,beam,81.42,2360,3,25.4,0.0,0.148,2.013,normal
1778050520.9147563,beam,131.63,3511,3,0.0,0.0,-0.912,2.112,racing
1778049841.3181562,beam,77.82,2338,3,30.55,0.0,0.044,-1.83,normal
1778050215.978969,beam,70.2,2085,3,23.02,0.0,0.518,0.514,normal
1778050509.3441482,beam,104.34,4570,2,100.0,0.0,1.035,1.119,racing
1778050941.0214522,beam,102.0,3067,3,63.67,0.0,0.59,-0.482,racing
1778050319.781084,beam,0.02,749,1,0.0,27.78,-0.013,-0.011,normal
1778050121.2819834,beam,90.48,2590,3,27.78,0.0,0.014,-0.285,normal
1778049876.3138146,beam,93.28,2674,3,30.16,0.0,0.066,0.191,normal
1778050499.7482686,beam,64.89,3112,2,88.28,0.0,0.949,0.749,racing
1778050635.3289928,beam,92.77,2838,3,54.69,0.0,0.51,0.49,racing
1778050994.0137208,beam,83.88,3503,2,0.0,0.0,-1.13,4.523,racing
1778050748.0861597,beam,89.38,2938,2,75.78,0.0,-0.163,-5.131,racing
1778050599.9779265,beam,76.68,2641,3,71.09,0.0,0.813,0.198,racing
1778050034.74994,beam,71.52,1800,3,0.0,12.7,-1.948,-3.464,normal
1778050922.703946,beam,133.22,3795,3,68.75,0.0,0.386,0.759,racing
1778049885.9318805,beam,95.29,2722,3,30.16,0.0,0.102,0.742,normal
1778050548.3535178,beam,148.66,4149,3,58.59,0.0,-0.072,-0.085,racing
1778050784.078194,beam,85.07,2545,3,35.32,0.0,0.261,-0.599,racing
1778050944.504819,beam,100.71,2652,3,0.0,0.0,-1.002,-2.909,racing
1778050902.6166122,beam,86.57,2555,3,43.65,0.0,0.207,-0.389,racing
1778050519.6435108,beam,132.26,5691,2,100.0,0.0,0.564,0.126,racing
1778050078.8129578,beam,80.5,2350,3,26.59,0.0,0.08,-0.35,normal
1778050601.8418572,beam,81.57,2726,3,73.83,0.0,0.577,-5.131,racing
1778050582.8611565,beam,90.79,2371,3,0.0,0.0,-0.879,1.044,racing
1778050593.7135966,beam,76.41,2669,3,100.0,0.0,0.954,0.395,racing
1778049909.7494276,beam,69.0,2123,3,26.98,0.0,0.377,3.249,normal
1778049988.7995756,beam,53.9,1908,3,26.98,0.0,0.351,-0.418,normal
1778050616.608407,beam,86.77,3893,2,100.0,0.0,1.471,-1.19,racing
1778050711.3477368,beam,103.09,4521,2,100.0,1.59,0.703,-0.499,racing
1778050240.7926347,beam,64.81,1842,3,14.29,0.0,-0.285,-0.242,normal
1778050573.260988,beam,103.53,3140,3,78.91,0.0,0.75,1.004,racing
1778050617.5065188,beam,91.29,4064,2,100.0,0.0,1.193,-1.803,racing
1778050257.769077,beam,49.34,1529,3,14.29,0.0,0.189,-0.668,normal
1778050516.167555,beam,124.59,5383,2,100.0,0.0,0.663,-0.675,racing
1778049909.1124809,beam,68.44,2114,3,26.98,0.0,0.164,-2.126,normal
1778050303.8896146,beam,63.16,2029,3,26.98,0.0,0.184,-0.888,normal
1778050715.9102612,beam,116.9,5073,2,100.0,0.0,0.76,-0.43,racing
1778050655.5612476,beam,122.79,3270,3,0.0,0.0,-1.283,3.192,racing
1778050620.2748578,beam,90.42,2363,3,0.0,2.38,-0.984,17.507,racing
1778050661.708279,beam,105.81,3084,3,49.6,0.0,0.257,-0.268,racing
1778050648.2974372,beam,112.84,3270,3,55.08,0.0,0.951,0.97,racing
1778050118.8609369,beam,90.27,2579,3,26.98,0.0,0.025,0.518,normal
1778049875.7620907,beam,93.17,2671,3,30.16,0.0,0.114,0.71,normal
1778050181.8859797,beam,69.36,1814,3,3.17,0.0,-0.655,0.007,normal
1778050254.5698946,beam,49.75,1519,3,13.49,0.0,-0.236,-0.962,normal
1778049949.7410796,beam,79.5,2265,3,20.63,0.0,-0.153,-1.502,normal
1778049845.9171252,beam,81.16,2414,3,31.35,0.0,0.23,1.089,normal
1778050743.8171856,beam,106.28,2816,3,0.0,64.84,-6.358,8.189,racing
1778050298.3152764,beam,60.36,1888,3,21.83,0.0,0.14,0.562,normal
1778050847.293329,beam,120.21,3525,3,100.0,0.0,0.95,-2.129,racing
1778050238.202957,beam,66.15,1873,3,14.29,0.0,-0.198,-0.339,normal
1778050823.3193157,beam,70.99,2378,3,42.86,0.0,0.863,1.458,racing
1778050052.085739,beam,41.36,1672,3,21.43,0.0,0.009,-0.729,normal
1778050835.7541094,beam,101.77,3108,3,81.25,0.0,0.448,0.428,racing
1778050705.8174715,beam,87.26,3911,2,100.0,5.56,1.022,1.608,racing
1778050296.1384227,beam,59.53,1875,3,21.83,0.0,0.119,-0.906,normal
1778050993.1595094,beam,83.43,2982,2,100.0,0.0,-0.047,-0.38,racing
1778051018.6901417,beam,42.15,1139,3,0.0,68.75,-8.616,74.173,racing
1778050968.162998,beam,74.98,1938,3,0.0,34.13,-4.131,10.543,racing
1778050780.5261414,beam,98.18,2582,3,0.0,0.0,-0.821,0.125,racing
1778049821.8435988,beam,48.25,2030,3,33.33,0.0,0.741,-0.175,normal
1778050817.8818212,beam,85.34,2217,3,0.0,19.44,-1.516,-9.112,racing
1778050679.9414806,beam,70.27,1749,3,0.0,0.0,-1.222,-0.076,racing
1778050721.4903,beam,126.36,3617,3,62.5,0.0,0.319,0.355,racing
1778050755.0313003,beam,106.45,3194,3,75.39,0.0,0.547,-0.742,racing
1778050044.7014236,beam,47.22,1671,3,19.84,0.0,-1.025,-6.919,normal
1778050133.9805632,beam,92.46,2643,3,28.57,0.0,-0.005,-0.856,normal
1778050613.343759,beam,67.32,2585,2,100.0,0.0,0.635,-3.834,racing
1778050885.7997034,beam,83.16,2755,3,67.19,0.0,-0.518,-2.283,racing
1778050664.3314462,beam,108.91,3205,3,60.55,0.0,0.452,-0.158,racing
1778050924.8736029,beam,124.91,3336,3,0.0,57.81,-5.852,-3.583,racing
1778050132.6974523,beam,92.29,2639,3,28.57,0.0,0.04,-0.004,normal
1778050513.116667,beam,116.43,5055,2,100.0,0.0,0.727,-1.112,racing
1778050175.9193304,beam,82.62,2247,3,9.52,0.0,-0.562,-1.235,normal
1778050620.3918486,beam,90.17,2354,3,0.0,0.0,-0.603,3.251,racing
1778050523.6459332,beam,128.67,3721,3,100.0,0.0,0.488,-0.719,racing
1778050671.968908,beam,100.68,2650,3,0.0,0.0,-1.331,0.762,racing
1778050744.9918633,beam,94.21,2465,3,0.0,0.0,-0.899,0.952,racing
1778049880.413515,beam,94.19,2696,3,30.16,0.0,0.03,-0.073,normal
1778050864.4295905,beam,66.43,3165,2,100.0,0.0,1.543,1.045,racing
1778050777.3082592,beam,97.42,2862,3,43.25,0.0,0.299,-1.276,racing
1778050985.1763792,beam,92.31,2415,3,0.0,0.0,-1.015,0.186,racing
1778050836.4367151,beam,102.71,3129,3,81.25,0.0,0.298,-1.474,racing
1778050819.2222245,beam,72.49,1850,3,0.0,9.52,-3.072,13.486,racing
1778050560.0529742,beam,70.41,2584,2,81.25,0.0,0.053,-5.444,racing
1778050884.3805408,beam,85.71,2754,3,58.2,0.0,-0.46,-5.672,racing
1778050998.2607176,beam,60.26,945,3,0.0,0.0,-0.6,-0.09,racing
1778050288.2553167,beam,56.66,1834,3,22.62,0.0,0.115,0.01,normal
1778050075.196704,beam,79.33,2320,3,26.98,0.0,0.098,2.257,normal
1778050518.009144,beam,128.85,5555,2,100.0,0.0,0.581,0.145,racing
1778051025.2882693,beam,31.16,769,2,0.0,13.49,-0.934,-5.381,racing
1778049941.4587362,beam,78.98,2303,3,25.4,0.0,0.172,1.485,normal
1778050572.7024827,beam,102.15,3111,3,78.91,0.0,0.596,-0.857,racing
1778051005.5281544,beam,86.79,3896,2,100.0,0.0,1.409,0.303,racing
1778050572.2542582,beam,101.11,3071,3,70.31,0.0,0.513,-2.293,racing
1778050839.8688731,beam,106.01,4636,2,100.0,0.0,0.683,0.049,racing
1778051015.2780302,beam,126.41,5455,2,98.83,0.0,0.94,-0.551,racing
1778050289.634478,beam,57.23,1831,3,21.43,0.0,0.034,0.451,normal
1778050732.5246172,beam,132.08,3708,3,46.43,0.0,0.122,0.962,racing
1778049911.783888,beam,70.39,2149,3,26.98,0.0,-0.073,-5.007,normal
1778049954.7481754,beam,86.29,2455,3,23.81,0.0,0.362,-1.109,normal
1778050542.491153,beam,148.22,4138,3,58.59,0.0,0.28,3.531,racing
1778050146.3277962,beam,65.53,1851,3,13.49,3.57,-0.535,2.565,normal
1778050977.6653268,beam,104.69,4537,2,57.81,0.0,0.576,1.499,racing
1778050901.0345774,beam,89.98,2346,3,0.0,0.0,-0.876,-0.319,racing
1778050769.4096572,beam,90.36,2691,3,41.27,0.0,0.207,1.337,racing
1778050118.5350657,beam,90.25,2578,3,26.98,0.0,-0.017,-0.231,normal
1778049965.1232083,beam,91.79,2590,3,23.81,0.0,0.083,0.816,normal
1778050191.6936767,beam,50.43,1309,3,3.97,0.0,-0.367,-0.015,normal
1778049832.015161,beam,67.45,2209,3,34.13,0.0,0.441,0.237,normal
1778050947.7373924,beam,92.1,2842,3,58.59,0.79,0.576,1.606,racing
1778050583.1785078,beam,90.19,2482,3,15.08,0.0,-0.316,1.126,racing
1778050506.0856223,beam,91.09,4058,2,100.0,0.0,1.226,0.512,racing
1778050771.5314355,beam,91.91,2744,3,42.86,0.0,0.139,-1.981,racing
1778050667.2753482,beam,114.01,3361,3,75.78,0.0,0.518,-0.103,racing
1778050768.0164874,beam,89.62,2703,3,44.44,0.0,0.538,2.102,racing
1778050103.1847122,beam,86.71,2506,3,28.17,0.0,0.047,-0.308,normal
1778050807.5088427,beam,118.79,5150,2,100.0,0.0,0.719,-1.07,racing
1778050027.278508,beam,87.79,2520,3,26.98,0.0,0.009,1.065,normal
1778050608.6082473,beam,101.77,4469,2,100.0,0.0,1.251,-1.713,racing
1778050660.91374,beam,105.08,3061,3,48.41,0.0,0.38,0.884,racing
1778051023.9729044,beam,32.77,773,2,0.0,0.0,0.001,-0.19,racing
1778049948.733172,beam,79.74,2316,3,25.0,0.0,0.083,0.363,normal
1778050160.1531787,beam,25.47,765,2,3.97,0.0,-0.395,0.108,normal
1778050972.01342,beam,81.2,3686,2,100.0,0.0,1.393,0.307,racing
1778050305.0544448,beam,64.08,2032,3,26.59,0.0,0.143,-0.648,normal
1778050700.032169,beam,67.12,5461,1,100.0,1.59,1.436,0.946,racing
1778050623.2050266,beam,60.31,1426,3,0.0,14.29,-1.439,15.916,racing
1778050184.205897,beam,64.01,1647,3,1.98,0.0,-0.608,0.509,normal
1778050614.0246668,beam,70.77,3306,2,100.0,0.0,1.958,-1.553,racing
1778050726.8610942,beam,130.08,3666,3,49.6,0.0,0.123,0.098,racing
1778050537.8864334,beam,147.32,4114,3,57.42,0.0,-0.083,-1.047,racing
1778050938.1777363,beam,98.81,4342,2,100.0,0.0,1.389,11.127,racing
1778049926.427471,beam,77.46,2291,3,26.19,0.0,-0.095,-2.628,normal
1778050947.3008995,beam,91.51,2830,3,57.81,1.59,0.276,0.568,racing
1778050573.481125,beam,103.98,3150,3,78.91,0.0,0.511,-1.032,racing
1778050935.2255118,beam,94.56,2698,3,29.36,0.0,0.03,0.119,racing
1778049841.76572,beam,78.11,2345,3,30.55,0.0,0.162,-0.651,normal
1778050036.3240857,beam,65.96,1651,3,1.19,0.0,-0.847,0.726,normal
1778050300.9402192,beam,61.39,1925,3,22.62,0.0,0.167,0.393,normal
1778050830.7023156,beam,89.82,2873,3,80.86,0.0,0.734,-0.498,racing
1778050744.23937,beam,98.15,2596,3,0.0,50.0,-4.664,5.665,racing
1778049930.298572,beam,77.63,2287,3,26.19,0.0,-0.13,-0.928,normal
1778050795.6613283,beam,73.49,3266,2,100.0,0.0,0.472,1.356,racing
1778050711.78125,beam,104.12,4560,2,100.0,5.56,0.582,-0.047,racing
1778050521.2301064,beam,130.45,3477,3,0.0,0.0,-1.061,-0.017,racing
1778050636.651991,beam,95.1,2886,3,55.47,0.0,0.52,0.656,racing
1778050817.5502949,beam,86.42,2240,3,0.0,0.0,-0.908,1.96,racing
1778050739.7898026,beam,128.38,3618,3,47.62,0.0,0.102,0.553,racing
1778050756.121468,beam,108.77,3244,3,75.39,0.0,0.508,-2.14,racing
1778050315.865755,beam,27.85,768,2,0.0,24.21,-2.699,0.678,normal
1778050697.3518138,beam,53.45,4431,1,100.0,4.76,1.674,-1.687,racing
1778050646.9810808,beam,108.33,3168,3,55.08,0.0,0.933,1.014,racing
1778050204.6982682,beam,58.25,1879,3,23.02,0.0,0.16,-0.843,normal
1778050991.4480028,beam,79.73,2450,3,50.39,0.0,0.105,-1.39,racing
1778050253.7298896,beam,50.37,1522,3,13.49,0.0,-0.233,0.946,normal
1778050003.9116397,beam,87.39,2554,3,31.74,0.0,0.022,0.571,normal
1778049891.915861,beam,70.04,1770,3,0.0,23.02,-3.019,1.082,normal
1778050892.2996328,beam,93.85,4165,2,100.0,0.0,1.224,-0.151,racing
1778050908.7115972,beam,105.85,4631,2,100.0,0.0,0.992,0.19,racing
1778050749.9195757,beam,95.02,4189,2,75.39,0.0,1.002,-0.8,racing
1778050103.834753,beam,86.95,2524,3,29.36,0.0,0.102,-0.005,normal
1778051026.9117897,beam,16.19,769,1,0.0,42.46,-3.568,-3.212,racing
1778050694.8661528,beam,37.37,3281,1,100.0,7.54,1.796,-0.513,racing
1778050153.2731223,beam,61.79,1850,3,18.65,1.59,-0.072,1.637,normal
1778050185.718836,beam,60.62,1529,3,1.98,0.0,-0.622,-0.432,normal
1778049959.1031475,beam,89.64,2537,3,23.81,0.0,0.166,-0.437,normal
1778050876.3718038,beam,115.53,5018,2,100.0,0.0,0.76,-0.27,racing
1778050544.0705948,beam,148.6,4149,3,58.99,0.0,0.225,1.044,racing
1778050619.1660457,beam,96.94,2983,3,50.0,0.0,0.983,0.841,racing
1778050186.2697618,beam,59.44,1478,3,1.98,0.0,-0.496,1.57,normal
1778049976.7738051,beam,64.67,1769,3,8.73,0.0,-0.57,-2.874,normal
1778050010.2660637,beam,87.35,2541,3,30.55,0.0,0.091,-0.291,normal
1778050593.832347,beam,76.76,2675,3,100.0,0.0,0.817,-1.161,racing
1778050511.4537036,beam,111.48,4854,2,100.0,0.0,0.992,1.018,racing
1778050239.0830743,beam,65.64,1862,3,14.29,0.0,-0.161,-0.521,normal
1778050977.5491445,beam,104.45,4512,2,50.0,0.0,0.402,1.041,racing
1778050699.0866077,beam,63.19,5163,1,100.0,1.59,1.691,2.786,racing
1778050562.6535244,beam,77.62,3535,2,78.91,0.0,0.99,-1.057,racing
1778050901.484038,beam,88.61,2306,3,0.0,0.0,-0.838,-0.652,racing
1778050992.5103009,beam,82.29,2761,3,100.0,0.0,0.654,-1.071,racing
1778050014.8978362,beam,87.47,2513,3,26.98,0.0,-0.483,-6.024,normal
1778050078.7116022,beam,80.47,2350,3,26.59,0.0,0.115,0.283,normal
1778050940.4699557,beam,100.87,3046,3,63.67,0.0,0.525,-0.321,racing
1778050532.2410903,beam,140.96,4005,3,91.02,0.0,0.297,-0.885,racing
1778049827.4652278,beam,60.04,2117,3,34.13,0.0,0.555,0.514,normal
1778050898.7179928,beam,98.38,4114,3,0.0,0.0,-1.072,-0.188,racing
1778050527.124997,beam,134.79,3864,3,100.0,0.0,0.557,1.923,racing
1778050500.718713,beam,68.14,3228,2,99.22,0.0,1.114,1.971,racing
1778050197.2286556,beam,52.44,1768,3,21.43,0.0,0.253,0.074,normal
1778049933.7029955,beam,77.05,2247,3,25.0,0.0,-0.001,0.056,normal
1778050004.8340166,beam,87.14,2546,3,31.35,0.0,-0.136,0.194,normal
1778049866.266352,beam,90.54,2610,3,30.16,0.0,0.078,-0.282,normal
1778050492.668186,beam,29.24,2786,1,96.09,0.0,2.45,1.366,racing
1778049906.9955623,beam,66.38,2079,3,26.98,0.0,0.273,0.206,normal
1778050191.5836778,beam,50.57,1314,3,3.97,0.0,-0.365,0.046,normal
1778049911.480772,beam,70.19,2146,3,26.98,0.0,0.105,-0.99,normal
1778049890.765144,beam,80.16,2070,3,0.0,18.65,-2.386,0.972,normal
1778050119.510934,beam,90.31,2582,3,27.78,0.0,0.052,0.607,normal
1778051020.8737051,beam,36.55,778,2,0.0,33.33,5.95,82.113,racing
1778050849.959231,beam,127.3,3695,3,100.0,0.0,0.38,-0.75,racing
1778050984.9603848,beam,93.11,2439,3,0.0,0.0,-1.012,0.458,racing
1778050628.0386474,beam,62.81,3044,2,100.0,0.0,1.637,1.111,racing
1778050685.0906627,beam,37.17,772,2,0.0,44.05,-4.297,-19.103,racing
1778049978.557933,beam,61.25,1682,3,7.54,0.0,-0.562,1.22,normal
1778050113.052586,beam,89.67,2581,3,28.97,0.0,0.134,0.683,normal
1778050539.9415078,beam,147.75,4128,3,59.77,0.0,0.061,-1.186,racing
1778050549.3187056,beam,148.63,4149,3,58.59,0.0,0.027,0.398,racing
1778049846.3487003,beam,81.42,2420,3,31.35,0.0,0.174,-0.085,normal
1778051022.1688669,beam,34.46,774,2,0.0,0.0,-0.43,0.202,racing
1778049847.7173824,beam,82.38,2440,3,31.35,0.0,0.206,0.104,normal
1778050537.423755,beam,147.12,4153,3,86.72,0.0,0.253,-0.521,racing
1778050284.8890977,beam,55.55,1706,3,17.46,0.0,0.087,0.826,normal
1778050155.0428529,beam,60.62,1384,3,0.0,0.0,-0.684,-2.556,normal
1778050654.612092,beam,124.47,3549,3,54.69,0.0,0.028,-0.184,racing
1778050642.331915,beam,99.37,2978,3,55.86,0.0,0.217,0.462,racing
1778050258.5537302,beam,49.8,1519,3,13.49,0.0,0.138,0.669,normal
1778050525.314196,beam,131.69,3792,3,100.0,0.0,0.452,-0.14,racing
1778050028.6054354,beam,85.31,2213,3,0.0,0.0,-0.843,-0.36,normal
1778049848.6788025,beam,82.98,2453,3,31.35,0.0,0.202,0.844,normal
1778050115.0820754,beam,90.07,2584,3,28.17,0.0,-0.02,-0.784,normal
1778050731.3386903,beam,131.74,3702,3,48.41,0.0,0.097,-0.022,racing
1778050822.7672331,beam,69.46,2357,3,45.24,0.0,0.786,-0.463,racing
1778050139.195696,beam,86.4,2242,3,0.0,0.0,-0.828,0.24,normal
1778050537.7729518,beam,147.35,4120,3,58.2,0.0,0.036,-1.302,racing
1778050204.5960448,beam,58.19,1879,3,22.62,0.0,0.246,0.258,normal
1778050213.5557108,beam,65.68,2008,3,23.02,0.0,0.593,1.607,normal
1778050119.9508874,beam,90.34,2581,3,26.98,0.0,0.042,0.401,normal
1778050821.3500865,beam,65.68,2037,3,37.3,0.0,0.381,1.574,racing
1778050996.463725,beam,64.62,1544,3,0.0,0.0,-0.714,0.607,racing
1778049845.5613773,beam,80.94,2409,3,31.35,0.0,0.212,-0.243,normal
1778050251.99372,beam,52.3,1583,3,14.29,0.0,-0.327,-0.542,normal
1778049849.959276,beam,83.84,2470,3,31.35,0.0,0.159,-0.336,normal
1778049902.1647406,beam,61.25,1898,3,21.43,0.0,0.235,1.232,normal
1778050975.4802656,beam,97.26,4295,2,100.0,0.0,1.201,1.587,racing
1778050932.286908,beam,94.61,2644,3,21.43,0.0,-0.174,0.425,racing
1778050227.1415074,beam,72.32,2004,3,12.7,0.0,0.029,1.095,normal
1778050615.8416903,beam,82.23,3725,2,100.0,0.0,1.333,-0.59,racing
1778050823.106732,beam,70.39,2386,3,44.05,0.0,0.748,-0.487,racing
1778050037.5569203,beam,62.22,1751,3,11.91,0.0,-0.766,-0.122,normal
1778049819.7299292,beam,42.67,2205,2,34.52,0.0,0.919,-0.706,normal
1778050524.7625744,beam,130.72,3769,3,100.0,0.0,0.545,-0.271,racing
1778050879.469684,beam,110.95,4657,2,0.0,27.38,-4.286,14.777,racing
1778050597.84716,beam,83.55,3511,2,0.0,52.34,-5.765,9.145,racing
1778050958.870301,beam,81.23,2088,3,0.0,0.0,-0.81,0.339,racing
1778049994.950581,beam,69.98,2218,3,32.54,0.0,0.949,1.075,normal
1778050589.0148635,beam,94.3,2477,3,0.0,0.0,-1.403,-1.022,racing
1778050616.0516906,beam,83.54,3771,2,100.0,0.0,1.766,0.711,racing
1778050511.2308586,beam,110.73,4823,2,100.0,0.0,0.746,-1.918,racing
1778049970.1946857,beam,81.24,2095,3,0.0,8.73,-1.695,-2.545,normal
1778050546.5439668,beam,148.69,4148,3,58.59,0.0,-0.017,0.956,racing
1778050535.088632,beam,144.52,4091,3,90.23,0.0,0.348,0.658,racing
1778049998.1020818,beam,79.68,2386,3,31.74,0.0,0.801,1.023,normal
1778050129.04719,beam,91.71,2625,3,28.57,0.0,0.013,-0.694,normal
1778050877.9159076,beam,119.26,5172,2,100.0,0.0,0.493,-1.214,racing
1778050174.6991,beam,84.71,2296,3,8.73,0.0,-0.512,-0.499,normal
1778050307.152309,beam,61.67,1302,3,0.0,0.0,-0.965,-2.991,normal
1778049990.968769,beam,58.04,2059,3,30.55,0.0,0.727,0.238,normal
1778050803.8608992,beam,107.93,4715,2,100.0,0.0,0.903,0.143,racing
1778050018.5453515,beam,87.36,2509,3,26.98,0.0,-0.032,0.468,normal
1778050831.269991,beam,91.34,2900,3,80.86,0.0,0.75,0.089,racing
1778050532.3560472,beam,141.12,4009,3,91.02,0.0,0.373,0.656,racing
1778049904.6304169,beam,63.83,2038,3,26.98,0.0,0.367,0.019,normal
1778050936.1923249,beam,95.49,2910,3,58.2,0.0,0.515,-0.409,racing
1778050733.1955352,beam,130.99,3582,3,21.83,0.0,-0.383,2.133,racing
1778050933.6014452,beam,94.37,2695,3,29.76,0.0,0.079,0.763,racing
1778050127.410846,beam,91.43,2622,3,28.97,0.0,0.064,0.142,normal
1778049832.329718,beam,67.9,2214,3,34.13,0.0,0.452,1.109,normal
1778050237.764621,beam,66.41,1880,3,14.29,0.0,-0.22,-0.401,normal
1778050012.9146724,beam,87.69,2516,3,26.98,0.0,0.01,0.467,normal
1778050781.610109,beam,94.78,2485,3,0.0,0.0,-0.808,0.921,racing
1778050948.1705568,beam,92.68,2923,3,81.25,2.38,0.377,-0.584,racing
1778050992.0948586,beam,81.15,2734,3,100.0,0.0,0.589,-2.497,racing
1778049946.7904928,beam,79.38,2307,3,25.0,0.0,0.033,-0.145,normal
1778050568.5975163,beam,95.68,2775,3,44.44,0.0,-0.11,-0.569,racing
1778050252.7359412,beam,51.48,1552,3,11.51,0.0,-0.231,1.092,normal
1778049860.6822896,beam,88.98,2570,3,29.76,0.0,0.111,0.597,normal
1778049904.1956675,beam,63.34,2031,3,26.98,0.0,0.382,0.593,normal
1778051015.5897765,beam,127.54,5500,2,98.44,0.0,1.032,0.189,racing
1778050715.362043,beam,115.33,5009,2,100.0,0.0,0.921,1.24,racing
1778050079.6639075,beam,80.79,2356,3,26.59,0.0,0.074,-0.857,normal
1778050152.2078006,beam,62.19,1876,3,19.44,0.0,0.11,2.56,normal
1778050865.7541673,beam,73.34,3402,2,100.0,0.0,1.582,-1.711,racing
1778050658.9984443,beam,103.2,2938,3,21.43,0.0,0.037,-1.787,racing
1778049953.525482,beam,84.41,2410,3,23.81,0.0,0.516,1.092,normal
1778050787.642596,beam,88.39,2610,3,35.71,0.0,0.216,0.197,racing
1778050200.779402,beam,55.45,1836,3,22.62,0.0,0.227,1.112,normal
1778050835.8693902,beam,101.96,3112,3,81.25,0.0,0.46,0.109,racing
1778050694.549116,beam,35.3,3148,1,100.0,7.54,1.607,0.169,racing
1778050581.633554,beam,99.92,2656,3,0.0,56.25,-6.109,-8.234,racing
1778049896.6656623,beam,59.81,1817,3,18.25,0.0,0.085,-0.189,normal
1778050997.595585,beam,61.75,1296,3,0.0,0.0,-0.651,1.216,racing
1778050048.6383772,beam,42.18,1679,3,21.43,0.0,-0.233,-0.289,normal
1778050630.1854217,beam,74.3,3437,2,100.0,0.0,1.529,1.41,racing
1778050974.4754944,beam,92.83,4124,2,98.83,0.0,1.308,0.003,racing
1778050986.4973335,beam,94.27,2973,3,99.22,0.0,0.605,0.609,racing
1778050670.958259,beam,111.92,2981,3,0.0,39.28,-4.169,-31.693,racing
1778050832.053862,beam,93.31,2937,3,80.86,0.0,0.684,-0.385,racing
1778050160.9212644,beam,28.07,2196,2,57.03,0.0,1.499,-2.156,normal
1778050647.6456575,beam,110.64,3219,3,55.08,0.0,0.957,-0.626,racing
1778050174.2546496,beam,85.54,2308,3,7.54,0.0,-0.513,0.545,normal
1778050670.6067996,beam,113.87,3009,3,0.0,0.0,-0.821,11.251,racing
1778049952.9805336,beam,83.52,2388,3,23.81,0.0,0.441,-0.232,normal
1778050589.689302,beam,85.21,2213,3,0.0,0.79,-0.778,30.738,racing
1778050916.8639965,beam,128.64,5545,2,100.0,0.0,0.58,-1.536,racing
1778050682.7550566,beam,48.11,770,3,0.0,0.0,-1.321,1.634,racing
1778050646.0626988,beam,105.36,3102,3,55.47,0.0,0.92,4.331,racing
1778050273.9808233,beam,61.37,1753,3,12.7,0.0,-0.165,0.769,normal
1778050276.2044342,beam,59.0,1741,3,15.87,0.0,-0.246,0.316,normal
1778051016.126449,beam,129.32,5569,2,98.44,0.0,1.019,0.838,racing
1778050258.3166845,beam,49.72,1520,3,13.49,0.0,0.317,0.262,normal
1778050018.3271997,beam,87.41,2508,3,26.59,0.0,-0.009,-0.155,normal
1778050846.9484725,beam,118.85,3493,3,100.0,0.0,1.041,-0.101,racing
1778050954.5175085,beam,103.34,2729,3,0.0,0.0,-0.855,-0.299,racing
1778050318.681317,beam,0.4,743,1,0.0,30.16,-0.944,1.718,normal
1778050216.762709,beam,71.69,2115,3,23.02,0.0,0.515,-0.271,normal
1778050817.9884276,beam,84.16,2189,3,0.0,26.98,-3.066,-14.542,racing
1778050961.346449,beam,73.1,2290,3,47.62,0.0,0.462,7.699,racing
1778050928.819081,beam,98.26,2959,3,62.11,0.0,0.473,0.612,racing
1778050787.973021,beam,88.65,2595,3,32.14,0.0,0.148,-0.52,racing
1778049924.783028,beam,77.13,2279,3,26.59,0.0,0.132,0.408,normal
1778049881.3984437,beam,94.42,2701,3,30.16,0.0,0.071,0.317,normal
1778050912.8988843,beam,118.87,5151,2,100.0,0.0,0.712,-1.038,racing
1778050277.0648644,beam,58.18,1727,3,15.08,0.0,-0.262,-0.63,normal
1778050809.1460278,beam,123.09,5323,2,100.0,0.0,0.682,0.345,racing
1778049929.977715,beam,77.69,2287,3,26.19,0.0,0.049,0.284,normal
1778049906.030693,beam,65.39,2063,3,26.98,0.0,0.295,-0.638,normal
1778049910.514023,beam,69.53,2134,3,26.98,0.0,0.129,-0.507,normal
1778049832.876898,beam,68.68,2229,3,34.52,0.0,0.42,0.282,normal
1778049823.8787277,beam,52.8,2052,3,34.13,0.0,0.438,-1.818,normal
1778050893.811165,beam,100.02,4403,2,100.0,0.0,1.075,0.681,racing
1778050025.1591668,beam,87.32,2510,3,26.98,0.0,0.04,0.326,normal
1778050944.182945,beam,101.68,2681,3,0.0,0.0,-0.955,-0.755,racing
1778050298.8747776,beam,60.54,1891,3,21.83,0.0,0.086,0.257,normal
1778050857.0908258,beam,56.08,770,3,0.0,91.8,-5.42,-2.274,racing
1778050831.7188344,beam,92.48,2921,3,80.86,0.0,0.745,0.558,racing
1778050699.304023,beam,64.15,5236,1,100.0,6.75,0.935,-5.517,racing
1778050653.7299943,beam,124.46,3550,3,55.08,0.0,0.217,1.354,racing
1778050116.285737,beam,90.31,2595,3,28.97,0.0,0.053,-0.597,normal
1778050794.227522,beam,70.31,2545,3,100.0,0.0,0.88,1.8,racing
1778050067.0106082,beam,71.61,2394,3,44.05,0.0,0.498,-0.964,normal
1778050870.473074,beam,95.0,4208,2,100.0,0.0,1.143,-0.482,racing
1778050098.9202917,beam,85.47,2478,3,27.78,0.0,0.097,0.536,normal
1778050805.2110393,beam,112.33,4889,2,100.0,0.0,0.854,-1.583,racing
1778049931.1877255,beam,77.71,2287,3,26.19,0.0,0.088,0.674,normal
1778050665.2088494,beam,110.18,3246,3,65.63,0.0,0.298,-1.919,racing
1778050532.560123,beam,141.38,4015,3,91.02,0.0,0.341,-0.387,racing
1778050155.7083883,beam,59.29,1104,3,0.0,0.0,-0.488,0.847,normal
1778050541.207268,beam,148.12,4135,3,58.59,0.0,0.113,0.464,racing
1778050240.6795044,beam,64.93,1845,3,14.29,0.0,-0.258,-0.61,normal
1778050893.4850986,beam,98.8,4355,2,100.0,0.0,1.098,-0.31,racing
1778050102.9675672,beam,86.66,2506,3,28.17,0.0,0.135,1.043,normal
1778050717.9134836,beam,122.25,5288,2,100.0,0.0,0.762,0.891,racing
1778050589.1292582,beam,93.86,2465,3,0.0,0.0,-1.075,2.866,racing
1778050758.1192338,beam,112.67,3312,3,67.58,0.0,0.578,0.804,racing
1778050669.529191,beam,117.8,3338,3,18.25,0.0,-0.028,-4.436,racing
1778050737.4199986,beam,127.62,3596,3,46.83,0.0,0.056,0.033,racing
1778050777.6269913,beam,97.81,2870,3,43.25,0.0,0.348,0.088,racing
1778050669.2048123,beam,117.47,3441,3,76.56,0.0,0.532,-0.418,racing
1778050994.5601249,beam,81.01,3394,2,0.0,31.35,-3.219,-21.252,racing
1778050053.9211862,beam,42.1,1677,3,21.43,0.0,0.133,0.97,normal
1778050608.1900225,beam,99.76,4392,2,100.0,0.0,1.342,2.415,racing
1778049949.949438,beam,79.73,2277,3,21.43,0.0,0.308,0.131,normal
1778050703.0626082,beam,80.04,3642,2,100.0,5.56,1.172,4.356,racing
1778049918.18213,beam,74.15,2220,3,26.98,0.0,0.113,-0.368,normal
1778050554.572262,beam,115.83,3071,3,0.0,73.05,-7.811,0.233,racing
1778049914.56725,beam,72.14,2182,3,26.98,0.0,0.148,0.491,normal
1778050074.026255,beam,78.93,2320,3,26.98,0.0,0.114,0.291,normal
1778050305.602432,beam,64.5,2049,3,26.19,0.0,0.189,-0.446,normal
1778050176.6976192,beam,81.33,2213,3,9.52,0.0,-0.498,-0.478,normal
1778050249.1725948,beam,56.22,1657,3,14.29,0.0,-0.378,0.444,normal
1778050969.0640008,beam,72.07,1862,3,9.92,0.0,-0.586,1.201,racing
1778050631.618972,beam,81.74,3708,2,100.0,0.0,1.381,-0.204,racing
1778050815.0653691,beam,110.51,2928,3,0.0,0.0,-1.011,-5.437,racing
1778050117.7993224,beam,90.26,2563,3,25.4,0.0,-0.017,0.142,normal
1778049914.914722,beam,72.33,2185,3,26.98,0.0,0.105,-0.868,normal
1778050913.9917555,beam,121.76,5268,2,100.0,0.0,0.634,-1.655,racing
1778050015.8874784,beam,87.46,2512,3,26.98,0.0,0.014,0.405,normal
1778050884.269769,beam,85.89,2749,3,62.5,0.0,0.169,7.487,racing
1778050274.2117157,beam,61.11,1729,3,12.3,0.0,-0.347,-0.593,normal
1778050850.6487951,beam,128.46,3721,3,100.0,0.0,0.478,1.208,racing
1778050180.4308207,beam,72.79,1911,3,3.17,0.0,-0.715,-0.736,normal
1778050106.9053955,beam,88.06,2546,3,29.36,0.0,0.117,0.458,normal
1778050917.99342,beam,130.62,5554,2,6.35,0.0,-0.468,-10.092,racing
1778049956.3106575,beam,88.31,2503,3,23.81,0.0,0.418,2.134,normal
1778051014.5591657,beam,123.71,5345,2,98.83,0.0,1.093,-0.023,racing
1778050977.0113392,beam,103.34,4532,2,98.44,0.0,1.013,-0.325,racing
1778050935.5514517,beam,94.64,2712,3,32.54,0.0,0.101,0.24,racing
1778050594.8478036,beam,79.37,3618,2,100.0,0.0,1.399,-1.264,racing
1778050594.0565488,beam,77.25,2690,2,100.0,0.0,0.252,-6.408,racing
1778050204.3737316,beam,58.0,1869,3,23.02,0.0,0.157,-0.97,normal
1778050207.6302676,beam,60.2,1901,3,22.62,0.0,0.187,0.143,normal
1778050083.6285446,beam,81.75,2374,3,26.19,0.0,-0.043,-1.83,normal
1778050991.9933012,beam,80.93,2717,3,98.83,0.0,0.842,2.089,racing
1778050630.6380484,beam,76.67,3522,2,100.0,0.0,1.428,-1.038,racing
1778050766.9340146,beam,91.09,2379,3,0.0,0.0,-0.723,2.742,racing
1778050724.238577,beam,129.0,3632,3,46.83,0.0,0.115,0.052,racing
1778050508.7810442,beam,102.28,4489,2,100.0,0.0,1.165,0.143,racing
1778051012.7599523,beam,116.02,5035,2,98.83,0.0,1.378,4.955,racing
1778050017.7727842,beam,87.4,2508,3,26.59,0.0,-0.045,-0.211,normal
1778050851.2145984,beam,129.11,3736,3,100.0,0.0,0.32,-0.099,racing
1778050796.0101423,beam,75.32,3474,2,100.0,0.0,1.244,-3.253,racing
1778050130.3799129,beam,91.91,2634,3,28.97,0.0,0.044,-0.056,normal
1778049874.2126532,beam,92.8,2662,3,30.16,0.0,0.048,-0.412,normal
1778049970.5162456,beam,79.42,2041,3,0.0,7.94,-1.519,-0.618,normal
1778050567.9678583,beam,95.96,2689,3,23.02,0.0,-0.494,1.854,racing
1778050594.5146945,beam,77.61,3407,2,100.0,0.0,0.45,1.398,racing
1778050604.9327726,beam,87.26,2850,2,100.0,0.0,0.068,-5.714,racing
1778050865.313053,beam,70.97,3317,2,100.0,0.0,1.529,3.168,racing
1778050621.9420311,beam,70.26,1743,3,0.0,0.0,-0.578,1.193,racing
1778050177.2476382,beam,80.45,2190,3,9.52,0.0,-0.329,-0.688,normal
1778051000.4263234,beam,63.4,2512,3,100.0,0.0,1.053,-1.456,racing
1778050259.6680255,beam,51.04,1555,3,14.29,0.0,0.376,1.263,normal
1778050304.7042751,beam,63.84,2039,3,26.98,0.0,0.166,-0.511,normal
1778050730.3406255,beam,131.39,3696,3,48.81,0.0,0.081,0.209,racing
1778050211.4461558,beam,62.57,1986,3,25.4,0.0,0.297,1.154,normal
1778050540.7741067,beam,147.99,4135,3,59.77,0.0,0.131,1.28,racing
1778050121.9162416,beam,90.58,2592,3,27.78,0.0,0.075,0.214,normal
1778050646.4154787,beam,106.49,3127,3,55.47,0.0,0.86,-0.571,racing
1778049958.4291897,beam,89.64,2539,3,23.81,0.0,-0.071,-1.946,normal
1778050181.215641,beam,70.94,1852,3,3.17,0.0,-0.578,2.576,normal
1778050608.825662,beam,102.83,4510,2,100.0,0.0,1.368,0.247,racing
1778049882.9120364,beam,94.71,2708,3,30.16,0.0,0.057,-0.123,normal
1778050130.1648984,beam,91.88,2629,3,28.57,0.0,0.051,0.187,normal
1778050059.914781,beam,53.96,2215,3,44.05,0.0,0.862,1.351,normal
1778050770.878334,beam,91.45,2718,3,42.06,0.0,0.161,0.008,racing
1778050209.3972747,beam,61.22,1923,3,22.62,0.0,0.156,-0.03,normal
1778050111.2868006,beam,89.2,2573,3,29.36,0.0,0.13,1.032,normal
1778050523.54292,beam,128.49,3717,3,100.0,0.0,0.562,1.046,racing
1778050315.2160115,beam,34.38,773,2,0.0,26.19,-2.449,1.381,normal
1778050935.9859576,beam,95.09,2862,3,58.99,0.0,0.475,1.204,racing
1778050674.8276992,beam,103.16,3058,3,54.69,0.0,0.248,-1.439,racing
1778050095.3044364,beam,84.13,2465,3,30.16,0.0,0.181,0.468,normal
1778050518.5609777,beam,130.05,5603,2,100.0,0.0,0.579,0.106,racing
1778050173.9478705,beam,86.15,2325,3,7.54,0.0,-0.531,-0.14,normal
1778050813.491289,beam,116.15,3089,3,0.0,50.0,-5.638,-3.16,racing
1778050585.3973973,beam,92.61,2885,3,66.41,0.0,0.554,-0.22,racing
1778049949.5296056,beam,79.56,2255,3,19.84,0.0,0.005,2.147,normal
1778050502.17221,beam,73.46,3411,2,100.0,0.0,0.931,-1.646,racing
1778049919.915701,beam,74.97,2234,3,26.59,0.0,0.034,-0.897,normal
1778050207.5294318,beam,60.13,1900,3,22.62,0.0,0.173,-0.43,normal
1778049824.3275466,beam,53.87,2060,3,34.13,0.0,0.501,-1.276,normal
1778049912.199999,beam,70.69,2154,3,26.98,0.0,0.057,-2.123,normal
1778050087.0939126,beam,82.05,2372,3,25.4,0.0,0.042,-0.042,normal
1778050965.6792212,beam,84.32,3524,2,0.0,0.0,-1.05,2.188,racing
1778050855.5654707,beam,114.11,3024,3,0.0,100.0,-14.744,-39.934,racing
1778050500.6011505,beam,67.67,3213,2,99.22,0.0,0.883,-0.726,racing
1778050499.9651082,beam,65.54,3136,2,91.02,0.0,0.949,2.145,racing
1778049915.449522,beam,72.64,2191,3,26.98,0.0,0.092,-1.33,normal
1778050498.996704,beam,62.75,3000,2,67.97,0.0,0.379,-3.418,racing
1778050545.0526297,beam,148.75,4150,3,58.99,0.0,0.114,1.802,racing
1778050236.801493,beam,66.96,1883,3,13.49,0.0,-0.238,-0.766,normal
1778050868.9590387,beam,88.68,3967,2,100.0,0.0,1.15,-1.17,racing
1778050124.4657135,beam,90.9,2606,3,28.57,0.0,0.088,0.483,normal
1778050617.7180889,beam,92.25,4103,2,98.83,0.0,1.221,-0.745,racing
1778050510.681451,beam,109.01,4756,2,100.0,0.0,0.952,0.265,racing
1778050709.579808,beam,98.55,4342,2,100.0,4.37,0.833,0.197,racing
1778050311.6543684,beam,50.82,772,3,0.0,0.0,-0.628,-4.271,normal
1778050313.2280118,beam,43.33,767,3,0.0,17.86,-2.26,-1.947,normal
1778050649.0609658,beam,115.5,3335,3,55.86,0.0,1.229,4.178,racing
1778050086.6584775,beam,81.99,2359,3,24.21,0.0,-0.028,-0.864,normal
1778049933.350788,beam,77.09,2233,3,22.62,0.0,-0.004,-0.126,normal
1778050825.4491029,beam,75.92,2543,3,54.69,0.0,0.665,-0.864,racing
1778049844.5877044,beam,80.21,2398,3,31.74,0.0,0.097,-1.844,normal
1778049995.949159,beam,73.26,2263,3,31.74,0.0,0.857,-0.481,normal
1778050190.4993482,beam,52.12,1379,3,4.76,0.0,-0.288,0.75,normal
1778050111.837376,beam,89.37,2576,3,29.36,0.0,0.084,-0.041,normal
1778050746.7718143,beam,86.51,2661,3,51.56,0.0,0.437,0.717,racing
1778050923.1296804,beam,133.68,3807,3,69.14,0.0,0.331,0.296,racing
1778050789.443523,beam,88.28,2473,3,11.51,0.0,-0.218,-1.872,racing
1778050298.2099822,beam,60.31,1887,3,21.83,0.0,0.081,-0.225,normal
1778050718.4733834,beam,123.66,5345,2,100.0,0.0,0.708,0.161,racing
1778050783.1782284,beam,84.27,2258,3,19.44,0.0,-0.703,1.201,racing
1778050494.2721014,beam,42.77,3663,1,100.0,0.0,2.036,-0.964,racing
1778050780.294666,beam,98.87,2606,3,0.0,0.0,-0.772,1.113,racing
1778050749.5841904,beam,93.75,4139,2,75.0,0.0,1.04,-1.154,racing
1778050043.1556451,beam,50.49,1689,3,19.44,0.0,-0.705,-0.14,normal
1778050552.820715,beam,147.04,3928,3,0.0,0.0,-1.101,4.502,racing
1778050803.6581428,beam,107.28,4688,2,100.0,0.0,0.848,-1.271,racing
1778050710.5779204,beam,101.03,4439,2,100.0,4.76,0.653,-1.206,racing
1778050013.6973443,beam,87.65,2518,3,26.98,0.0,-0.079,-0.387,normal
1778050754.5812066,beam,105.46,3173,3,75.39,0.0,0.63,0.012,racing
1778050810.0221243,beam,125.2,5407,2,100.0,0.0,0.631,0.248,racing
1778050780.190786,beam,99.16,2642,3,1.19,0.0,-0.887,-2.377,racing
1778049878.2448275,beam,93.73,2685,3,30.16,0.0,0.09,0.482,normal
1778050784.3981223,beam,85.36,2548,3,36.9,0.0,0.221,-0.495,racing
1778049931.0840075,beam,77.68,2287,3,26.19,0.0,0.018,0.374,normal
1778050516.82985,beam,126.2,5448,2,100.0,0.0,0.7,0.216,racing
1778050691.4690902,beam,28.37,2347,2,70.7,13.1,0.506,3.251,racing
1778050919.9772224,beam,129.8,3712,3,67.58,0.0,0.239,-1.2,racing
1778050316.198771,beam,24.47,770,1,0.0,24.21,-3.0,-2.353,normal
1778049829.4675748,beam,63.51,2156,3,34.13,0.0,0.451,-0.613,normal
1778049834.163689,beam,70.46,2252,3,34.13,0.0,0.476,1.852,normal
1778050753.9379897,beam,104.04,3143,3,75.39,0.0,0.543,-0.822,racing
1778050720.297982,beam,124.96,3582,3,61.72,0.0,0.271,-0.74,racing
1778050133.6611352,beam,92.44,2642,3,28.57,0.0,0.034,-0.691,normal
1778050698.5512006,beam,60.28,4939,1,100.0,4.76,1.298,1.097,racing
1778050079.1394875,beam,80.6,2353,3,26.59,0.0,0.081,-0.212,normal
1778049946.357103,beam,79.33,2299,3,24.21,0.0,0.078,1.326,normal
1778050885.5844536,beam,83.47,2763,3,75.0,0.0,-0.45,2.56,racing
1778050786.790751,beam,87.69,2600,3,36.51,0.0,0.26,-0.06,racing
1778050991.131409,beam,79.74,2123,3,13.49,0.0,-0.983,-2.579,racing
1778050544.709936,beam,148.68,4150,3,58.99,0.0,0.069,1.461,racing
1778050731.8555548,beam,131.91,3707,3,48.81,0.0,0.089,-0.252,racing
1778050610.5622685,beam,33.0,1091,2,0.0,55.86,2.01,42.035,racing
1778050290.0914073,beam,57.44,1817,3,20.63,0.0,0.098,-0.513,normal
1778050184.633308,beam,63.03,1552,3,1.19,0.0,-0.659,0.106,normal
1778050265.8975122,beam,61.92,1772,3,14.29,0.0,0.462,-0.412,normal
1778050774.5451343,beam,94.05,2789,3,42.86,0.0,0.392,1.924,racing
1778050294.3768396,beam,58.82,1855,3,21.43,0.0,0.268,2.643,normal
1778050299.200605,beam,60.64,1895,3,22.62,0.0,0.037,-0.682,normal
1778050564.5190165,beam,86.25,3866,2,83.2,0.0,1.134,-0.79,racing
1778050248.6637104,beam,56.96,1673,3,14.29,0.0,-0.419,0.395,normal
1778050632.3046932,beam,85.1,3833,2,100.0,0.0,1.449,1.581,racing
1778049905.5988004,beam,64.92,2055,3,26.98,0.0,0.362,0.272,normal
1778050795.2415862,beam,73.14,2646,2,100.0,0.0,0.057,-6.061,racing
1778050821.0014937,beam,65.51,1585,3,9.52,0.0,-0.521,1.124,racing
1778050092.722944,beam,83.26,2416,3,26.98,0.0,0.11,0.249,normal
1778050240.2668045,beam,65.19,1851,3,14.29,0.0,-0.134,-0.199,normal
1778050101.4364672,beam,86.17,2494,3,28.57,0.0,0.137,0.465,normal
1778050533.1930356,beam,142.21,4034,3,90.23,0.0,0.382,1.315,racing
1778050316.5365164,beam,21.07,773,1,0.0,24.6,-2.664,4.674,normal
1778050069.642438,beam,76.79,2470,3,44.05,0.0,0.578,0.701,normal
1778050791.2728093,beam,73.84,1862,3,0.0,0.0,-0.997,-2.149,racing
1778050116.931408,beam,90.4,2575,3,25.4,0.0,-0.046,-0.756,normal
1778050578.23343,beam,114.07,3369,3,79.3,0.0,0.473,-1.397,racing
1778051013.940047,beam,121.22,5244,2,98.83,0.0,1.194,0.031,racing
1778050965.0185428,beam,84.88,3808,2,78.12,0.0,1.187,1.135,racing
1778049879.1320336,beam,93.92,2689,3,30.16,0.0,0.071,0.056,normal
1778050835.2180088,beam,100.85,3088,3,81.25,0.0,0.499,0.251,racing
1778050094.301891,beam,83.71,2425,3,26.98,0.0,0.086,0.197,normal
1778050891.6350255,beam,91.14,4067,2,100.0,0.0,1.063,1.765,racing
1778050189.7501776,beam,53.11,1406,3,4.76,0.0,-0.421,-0.242,normal
1778050671.8585172,beam,101.21,2669,3,0.0,0.0,-1.415,-5.743,racing
1778049999.1858437,beam,82.49,2446,3,32.14,0.0,0.552,-1.515,normal
1778050829.069544,beam,85.38,2797,3,82.03,0.0,0.738,0.315,racing
1778050520.8112185,beam,131.97,3521,3,0.0,0.0,-1.131,0.93,racing
1778049975.5407524,beam,66.08,1818,3,9.92,0.0,-0.261,0.365,normal
1778051022.856542,beam,33.91,772,2,0.0,0.0,-0.293,2.553,racing
1778051005.0857234,beam,85.02,3827,2,100.0,0.0,0.085,-23.623,racing
1778049899.62922,beam,60.29,1838,3,19.44,0.0,-0.016,-2.19,normal
1778050840.8670187,beam,108.69,4743,2,100.0,0.0,0.766,0.66,racing
1778050751.651573,beam,98.83,3034,3,75.39,0.0,0.642,-1.289,racing
1778049919.8119907,beam,74.96,2234,3,26.59,0.0,0.127,-0.763,normal
1778050784.513245,beam,85.48,2558,3,37.3,0.0,0.284,0.553,racing
1778050712.4435554,beam,106.39,4651,2,100.0,0.0,0.984,0.207,racing
1778050611.6711192,beam,59.1,2134,3,71.09,0.0,0.966,3.896,racing
1778050208.4966176,beam,60.71,1913,3,23.02,0.0,0.165,-0.366,normal
1778050521.8987317,beam,127.86,3406,3,0.0,0.0,-0.889,1.825,racing
1778051013.0747402,beam,117.49,5094,2,98.83,0.0,1.327,-0.214,racing
1778049835.932804,beam,72.7,2288,3,34.13,0.0,0.319,-0.942,normal
1778050528.1117878,beam,136.28,3901,3,100.0,0.0,0.378,-0.568,racing
1778049952.8719783,beam,83.35,2380,3,23.81,0.0,0.466,0.9,normal
1778050158.7389398,beam,40.64,769,2,0.0,51.17,-5.207,-1.107,normal
1778050508.1294172,beam,99.73,4391,2,100.0,0.0,1.066,-0.796,racing
1778050099.024694,beam,85.51,2475,3,27.78,0.0,0.115,0.166,normal
1778050219.4594333,beam,76.26,2215,3,23.02,0.0,0.365,0.489,normal
1778049816.6464362,beam,29.82,2025,2,36.51,0.0,1.143,-1.21,normal
1778050621.834411,beam,70.48,1762,3,0.0,0.0,-0.707,7.836,racing
1778050239.2007935,beam,65.61,1861,3,14.29,0.0,-0.083,0.667,normal
1778050215.0080843,beam,68.28,2047,3,23.02,0.0,0.465,0.174,normal
1778050846.176289,beam,115.61,3419,3,100.0,0.0,1.117,-2.128,racing
1778049976.6659267,beam,64.89,1773,3,8.73,0.0,-0.26,0.803,normal
1778050981.262661,beam,110.94,3284,3,71.09,0.0,0.501,-0.305,racing
1778051009.5232503,beam,102.83,4512,2,98.44,0.0,0.876,-1.33,racing
1778050200.4616828,beam,55.22,1830,3,23.02,0.0,0.231,-0.194,normal
1778050019.7406414,beam,87.34,2510,3,26.98,0.0,0.005,0.137,normal
1778050957.1152475,beam,94.6,2491,3,0.0,29.36,-2.258,-13.196,racing
1778050026.623771,beam,87.91,2522,3,26.98,0.0,0.361,0.909,normal
1778050596.7446108,beam,88.46,3960,2,100.0,0.0,1.194,-0.875,racing
1778049976.8810923,beam,64.48,1764,3,8.73,0.0,-0.477,0.872,normal
1778049885.1155012,beam,95.16,2718,3,30.16,0.0,0.157,1.569,normal
1778050913.8765564,beam,121.5,5256,2,100.0,0.0,0.824,0.422,racing
1778050777.4153214,beam,97.55,2865,3,43.25,0.0,0.317,0.168,racing
1778049909.8672216,beam,69.09,2125,3,26.98,0.0,0.229,-1.256,normal
1778051025.842096,beam,26.88,770,2,0.0,37.7,-3.307,-9.17,racing
1778050104.27408,beam,87.12,2529,3,29.76,0.0,0.074,-0.379,normal
1778050173.6158054,beam,86.77,2342,3,7.54,0.0,-0.458,0.574,normal
1778050128.8289237,beam,91.67,2624,3,28.57,0.0,0.018,-0.329,normal
1778050099.3663342,beam,85.61,2476,3,27.78,0.0,0.12,0.284,normal
1778050572.1472323,beam,100.91,3064,3,70.31,0.0,0.758,1.839,racing
1778050988.4312537,beam,92.56,3877,2,0.0,0.0,-0.995,0.698,racing
1778050889.681813,beam,84.66,3820,2,100.0,0.0,0.956,0.341,racing
1778050072.1812754,beam,78.26,2305,3,26.98,0.0,0.074,-2.035,normal
1778050960.2863882,beam,74.83,1889,3,0.0,0.0,-0.872,-1.566,racing
1778050006.2924848,beam,86.59,2533,3,31.35,0.0,-0.089,0.605,normal
1778050849.159629,beam,126.03,3662,3,100.0,0.0,0.815,0.981,racing
1778050573.8141222,beam,104.71,3166,3,78.91,0.0,0.561,0.553,racing
1778049869.9777243,beam,91.64,2636,3,30.16,0.0,0.06,-0.466,normal
1778050837.4316342,beam,103.84,3152,3,81.25,0.0,0.285,0.062,racing
1778050880.477307,beam,98.59,3644,3,0.0,50.0,-5.12,10.782,racing
1778050630.3051066,beam,74.96,3459,2,100.0,0.0,1.545,0.137,racing
1778050154.041329,beam,61.68,1863,3,19.44,0.0,0.249,0.802,normal
1778050925.503707,beam,117.82,3125,3,0.0,0.0,-1.2,-2.568,racing
1778049891.8120131,beam,71.17,1804,3,0.0,24.21,-3.132,-1.179,normal
1778050196.8997276,beam,52.13,1764,3,21.43,0.0,0.193,-0.645,normal
1778050068.7638645,beam,75.14,2444,3,44.05,0.0,0.624,0.685,normal
1778050656.1475854,beam,120.42,3201,3,0.0,0.0,-0.94,2.749,racing
1778050556.087742,beam,75.73,1946,3,0.0,17.06,-2.832,18.321,racing
1778050093.1743076,beam,83.41,2419,3,26.98,0.0,0.013,0.143,normal
1778050807.0670807,beam,117.59,5100,2,100.0,0.0,0.806,0.661,racing
1778050746.885883,beam,86.71,2699,3,58.2,0.0,0.467,0.264,racing
1778050640.3516283,beam,98.5,2957,3,55.08,0.0,0.13,0.339,racing
1778050668.114535,beam,115.47,3397,3,76.56,0.0,0.451,0.2,racing
1778050810.460032,beam,126.17,5447,2,100.0,0.0,0.826,2.836,racing
1778050948.5209222,beam,93.12,2932,3,78.91,3.57,0.386,0.93,racing
1778050920.977326,beam,131.09,3743,3,68.36,0.0,0.311,-1.277,racing
1778049949.1826556,beam,79.7,2282,3,19.44,0.0,-0.071,-0.657,normal
1778050043.270233,beam,50.39,1691,3,19.44,0.0,-0.248,3.992,normal
1778050771.1976576,beam,91.66,2736,3,42.86,0.0,0.15,-1.676,racing
1778050638.2013073,beam,97.29,2936,3,55.86,0.0,0.238,-1.543,racing
1778050820.1247833,beam,69.99,1738,3,0.0,28.97,-2.249,-13.969,racing
1778050938.8330011,beam,98.27,4117,2,0.0,0.0,-0.992,1.547,racing
1778050920.405649,beam,130.37,3725,3,67.97,0.0,0.277,-1.866,racing
1778050733.7381208,beam,129.15,3441,3,0.0,0.0,-1.109,-0.827,racing
1778050556.206071,beam,75.38,1914,3,0.0,0.0,-0.807,17.11,racing
1778050310.3159988,beam,52.4,1530,3,19.44,0.0,-0.14,4.136,normal
1778050205.3644323,beam,58.7,1879,3,22.62,0.0,0.153,-0.198,normal
1778050974.581055,beam,93.34,4143,2,98.83,0.0,1.343,0.328,racing
1778050241.867203,beam,64.08,1825,3,14.29,0.0,-0.149,-0.064,normal
1778050545.257787,beam,148.73,4151,3,58.59,0.0,-0.033,-0.177,racing
1778050839.0935664,beam,103.94,4380,2,100.0,0.0,-0.264,1.862,racing
1778050748.954352,beam,91.36,4044,2,74.22,0.0,0.987,-0.964,racing
1778050737.526656,beam,127.65,3597,3,46.83,0.0,0.062,0.058,racing
1778049989.9376397,beam,55.51,2003,3,32.94,0.0,0.371,-1.287,normal
1778050967.744622,beam,82.8,2161,3,0.0,31.74,-2.99,-17.97,racing
1778050736.552877,beam,127.34,3591,3,47.62,0.0,0.005,-1.206,racing
1778050594.3961372,beam,77.42,3148,2,100.0,0.0,0.284,1.323,racing
1778050913.3142672,beam,119.96,5195,2,100.0,0.0,0.744,-0.411,racing
1778049931.40312,beam,77.69,2287,3,26.19,0.0,-0.139,-1.954,normal
1778050606.494439,beam,92.54,4113,2,100.0,0.0,1.144,0.071,racing
1778050973.3164957,beam,87.56,3924,2,98.83,0.0,1.311,-0.263,racing
1778050082.1569314,beam,81.43,2359,3,25.4,0.0,0.026,-1.08,normal
1778050682.9755409,beam,47.41,775,3,0.0,0.0,-0.784,1.801,racing
1778050008.3004112,beam,86.53,2531,3,31.35,0.0,0.061,-0.281,normal
1778050847.0592885,beam,119.31,3504,3,100.0,0.0,1.159,1.058,racing
1778050705.2794542,beam,86.05,3865,2,100.0,7.54,1.013,2.953,racing
1778050589.5810983,beam,85.51,2247,3,0.0,36.11,-4.104,9.339,racing
1778050590.880467,beam,75.52,1932,3,0.0,0.0,-1.826,34.094,racing
1778049832.9776504,beam,68.8,2232,3,34.52,0.0,0.325,-0.947,normal
1778049901.4956784,beam,60.87,1885,3,21.43,0.0,0.185,0.142,normal
1778050543.8592205,beam,148.47,4146,3,58.99,0.0,0.005,-1.264,racing
1778050809.5741236,beam,124.16,5365,2,100.0,0.0,0.715,1.421,racing
1778050672.5253258,beam,100.39,2924,3,47.62,0.0,0.303,0.585,racing
1778050280.6238248,beam,55.63,1707,3,17.06,0.0,-0.078,-0.032,normal
1778050106.5697546,beam,87.95,2544,3,29.36,0.0,0.053,-0.515,normal
1778050836.9936814,beam,103.36,3144,3,82.03,0.0,0.27,-1.271,racing
1778050557.5492206,beam,68.01,1663,3,0.0,1.59,-1.132,-0.943,racing
1778050620.6020637,beam,88.17,2312,3,0.0,34.13,-4.005,-26.132,racing
1778050795.8914938,beam,74.79,3449,2,100.0,0.0,1.63,0.976,racing
1778050097.8329372,beam,85.17,2471,3,28.17,0.0,0.169,0.884,normal
1778050711.9848502,beam,104.81,4587,2,100.0,0.0,1.084,3.004,racing
1778049838.062673,beam,75.2,2331,3,34.13,0.0,0.293,-0.378,normal
1778050263.7835276,beam,58.07,1692,3,14.29,0.0,0.587,0.081,normal
1778050950.5520155,beam,97.42,3011,3,78.12,0.0,0.647,-0.506,racing
1778050138.3283165,beam,89.07,2318,3,0.0,0.0,-0.683,0.734,normal
1778050924.5372183,beam,132.31,3546,3,0.0,42.06,-3.977,-23.468,racing
1778051007.9437091,beam,97.51,4320,2,100.0,0.0,0.59,-3.457,racing
1778049915.030347,beam,72.45,2187,3,26.98,0.0,0.267,1.4,normal
1778050991.2404363,beam,79.6,2222,3,26.59,0.0,-0.339,5.907,racing
1778050853.7625396,beam,131.86,3798,3,100.0,0.0,0.433,-0.017,racing
1778051006.089959,beam,89.62,4002,2,100.0,0.0,1.289,0.474,racing
1778050551.824504,beam,148.67,4148,3,58.2,0.0,-0.006,-0.399,racing
1778050212.8823075,beam,64.52,1978,3,23.02,0.0,0.402,-0.259,normal
1778051023.523134,beam,32.82,772,2,0.0,0.0,-0.604,-0.713,racing
1778050191.8968575,beam,50.1,1300,3,4.37,0.0,-0.435,0.086,normal
1778050529.1966398,beam,137.93,3918,3,66.8,0.0,0.309,-0.764,racing
1778050076.4750664,beam,79.81,2334,3,26.59,0.0,0.108,-0.292,normal
1778050318.449092,beam,1.27,745,1,0.0,30.16,-0.944,-0.023,normal
1778050911.1067915,beam,113.72,4946,2,100.0,0.0,0.863,0.22,racing
1778050260.1032891,beam,51.6,1565,3,14.29,0.0,0.286,-0.578,normal
1778049827.9161546,beam,60.85,2126,3,34.13,0.0,0.49,0.235,normal
1778050634.0874906,beam,90.68,2855,3,46.83,0.0,0.905,5.27,racing
1778050063.7834735,beam,64.36,2311,3,44.44,0.0,0.616,0.058,normal
1778050858.946823,beam,44.83,1237,3,46.83,0.0,-0.281,2.593,racing
1778050219.342225,beam,76.11,2211,3,23.02,0.0,0.307,-1.047,normal
1778050002.599079,beam,87.17,2549,3,31.74,0.0,0.093,0.131,normal
1778050557.98846,beam,66.87,1676,3,7.14,0.0,-0.672,1.058,racing
1778050731.2280326,beam,131.7,3701,3,48.41,0.0,0.1,0.141,racing
1778049824.4438062,beam,54.01,2062,3,34.13,0.0,0.331,-1.459,normal
1778050909.1265357,beam,107.31,4688,2,100.0,0.0,0.954,-0.529,racing
1778050538.1062346,beam,147.33,4114,3,57.42,0.0,0.024,0.16,racing
1778050972.545883,beam,83.83,3785,2,98.83,0.0,1.35,0.203,racing
1778049866.3811824,beam,90.57,2611,3,30.16,0.0,0.088,0.087,normal
1778050715.6920807,beam,116.28,5049,2,100.0,0.0,0.816,0.012,racing
1778049890.6489673,beam,81.15,2099,3,0.0,18.65,-2.499,-1.714,normal
1778050685.9703665,beam,26.46,771,2,0.0,0.0,-1.442,-2.574,racing
1778050545.370665,beam,148.73,4150,3,58.59,0.0,0.004,0.331,racing
1778050150.674368,beam,62.83,1897,3,19.84,0.0,-0.017,0.261,normal
1778050690.0831792,beam,34.11,2650,1,0.0,0.0,-1.685,-0.038,racing
1778050697.1457624,beam,52.15,4334,1,100.0,3.57,1.888,2.878,racing
1778050619.9236405,beam,93.68,2468,3,0.0,32.14,-3.634,-11.058,racing
1778049877.0335867,beam,93.46,2678,3,30.16,0.0,0.092,0.308,normal
1778050932.7368548,beam,94.42,2654,3,23.02,0.0,-0.096,-0.238,racing
1778050580.5485754,beam,110.75,2934,3,0.0,0.0,-0.968,-0.434,racing
1778049992.8373609,beam,63.22,2112,3,31.74,0.0,0.739,-1.058,normal
1778050584.0955691,beam,90.41,2735,3,50.78,0.0,0.416,1.841,racing
1778050660.478263,beam,104.69,3062,3,48.81,0.0,0.38,0.246,racing
1778050108.020946,beam,88.38,2547,3,28.57,0.0,0.032,-0.699,normal
1778050707.984373,beam,93.66,4155,2,100.0,4.37,0.722,-0.91,racing
1778049998.6494591,beam,81.18,2416,3,31.74,0.0,0.794,0.826,normal
1778050917.7732706,beam,130.55,5623,2,100.0,0.0,0.543,-0.305,racing
1778050689.431663,beam,35.79,3172,1,76.56,0.0,2.18,-1.108,racing
1778050564.6326163,beam,86.76,3886,2,83.2,0.0,1.229,0.829,racing
1778050134.5290155,beam,92.52,2644,3,28.57,0.0,0.034,0.362,normal
1778050599.865208,beam,76.35,2641,3,71.09,0.0,0.791,0.991,racing
1778049821.3989055,beam,47.32,2172,3,33.73,0.0,0.347,-0.743,normal
1778050065.3780775,beam,68.12,2355,3,44.05,0.0,0.627,0.375,normal
1778050105.4681578,beam,87.56,2535,3,29.36,0.0,0.083,-0.05,normal
1778050917.8878818,beam,130.79,5630,2,75.0,0.0,0.597,0.465,racing
1778050738.1852791,beam,127.88,3602,3,46.83,0.0,0.187,0.891,racing
1778050096.4026456,beam,84.63,2467,3,28.97,0.0,0.171,0.177,normal
1778050560.1663911,beam,70.45,2691,2,83.2,0.0,0.092,0.343,racing
1778049924.0454197,beam,76.88,2272,3,26.59,0.0,0.189,1.734,normal
1778049826.8154862,beam,58.84,2105,3,34.13,0.0,0.558,0.861,normal
1778050651.7167623,beam,122.69,3509,3,55.47,0.0,0.46,-0.746,racing
1778050585.1953924,beam,92.2,2874,3,64.45,0.0,0.516,0.198,racing
1778050124.9171605,beam,90.98,2606,3,28.17,0.0,0.062,0.507,normal
1778050307.5896945,beam,59.84,1120,3,0.0,11.51,-1.645,-3.706,normal
1778049943.0025153,beam,79.14,2309,3,25.0,0.0,-1.7,-25.372,normal
1778050512.4455333,beam,114.52,4977,2,100.0,0.0,0.833,-0.206,racing
1778050977.2271874,beam,104.06,4540,2,60.55,0.0,0.849,-1.645,racing
1778050628.715263,beam,66.46,3166,2,100.0,0.0,1.405,-1.808,racing
1778049873.783329,beam,92.69,2660,3,30.16,0.0,0.11,0.03,normal
1778050851.978266,beam,129.76,3752,3,100.0,0.0,-0.008,-4.116,racing
1778050254.0389547,beam,50.13,1523,3,13.49,0.0,-0.242,-0.186,normal
1778050576.815948,beam,111.24,3306,3,79.3,0.0,0.623,0.377,racing
1778050724.556107,beam,129.14,3633,3,46.83,0.0,0.101,-0.186,racing
1778050567.4312277,beam,96.26,3568,3,77.73,0.0,0.166,-2.425,racing
1778050626.6340473,beam,56.3,2470,2,100.0,0.0,0.343,-3.965,racing
1778050622.7378824,beam,65.75,1626,3,0.0,32.14,-3.512,-4.47,racing
1778050914.5294774,beam,123.14,5323,2,100.0,0.0,0.746,0.217,racing
1778050798.822783,beam,88.44,3960,2,100.0,0.0,1.151,-0.875,racing
1778050067.7837284,beam,73.22,2416,3,44.05,0.0,0.602,0.242,normal
1778050208.7131538,beam,60.81,1914,3,22.62,0.0,0.121,-0.09,normal
1778050052.3002515,beam,41.4,1673,3,21.43,0.0,-0.0,-0.974,normal
1778049833.2989252,beam,69.26,2237,3,34.13,0.0,0.353,-0.852,normal
1778050608.0778832,beam,99.21,4372,2,100.0,0.0,1.071,-2.164,racing
1778049899.5174544,beam,60.3,1838,3,19.44,0.0,0.229,1.698,normal
1778050616.838462,beam,87.95,3939,2,100.0,0.0,1.422,0.058,racing
1778050753.7050712,beam,103.55,3132,3,75.39,0.0,0.826,2.47,racing
1778050039.2716985,beam,58.57,1812,3,19.44,0.0,-0.472,-0.828,normal
1778050718.3620894,beam,123.38,5334,2,100.0,0.0,0.691,-0.449,racing
1778050897.180329,beam,109.74,4603,2,0.0,0.0,-1.121,6.053,racing
1778049882.2507951,beam,94.57,2705,3,30.16,0.0,0.042,-0.222,normal
1778050962.5175493,beam,76.27,2647,3,96.09,0.0,0.715,-1.557,racing
1778050812.5495334,beam,131.58,3532,3,0.0,0.0,-0.821,-7.415,racing
1778049825.1000257,beam,55.43,2073,3,34.13,0.0,0.5,-0.153,normal
1778050138.76079,beam,87.69,2280,3,0.0,0.0,-0.85,0.057,normal
1778050149.070892,beam,63.12,1877,3,18.65,0.0,0.047,-0.679,normal
1778051016.3420758,beam,129.87,5594,2,98.44,0.0,0.72,0.195,racing
1778050182.9658012,beam,66.81,1733,3,2.78,0.0,-0.721,0.197,normal
1778050046.686524,beam,44.09,1674,3,21.43,0.0,-0.46,-1.269,normal
1778050853.0816402,beam,130.9,3777,3,100.0,0.0,0.358,0.995,racing
1778049826.6105034,beam,58.46,2101,3,34.13,0.0,0.569,0.882,normal
1778050950.31647,beam,96.85,2999,3,78.12,0.0,0.747,1.985,racing
1778050989.829788,beam,82.84,2792,3,14.29,0.0,-0.34,-0.106,racing
1778050092.5088823,beam,83.18,2415,3,26.98,0.0,0.03,-0.199,normal
1778049818.7315528,beam,39.08,2153,2,35.32,0.0,1.077,-0.11,normal
1778049960.6618323,beam,90.16,2550,3,23.81,0.0,0.19,0.965,normal
1778050592.4407897,beam,72.36,2502,3,100.0,0.0,0.884,3.321,racing
1778050082.579013,beam,81.52,2363,3,26.19,0.0,0.077,-0.065,normal
1778049886.1471229,beam,95.3,2724,3,30.55,0.0,-0.008,-0.428,normal
1778050648.176428,beam,112.42,3261,3,55.08,0.0,0.834,-2.029,racing
1778049892.8967311,beam,62.07,1437,3,0.0,1.59,-0.966,-3.527,normal
1778050642.8948424,beam,99.79,2987,3,55.86,0.0,0.203,0.391,racing
1778050222.6356535,beam,77.09,1961,3,0.0,0.0,-0.521,0.603,normal
1778050798.721208,beam,88.02,3943,2,100.0,0.0,1.24,0.751,racing
1778050776.9974632,beam,97.05,2854,3,43.25,0.0,0.43,1.537,racing
1778050180.7700307,beam,72.03,1896,3,3.57,0.0,-0.723,-2.339,normal
1778050506.53291,beam,93.03,4132,2,100.0,0.0,1.133,-1.031,racing
1778050017.6643264,beam,87.42,2510,3,26.59,0.0,-0.022,-0.327,normal
1778050606.945499,beam,94.55,4191,2,100.0,0.0,1.294,0.401,racing
1778050096.6203957,beam,84.74,2467,3,28.97,0.0,0.225,1.751,normal
1778050000.512427,beam,85.27,2508,3,32.14,0.0,0.423,-1.257,normal
1778050131.2478478,beam,92.04,2636,3,28.97,0.0,0.015,-0.077,normal
1778050123.6996543,beam,90.78,2600,3,28.17,0.0,0.059,0.006,normal
1778050265.1268678,beam,60.54,1741,3,14.29,0.0,0.498,0.126,normal
1778050876.9455123,beam,117.05,5078,2,100.0,0.0,0.84,1.758,racing
1778050767.915418,beam,89.42,2690,3,44.44,0.0,0.325,2.354,racing
1778050777.9437716,beam,98.16,2878,3,43.25,0.0,0.292,-0.734,racing
1778049865.3943832,beam,90.26,2604,3,30.16,0.0,0.148,0.937,normal
1778049865.8314862,beam,90.4,2607,3,30.16,0.0,0.11,0.258,normal
1778049887.3619514,beam,93.36,2445,3,0.0,0.0,-0.84,-0.231,normal
1778050242.4400885,beam,63.81,1819,3,14.29,0.0,-0.12,0.267,normal
1778049877.6953304,beam,93.6,2682,3,30.16,0.0,0.019,-0.44,normal
1778050021.7940583,beam,87.3,2509,3,26.98,0.0,-0.036,-0.524,normal
1778050804.4280937,beam,109.93,4789,2,100.0,0.0,1.453,6.984,racing
1778050586.5106428,beam,94.74,2921,3,61.72,0.0,0.553,2.066,racing
1778050829.3883345,beam,86.21,2812,3,82.03,0.0,0.779,0.921,racing
1778050548.7857027,beam,148.69,4149,3,58.59,0.0,0.022,-0.662,racing
1778050235.4088264,beam,67.86,1904,3,13.49,0.0,-0.106,1.33,normal
1778050071.74422,beam,78.02,2300,3,26.98,0.0,0.09,0.124,normal
1778050303.199083,beam,62.61,2021,3,26.98,0.0,0.131,-1.028,normal
1778050828.1203282,beam,82.6,2692,3,78.12,0.0,0.699,0.725,racing
1778050669.6423357,beam,117.44,3192,3,5.56,0.0,-0.886,-7.58,racing
1778049960.9952729,beam,90.34,2555,3,23.81,0.0,0.153,0.113,normal
1778050569.7016706,beam,96.22,2852,3,60.55,0.0,0.37,5.352,racing
1778049979.2222168,beam,59.8,1629,3,7.54,0.0,-0.528,0.644,normal
1778050815.1666894,beam,110.17,2916,3,0.0,0.0,-0.93,0.792,racing
1778050579.2448971,beam,115.21,3094,3,0.0,0.0,-1.099,-9.928,racing
1778050686.9837728,beam,22.46,774,1,0.0,0.0,-1.021,-0.04,racing
1778049981.9898636,beam,54.85,1653,3,15.08,0.0,-0.459,-0.772,normal
1778050677.6052153,beam,104.88,2776,3,0.0,0.0,-0.784,1.092,racing
1778050994.6743815,beam,78.87,3299,2,0.0,42.06,-5.191,-17.254,racing
1778049958.3097558,beam,89.67,2539,3,23.81,0.0,0.161,0.792,normal
1778050251.2053986,beam,53.26,1601,3,14.29,0.0,-0.339,1.064,normal
1778050141.973103,beam,78.29,1999,3,0.0,0.0,-0.806,0.281,normal
1778050905.5643952,beam,94.01,4106,2,54.3,0.0,0.744,0.821,racing
1778050059.051811,beam,51.54,2009,3,36.11,0.0,0.586,0.284,normal
1778050622.5067253,beam,68.46,1683,3,0.0,21.43,-2.162,-15.338,racing
1778050069.52625,beam,76.55,2466,3,44.05,0.0,0.496,-0.263,normal
1778050952.6359313,beam,102.05,3109,3,78.91,0.0,0.588,0.737,racing
1778050117.2671683,beam,90.34,2556,3,23.81,0.0,-0.077,-0.182,normal
1778050636.7620823,beam,95.27,2891,3,55.47,0.0,0.435,-0.777,racing
1778049828.364181,beam,61.63,2134,3,34.13,0.0,0.449,-0.158,normal
1778050119.4008365,beam,90.29,2585,3,26.98,0.0,-0.015,-0.395,normal
1778050931.9518342,beam,94.87,2636,3,19.84,0.0,-0.177,-0.616,racing
1778050041.266586,beam,54.8,1736,3,18.65,0.0,-0.494,0.07,normal
1778050234.7402062,beam,68.23,1917,3,14.29,0.0,-0.229,-0.619,normal
1778050060.0156772,beam,54.28,2217,3,44.05,0.0,0.877,0.147,normal
1778050264.0109515,beam,58.49,1703,3,15.08,0.0,0.512,0.125,normal
1778050582.3001485,beam,92.64,2421,3,0.0,0.0,-1.049,-1.401,racing
1778050577.0297918,beam,111.65,3315,3,79.3,0.0,0.494,-0.836,racing
1778050077.9805338,beam,80.23,2345,3,26.59,0.0,0.036,-0.072,normal
1778050767.578096,beam,89.32,2481,3,18.65,0.0,-0.204,3.322,racing
1778050246.331902,beam,60.52,1746,3,12.7,0.0,-0.306,2.043,normal
1778049905.81453,beam,65.14,2059,3,26.98,0.0,0.343,1.1,normal
1778050790.8566847,beam,75.13,1909,3,0.0,0.0,-0.691,16.447,racing
1778050773.192671,beam,92.99,2769,3,42.86,0.0,0.073,-0.791,racing
1778050698.4361815,beam,59.75,4899,1,100.0,5.95,1.172,0.266,racing
1778050861.4471753,beam,50.01,2668,2,100.0,0.0,1.819,0.952,racing
1778050514.9115474,beam,121.42,5255,2,100.0,0.0,0.749,-0.23,racing
1778050867.4207344,beam,81.46,3696,2,100.0,0.0,1.535,2.328,racing
1778050313.432433,beam,42.55,765,3,0.0,0.0,-0.596,9.028,normal
1778050819.3327615,beam,72.27,1821,3,0.0,0.0,-0.556,22.756,racing
1778050007.341119,beam,86.44,2529,3,31.35,0.0,-0.048,-1.175,normal
1778050558.6509304,beam,66.84,2262,3,46.03,0.0,0.499,0.782,racing
1778050519.959082,beam,132.9,5716,2,100.0,0.0,0.558,-0.026,racing
1778050763.5129068,beam,119.48,3383,3,38.49,0.0,0.104,-2.117,racing
1778050011.5830636,beam,87.72,2520,3,26.19,0.0,-0.037,-0.8,normal
1778050744.8890724,beam,94.54,2474,3,0.0,0.0,-0.997,-0.161,racing
1778050536.3467903,beam,145.94,4125,3,90.23,0.0,0.256,-0.684,racing
1778050108.4547825,beam,88.49,2550,3,28.57,0.0,0.045,-0.154,normal
1778049831.117145,beam,66.09,2189,3,34.13,0.0,0.407,0.161,normal
1778050713.6147242,beam,110.39,4812,2,100.0,0.0,0.839,-1.195,racing
1778050042.0497866,beam,53.03,1727,3,18.65,0.0,-0.28,6.785,normal
1778050848.7267716,beam,125.0,3637,3,100.0,0.0,0.793,-1.695,racing
1778050206.1465952,beam,59.22,1886,3,22.62,0.0,0.112,-1.093,normal
1778050022.7790663,beam,87.29,2509,3,26.98,0.0,-0.002,0.321,normal
1778049820.963781,beam,46.63,2288,2,34.13,0.0,0.705,-2.059,normal
1778049901.0431006,beam,60.62,1859,3,20.63,0.0,0.146,-0.097,normal
1778050701.3833184,beam,74.09,3552,2,100.0,4.37,2.087,9.958,racing
1778050906.347688,beam,96.93,4281,2,100.0,0.0,1.118,-0.701,racing
1778050645.165378,beam,103.07,3053,3,55.47,0.0,0.537,-0.961,racing
1778049842.965258,beam,79.03,2360,3,31.35,0.0,0.121,-1.545,normal
1778050275.5395126,beam,59.7,1729,3,14.29,0.0,-0.348,-0.67,normal
1778050779.1135185,beam,99.37,2905,3,43.25,0.0,0.201,-1.552,racing
1778049878.476869,beam,93.77,2686,3,30.16,0.0,0.069,0.467,normal
1778050131.581001,beam,92.11,2638,3,28.97,0.0,0.039,-0.004,normal
1778050011.0484428,beam,87.59,2547,3,30.55,0.0,0.036,-0.846,normal
1778049950.9793017,beam,80.69,2323,3,23.81,0.0,0.375,-0.43,normal
1778050564.0691566,beam,84.25,3798,2,88.28,0.0,1.421,0.845,racing
1778050985.2812014,beam,92.0,2451,3,20.63,0.0,-0.817,1.892,racing
1778050869.062793,beam,89.13,3983,2,100.0,0.0,1.203,0.515,racing
1778050679.0686402,beam,77.24,2012,3,0.0,46.03,-5.851,-0.981,racing
1778050639.3194747,beam,98.09,2948,3,55.08,0.0,0.173,-0.194,racing
1778051019.5576692,beam,35.89,769,3,0.0,72.27,2.15,31.138,racing
1778050101.6525364,beam,86.22,2498,3,28.57,0.0,0.054,-0.186,normal
1778050783.6308546,beam,84.64,2550,3,38.49,0.0,0.331,0.753,racing
1778050318.549408,beam,0.85,745,1,0.0,30.16,-1.17,-2.26,normal
1778050065.0334427,beam,67.35,2344,3,44.44,0.0,0.574,-0.768,normal
1778050619.4756474,beam,96.65,2557,3,0.0,0.0,-0.951,-6.231,racing
1778050283.8577552,beam,55.49,1695,3,17.06,0.0,0.069,1.78,normal
1778050525.9576132,beam,132.82,3818,3,100.0,0.0,0.501,-0.326,racing
1778050505.68038,beam,89.29,3989,2,100.0,0.0,1.248,-0.678,racing
1778050777.727596,beam,97.9,2873,3,43.25,0.0,0.264,-0.835,racing
1778050280.8635752,beam,55.55,1706,3,17.06,0.0,-0.091,0.135,normal
1778050245.571069,beam,61.53,1769,3,14.29,0.0,-0.273,1.544,normal
1778051011.319946,beam,109.71,4783,2,98.83,0.0,1.235,1.488,racing
1778050964.4686823,beam,82.6,3719,2,77.73,0.0,1.282,0.578,racing
1778050752.9530578,beam,101.79,3096,3,75.39,0.0,0.636,-0.256,racing
1778050076.8936057,beam,79.92,2337,3,26.59,0.0,0.235,-0.281,normal
1778050213.1152432,beam,64.87,1984,3,23.02,0.0,0.436,0.269,normal
1778050509.56157,beam,105.1,4601,2,100.0,0.0,0.975,0.038,racing
1778050317.4351509,beam,10.29,762,1,0.0,30.55,-4.371,-14.574,normal
1778050053.163702,beam,41.69,1674,3,21.43,0.0,-0.006,-1.472,normal
1778050097.066815,beam,84.89,2477,3,29.76,0.0,0.141,0.477,normal
1778050989.2777314,beam,84.12,3510,2,0.0,0.0,-1.193,2.177,racing
1778050517.695677,beam,128.2,5527,2,100.0,0.0,0.71,1.066,racing
1778050297.0066433,beam,59.88,1882,3,21.83,0.0,0.122,0.862,normal
1778050192.531988,beam,49.56,1455,3,13.49,0.0,-0.027,1.377,normal
1778050577.4669433,beam,112.59,3335,3,79.3,0.0,0.637,0.337,racing
1778050627.5040352,beam,59.88,2951,2,100.0,0.0,1.452,-0.996,racing
1778050100.6706357,beam,85.96,2484,3,27.78,0.0,0.14,0.666,normal
1778050844.831846,beam,109.73,3289,3,100.0,0.0,1.085,-1.43,racing
1778050901.8277256,beam,87.54,2275,3,0.0,0.0,-0.878,-0.04,racing
1778050079.027939,beam,80.57,2352,3,26.59,0.0,0.105,0.156,normal
1778050799.0438364,beam,89.42,3997,2,100.0,0.0,1.239,0.242,racing
1778050644.2635229,beam,101.45,3019,3,55.47,0.0,0.478,0.803,racing
1778050910.8812118,beam,113.03,4918,2,100.0,0.0,0.919,0.76,racing
1778050320.0150766,beam,0.01,746,1,0.0,28.57,-0.003,0.076,normal
1778050212.1172247,beam,63.35,1983,3,23.81,0.0,0.337,-0.998,normal
1778050734.290001,beam,127.48,3481,3,19.84,0.0,-0.442,2.286,racing
1778050728.923735,beam,130.91,3687,3,49.6,0.0,0.108,0.508,racing
1778050903.415185,beam,88.61,2865,3,100.0,0.0,0.701,-1.031,racing
1778049868.429727,beam,91.19,2626,3,30.16,0.0,0.082,0.276,normal
1778050582.0861828,beam,93.39,2440,3,0.0,0.0,-0.338,35.028,racing
1778050655.0413673,beam,124.4,3547,3,54.3,0.0,-0.041,0.967,racing
1778049966.9590633,beam,91.26,2566,3,21.83,0.0,-0.072,0.108,normal
1778050506.635146,beam,93.49,4150,2,100.0,0.0,1.263,1.27,racing
1778050312.76904,beam,46.89,771,3,0.0,17.46,-2.144,-3.536,normal
1778050114.7492225,beam,90.03,2589,3,28.97,0.0,0.045,-0.21,normal
1778050527.5582285,beam,135.45,3880,3,100.0,0.0,0.54,1.338,racing
1778049825.8501256,beam,56.98,2087,3,34.13,0.0,0.635,1.04,normal
1778050204.2658603,beam,57.94,1867,3,22.62,0.0,0.262,0.447,normal
1778050761.305404,beam,117.25,3376,3,55.08,0.0,0.345,-0.282,racing
1778050296.571132,beam,59.7,1880,3,21.83,0.0,0.108,-0.306,normal
1778050079.4584286,beam,80.7,2355,3,26.59,0.0,0.038,-0.892,normal
1778050236.2881868,beam,67.33,1901,3,14.29,0.0,-0.165,0.245,normal
1778050954.283463,beam,104.04,2747,3,0.0,0.0,-0.764,5.041,racing
1778050657.216499,beam,112.06,2973,3,0.0,44.05,-4.8,1.808,racing
1778051003.1133137,beam,75.22,3466,2,100.0,0.0,1.223,-2.221,racing
1778049973.2573645,beam,70.69,1751,3,0.0,0.0,-0.797,0.294,normal
1778050523.8797135,beam,129.11,3732,3,100.0,0.0,0.549,0.451,racing
1778050659.9140663,beam,103.85,3089,3,60.55,0.0,0.343,-0.516,racing
1778050213.7709525,beam,66.05,2011,3,23.02,0.0,0.421,-1.12,normal
1778050256.636915,beam,49.04,1513,3,14.29,0.0,0.04,0.306,normal
1778049817.3003323,beam,32.94,2082,2,37.3,0.0,1.317,-0.272,normal
1778050905.2175846,beam,93.16,4114,2,63.28,0.0,0.942,-0.643,racing
1778049908.7931974,beam,68.15,2109,3,26.98,0.0,0.219,-0.597,normal
1778050098.8073332,beam,85.43,2476,3,28.17,0.0,0.037,-0.62,normal
1778049868.313946,beam,91.16,2625,3,30.16,0.0,0.051,-0.581,normal
1778050159.269707,beam,31.0,770,2,0.0,48.02,-4.745,0.651,normal
1778050135.2483566,beam,92.6,2646,3,28.57,0.0,-0.027,-0.552,normal
1778049967.9550607,beam,88.84,2315,3,0.0,0.0,-0.824,0.231,normal
1778049827.1449995,beam,59.44,2111,3,34.13,0.0,0.461,-0.059,normal
1778050023.1940925,beam,87.3,2509,3,26.98,0.0,0.055,0.557,normal
1778050073.0908847,beam,78.55,2309,3,26.59,0.0,0.064,-0.437,normal
1778050174.0510817,beam,85.93,2319,3,7.54,0.0,-0.582,-0.493,normal
1778049824.2119102,beam,53.66,2058,3,34.13,0.0,0.648,-1.377,normal
1778050495.2360284,beam,49.78,4166,1,100.0,0.0,1.937,0.541,racing
1778050499.098624,beam,63.0,3018,2,78.91,0.0,0.669,2.842,racing
1778050179.8698776,beam,74.22,1947,3,3.17,0.0,-0.591,1.251,normal
1778050509.4469795,beam,104.7,4584,2,100.0,0.0,0.97,-0.631,racing
1778050706.3700895,beam,89.07,3982,2,100.0,2.38,0.711,-2.551,racing
1778050741.741608,beam,129.08,3635,3,47.62,0.0,0.051,-0.777,racing
1778050493.836439,beam,39.25,3415,1,100.0,0.0,2.19,-1.755,racing
1778050650.180822,beam,118.99,3418,3,55.47,0.0,0.732,-0.711,racing
1778050182.850888,beam,67.11,1741,3,2.78,0.0,-0.744,-1.6,normal
1778050598.280668,beam,78.16,3257,2,0.0,0.0,-0.746,15.742,racing
1778050628.60678,beam,65.92,3146,2,100.0,0.0,1.601,1.584,racing
1778050269.7139316,beam,66.81,1878,3,13.49,0.0,0.045,-2.01,normal
1778050307.4872065,beam,60.45,1175,3,0.0,8.73,-1.265,-2.73,normal
1778051022.5115478,beam,34.23,774,2,0.0,0.0,-0.09,1.7,racing
1778050957.7649229,beam,84.47,2199,3,0.0,13.1,-3.108,-7.129,racing
1778050704.2698796,beam,82.84,3745,2,100.0,2.78,1.007,6.711,racing
1778050176.8018262,beam,81.11,2208,3,9.52,0.0,-0.565,-0.644,normal
1778050785.9093895,beam,86.86,2583,3,36.51,0.0,0.288,0.085,racing
1778049861.2450724,beam,89.22,2576,3,29.76,0.0,0.053,-0.881,normal
1778050232.4723697,beam,69.58,1946,3,13.49,0.0,-0.17,0.114,normal
1778050918.758463,beam,128.35,5453,3,54.69,0.0,0.151,-2.975,racing
1778050817.7751567,beam,85.92,2224,3,0.0,0.0,-0.544,1.409,racing
1778050225.0067177,beam,72.82,1964,3,7.54,0.0,-0.211,0.167,normal
1778050114.967708,beam,90.08,2586,3,28.17,0.0,0.069,0.226,normal
1778049883.7933629,beam,94.88,2712,3,30.16,0.0,0.042,-0.255,normal
1778050732.9727168,beam,131.39,3566,3,14.29,0.0,-0.726,-0.354,racing
1778050501.8362105,beam,72.22,3369,2,100.0,0.0,1.168,2.622,racing
1778049920.7852778,beam,75.47,2246,3,26.98,0.0,0.073,-0.242,normal
1778049854.4491222,beam,86.44,2528,3,31.35,0.0,0.178,0.54,normal
1778050197.0156493,beam,52.24,1766,3,21.43,0.0,0.278,0.738,normal
1778049973.593838,beam,69.78,1718,3,0.0,0.0,-0.742,-0.047,normal
1778050057.9835718,beam,49.31,1988,3,32.14,0.0,0.547,-0.275,normal
1778050073.9249723,beam,78.89,2318,3,26.98,0.0,0.084,-0.473,normal
1778049920.0298266,beam,75.1,2235,3,26.59,0.0,0.315,2.459,normal
1778050542.8097067,beam,148.22,4141,3,59.77,0.0,-0.042,-1.488,racing
1778050253.4998755,beam,50.61,1509,3,12.7,0.0,-0.233,0.689,normal
1778050137.7598217,beam,90.71,2368,3,0.0,0.0,-0.858,-0.772,normal
1778050194.6982734,beam,50.28,1669,3,19.44,0.0,0.208,0.071,normal
1778050753.0539384,beam,102.09,3101,3,75.39,0.0,0.845,2.074,racing
1778050664.67329,beam,109.39,3212,3,58.99,0.0,0.364,-0.482,racing
1778050518.2303417,beam,129.35,5574,2,100.0,0.0,0.649,0.24,racing
1778049953.4217372,beam,84.22,2406,3,23.81,0.0,0.403,-0.629,normal
1778050012.2294295,beam,87.72,2515,3,26.19,0.0,-0.033,-0.366,normal
1778050126.976274,beam,91.33,2621,3,29.36,0.0,0.081,0.715,normal
1778050281.439716,beam,55.4,1703,3,17.06,0.0,-0.171,-1.286,normal
1778050089.8738186,beam,82.54,2395,3,26.59,0.0,0.032,-1.972,normal
1778050936.953752,beam,96.95,2956,3,66.41,0.0,0.549,-0.403,racing
1778050021.377627,beam,87.32,2509,3,26.98,0.0,0.031,0.15,normal
1778050805.776491,beam,114.5,4968,2,100.0,0.0,2.223,11.64,racing
1778050974.367306,beam,92.32,4105,2,98.83,0.0,1.308,0.425,racing
1778049852.1108887,beam,85.13,2499,3,31.35,0.0,0.181,0.403,normal
1778049937.4971657,beam,77.85,2275,3,25.0,0.0,0.04,-0.373,normal
1778050740.3241928,beam,128.56,3623,3,47.62,0.0,0.269,1.882,racing
1778050606.0768986,beam,90.72,4044,2,100.0,0.0,1.253,0.229,racing
1778050856.858271,beam,60.5,769,3,0.0,98.44,-5.213,0.552,racing
1778050632.633366,beam,86.64,3892,2,100.0,0.0,1.337,0.775,racing
1778050717.5766096,beam,121.38,5252,2,100.0,0.0,0.723,0.086,racing
1778050279.9893916,beam,55.83,1709,3,17.06,0.0,-0.125,0.171,normal
1778050294.0449483,beam,58.68,1853,3,21.43,0.0,0.286,1.446,normal
1778050742.5219438,beam,129.3,3634,3,43.25,0.0,0.056,-0.118,racing
1778050672.7628486,beam,100.63,2957,3,47.62,0.0,0.357,1.104,racing
1778049831.0007424,beam,65.92,2187,3,34.13,0.0,0.388,-0.485,normal
1778050020.9478493,beam,87.33,2509,3,26.98,0.0,0.039,0.632,normal
1778049931.7140074,beam,77.8,2289,3,26.19,0.0,-0.014,0.685,normal
1778050774.7636957,beam,94.27,2794,3,43.25,0.0,0.259,-0.416,racing
1778050197.1172128,beam,52.33,1767,3,21.43,0.0,0.245,-0.325,normal
1778049980.5559103,beam,56.93,1616,3,11.51,0.0,-0.474,0.076,normal
1778050063.543462,beam,63.83,2305,3,44.44,0.0,0.656,-0.502,normal
1778050954.6340077,beam,102.98,2718,3,0.0,0.0,-0.844,0.093,racing
1778049961.2080204,beam,90.44,2558,3,23.81,0.0,0.062,-1.441,normal
1778050666.6426604,beam,112.89,3334,3,75.39,0.0,0.642,1.665,racing
1778050631.9676282,beam,83.48,3773,2,100.0,0.0,1.402,0.185,racing
1778050650.0792885,beam,118.72,3412,3,55.47,0.0,0.804,-0.079,racing
1778050673.8436306,beam,101.84,3036,3,57.42,0.0,0.281,-0.704,racing
1778049886.2483578,beam,95.33,2726,3,30.55,0.0,0.08,0.87,normal
1778050956.3335512,beam,97.6,2564,3,0.0,0.0,-0.783,-0.266,racing
1778050730.1039517,beam,131.33,3693,3,48.41,0.0,0.073,-0.51,racing
1778050225.1081395,beam,72.73,1965,3,7.54,0.0,-0.247,-0.35,normal
1778049994.403518,beam,68.2,2180,3,31.74,0.0,0.794,-1.398,normal
1778049867.434981,beam,90.91,2619,3,30.16,0.0,0.141,1.119,normal
1778049830.132045,beam,64.55,2169,3,34.13,0.0,0.417,-0.234,normal
1778050804.658387,beam,110.55,4816,2,100.0,0.0,0.847,1.69,racing
1778049921.5628457,beam,75.86,2255,3,26.98,0.0,0.11,-1.634,normal
1778050815.8390682,beam,108.72,2901,3,0.0,0.0,-0.858,-3.259,racing
1778050787.095726,beam,87.97,2604,3,36.11,0.0,0.244,-0.358,racing
1778050206.4636705,beam,59.46,1889,3,22.62,0.0,0.208,0.427,normal
1778050803.323694,beam,106.15,4644,2,100.0,0.0,1.098,0.504,racing
1778051001.095052,beam,64.8,2781,2,100.0,0.0,0.351,-0.045,racing
1778050542.0577707,beam,148.13,4138,3,58.59,0.0,0.073,0.856,racing
1778050089.975815,beam,82.53,2395,3,26.59,0.0,-0.029,-0.605,normal
1778049932.259168,beam,77.71,2203,3,17.86,0.0,-0.152,0.123,normal
1778050248.4308722,beam,57.33,1681,3,14.29,0.0,-0.677,-4.048,normal
1778050717.365172,beam,120.83,5230,2,100.0,0.0,0.761,0.426,racing
1778050004.3816147,beam,87.32,2549,3,31.35,0.0,-0.041,-0.131,normal
1778050665.677223,beam,111.04,3289,3,73.83,0.0,0.488,-0.022,racing
1778050131.691236,beam,92.14,2638,3,28.97,0.0,0.072,0.305,normal
1778050769.633286,beam,90.59,2721,3,43.25,0.0,0.277,-0.222,racing
1778049828.5833511,beam,62.03,2139,3,34.13,0.0,0.514,0.041,normal
1778050251.8877604,beam,52.43,1585,3,14.29,0.0,-0.27,1.03,normal
1778050937.2843363,beam,97.76,3029,3,100.0,0.0,0.748,0.454,racing
1778050091.722611,beam,82.96,2410,3,26.98,0.0,-0.117,-2.687,normal
1778050116.066467,beam,90.24,2591,3,28.57,0.0,-0.068,-1.215,normal
1778050832.596815,beam,94.71,2964,3,80.86,0.0,0.733,0.187,racing
1778050212.772518,beam,64.36,1977,3,23.02,0.0,0.43,1.307,normal
1778050231.4488,beam,70.45,1958,3,12.7,0.0,-0.192,-0.612,normal
1778050633.2878346,beam,89.2,3947,2,60.94,0.0,1.028,0.3,racing
1778050858.1962097,beam,40.82,756,3,0.0,47.22,17.845,214.041,racing
1778050953.5155244,beam,104.04,3150,3,78.91,0.0,0.597,-0.819,racing
1778050492.9983268,beam,32.16,2948,1,100.0,0.0,2.424,-0.3,racing
1778050646.299416,beam,106.13,3118,3,55.47,0.0,0.927,0.356,racing
1778050012.01424,beam,87.73,2516,3,26.98,0.0,0.015,0.521,normal
1778050271.7731638,beam,66.73,1691,3,0.0,0.0,-0.557,-0.088,normal
1778050585.726822,beam,93.27,2905,3,67.97,0.0,0.611,0.901,racing
1778050897.0650375,beam,110.2,4628,2,0.0,0.0,-1.819,-18.1,racing
1778050699.200534,beam,63.8,5210,1,100.0,5.95,1.506,-1.63,racing
1778050739.368144,beam,128.26,3612,3,47.62,0.0,0.059,0.104,racing
1778049845.801013,beam,81.06,2413,3,31.35,0.0,0.104,-0.509,normal
1778050941.7731214,beam,103.45,3099,3,63.67,0.0,0.421,-1.86,racing
1778050615.9498503,beam,82.89,3748,2,100.0,0.0,1.694,3.335,racing
1778050850.7631311,beam,128.58,3724,3,100.0,0.0,0.297,-1.581,racing
1778050218.041203,beam,74.0,2165,3,23.02,0.0,0.449,-0.339,normal
1778050220.560783,beam,77.77,2249,3,23.02,0.0,0.594,0.958,normal
1778050837.6525831,beam,104.06,3156,3,80.86,0.0,0.283,0.069,racing
1778050201.6576705,beam,56.17,1843,3,22.62,0.0,0.2,-0.623,normal
1778050498.669979,beam,61.99,2959,2,62.11,0.0,0.552,4.056,racing
1778049834.379537,beam,70.73,2256,3,34.13,0.0,0.351,-0.048,normal
1778049935.661188,beam,77.35,2265,3,25.0,0.0,0.012,-0.55,normal
1778050864.8816428,beam,68.75,3242,2,100.0,0.0,1.381,-0.206,racing
1778050113.3847964,beam,89.74,2582,3,28.97,0.0,0.08,-0.144,normal
1778050219.5623274,beam,76.37,2218,3,23.02,0.0,0.286,-0.769,normal
1778049845.331463,beam,80.76,2406,3,31.35,0.0,0.195,-0.079,normal
1778050015.009789,beam,87.39,2512,3,27.78,0.0,-0.193,2.585,normal
1778050613.7948294,beam,69.08,3199,2,100.0,0.0,2.018,10.295,racing
1778050030.2858136,beam,81.02,2184,3,7.14,0.0,-0.34,2.828,normal
1778050178.7817893,beam,77.12,2026,3,2.38,0.0,-0.861,-1.753,normal
1778050118.7508194,beam,90.26,2580,3,26.98,0.0,-0.032,-0.746,normal
1778050319.3843625,beam,0.02,747,1,0.0,27.78,-0.006,0.232,normal
1778050736.653855,beam,127.38,3592,3,47.62,0.0,0.112,1.066,racing
1778050152.8528135,beam,62.05,1857,3,18.65,2.38,0.003,2.008,normal
1778050536.5570211,beam,146.18,4131,3,90.23,0.0,0.294,-0.626,racing
1778050268.7001705,beam,65.97,1861,3,13.49,0.0,0.256,0.059,normal
1778050030.1754432,beam,81.16,2185,3,7.14,0.0,-0.652,-1.335,normal
1778050784.732174,beam,85.7,2562,3,36.9,0.0,0.251,-0.476,racing
1778049853.778927,beam,86.07,2520,3,31.35,0.0,0.169,0.045,normal
1778050296.2550657,beam,59.55,1876,3,21.83,0.0,0.043,-0.652,normal
1778050194.929736,beam,50.42,1685,3,20.63,0.0,0.178,0.075,normal
1778050158.0078585,beam,51.83,770,3,0.0,36.11,-3.371,3.405,normal
1778050110.9796908,beam,89.1,2569,3,29.36,0.0,0.057,-0.441,normal
1778050603.3989618,beam,83.68,2299,3,15.87,0.0,-0.327,-0.703,racing
1778050598.0621889,beam,79.42,3337,2,0.0,42.86,-5.228,1.91,racing
1778050888.386524,beam,81.7,3724,2,100.0,0.0,0.805,0.374,racing
1778050575.114852,beam,107.56,3227,3,79.3,0.0,0.619,-0.125,racing
1778050243.667849,beam,63.28,1806,3,14.29,0.0,-0.076,0.829,normal
1778050892.718624,beam,95.6,4233,2,100.0,0.0,1.195,0.255,racing
1778050518.9978411,beam,130.97,5639,2,100.0,0.0,0.568,0.107,racing
1778050292.8546112,beam,58.16,1846,3,21.43,0.0,0.08,-1.274,normal
1778049839.6807396,beam,76.74,2312,3,28.97,0.0,0.195,-3.264,normal
1778050619.369195,beam,97.01,2677,3,0.0,0.0,-0.287,-7.544,racing
1778050984.758635,beam,93.86,2452,3,0.0,0.0,0.737,49.392,racing
1778050695.8349977,beam,43.44,3704,1,100.0,1.59,1.56,-0.96,racing
1778049842.395598,beam,78.71,2354,3,30.55,0.0,0.387,3.075,normal
1778050180.096514,beam,73.61,1934,3,3.17,0.0,-0.699,0.937,normal
1778050083.9543204,beam,81.83,2376,3,26.19,0.0,0.091,0.748,normal
1778049843.61656,beam,79.51,2381,3,31.35,0.0,-0.002,-4.055,normal
1778050579.6966388,beam,113.74,3018,3,0.0,0.0,-0.87,-0.179,racing
1778050149.174868,beam,63.11,1877,3,18.65,0.0,-0.019,-0.64,normal
1778050906.877013,beam,99.06,4363,2,100.0,0.0,1.174,2.52,racing
1778050725.5105898,beam,129.52,3652,3,49.6,0.0,0.265,1.663,racing
1778050610.1279876,beam,37.55,1566,2,0.0,100.0,-12.252,28.418,racing
1778050874.1530209,beam,109.12,4753,2,100.0,0.0,1.297,3.185,racing
1778050695.3018298,beam,40.17,3470,1,100.0,7.94,2.081,3.027,racing
1778050997.7094767,beam,61.48,1256,3,0.0,0.0,-0.664,-0.114,racing
1778050967.4172497,beam,84.78,2565,3,5.56,0.0,0.339,-1.908,racing
1778050844.9501705,beam,110.28,3299,3,100.0,0.0,1.307,1.874,racing
1778050740.5371644,beam,128.61,3624,3,47.62,0.0,0.058,0.072,racing
1778049841.5463378,beam,77.96,2342,3,30.55,0.0,-0.013,-3.109,normal
1778050496.39761,beam,56.95,4685,1,76.95,0.0,2.072,10.637,racing
1778050801.523814,beam,99.4,4380,2,100.0,0.0,1.02,-1.414,racing
1778050764.467502,beam,118.7,3153,3,0.0,0.0,-1.082,-2.042,racing
1778050841.546871,beam,110.68,4820,2,100.0,0.0,0.79,-0.257,racing
1778050899.6167972,beam,96.45,2531,3,0.0,0.0,-0.803,0.667,racing
1778050285.2095428,beam,55.62,1719,3,17.86,0.0,0.096,0.46,normal
1778050176.3673942,beam,81.84,2228,3,9.52,0.0,-0.548,-1.64,normal
1778049964.3559456,beam,91.72,2589,3,23.81,0.0,0.016,-0.55,normal
1778050259.3440197,beam,50.69,1549,3,14.29,0.0,0.374,-0.368,normal
1778050297.2155771,beam,59.95,1879,3,21.43,0.0,0.101,0.096,normal
1778050638.5364847,beam,97.59,2942,3,55.86,0.0,0.193,-1.475,racing
1778050700.3670087,beam,68.84,5594,1,100.0,0.0,1.807,3.435,racing
1778050710.129291,beam,99.91,4395,2,100.0,2.78,0.758,0.972,racing
1778049821.0649073,beam,46.98,2297,3,34.52,0.0,0.944,2.364,normal
1778049907.31332,beam,66.71,2084,3,26.98,0.0,0.273,-0.067,normal
1778050986.258968,beam,93.78,2961,3,95.7,0.0,0.688,1.049,racing
1778050729.1422231,beam,131.0,3689,3,49.6,0.0,0.048,-1.25,racing
1778050495.016394,beam,48.27,4059,1,100.0,0.0,2.035,2.41,racing
1778050317.6651726,beam,7.69,751,1,0.0,30.16,-2.861,4.905,normal
1778050504.7854114,beam,85.22,3836,2,100.0,0.0,1.234,-1.524,racing
1778050035.874453,beam,67.5,1641,3,0.0,0.0,-0.785,3.539,normal
1778050995.3445077,beam,71.31,2958,2,0.0,0.0,-1.013,8.53,racing
1778050659.3464365,beam,103.14,2995,3,48.02,0.0,0.471,4.969,racing
1778050080.7741687,beam,81.16,2360,3,26.19,0.0,0.111,0.131,normal
1778050256.9679148,beam,49.0,1524,3,14.29,0.0,0.043,1.214,normal
1778050067.6657715,beam,72.97,2412,3,44.05,0.0,0.573,-0.162,normal
1778050936.0898316,beam,95.3,2900,3,59.77,0.0,0.557,0.785,racing
1778050672.641689,beam,100.48,2950,3,47.62,0.0,0.223,-0.691,racing
1778050547.6084826,beam,148.71,4150,3,58.99,0.0,-0.022,-0.163,racing
1778050961.4476805,beam,73.3,2393,3,51.17,0.0,0.553,0.896,racing
1778050515.713122,beam,123.46,5337,2,100.0,0.0,0.707,-0.203,racing
1778050961.752073,beam,74.08,2536,3,59.77,0.0,0.726,-0.229,racing
1778050618.2863493,beam,94.7,4172,2,66.41,0.0,1.078,-0.697,racing
1778050632.955667,beam,88.01,3918,2,64.84,0.0,1.063,-0.998,racing
1778050605.6206696,beam,88.76,3966,2,100.0,0.0,1.456,-1.124,racing
1778050783.858062,beam,84.84,2559,3,38.49,0.0,0.28,0.634,racing
1778049944.8065631,beam,79.25,2293,3,23.81,0.0,0.005,0.946,normal
1778051008.273739,beam,98.43,4342,2,98.44,0.0,0.969,1.436,racing
1778050837.9794278,beam,104.34,3162,3,80.86,0.0,0.273,0.467,racing
1778049927.8438044,beam,77.6,2285,3,26.19,0.0,0.085,-0.511,normal
1778050238.524458,beam,65.94,1869,3,14.29,0.0,-0.184,-0.272,normal
1778050307.695495,beam,59.18,1053,3,0.0,15.48,-1.755,-1.041,normal
1778050790.310104,beam,80.19,2094,3,0.0,43.25,-5.249,1.494,racing
1778050906.4505286,beam,97.4,4298,2,100.0,0.0,1.254,1.321,racing
1778050049.5144055,beam,41.69,1675,3,21.43,0.0,-0.067,0.619,normal
1778050141.7454448,beam,78.96,2020,3,0.0,0.0,-0.795,0.852,normal
1778049932.3613591,beam,77.62,2190,3,15.87,0.0,-0.251,-0.965,normal
1778050634.6498022,beam,91.59,2804,3,53.52,0.0,0.529,0.653,racing
1778050860.0158248,beam,48.1,2389,3,100.0,0.0,0.895,-1.998,racing
1778050716.4636588,beam,118.44,5133,2,100.0,0.0,0.817,0.428,racing
1778050538.4264512,beam,147.41,4117,3,58.2,0.0,0.106,0.933,racing
1778050781.945215,beam,89.56,2355,3,0.0,40.48,-4.726,3.51,racing
1778051023.201689,beam,33.41,773,2,0.0,0.0,-0.521,-2.028,racing
1778050303.0886028,beam,62.56,2020,3,26.98,0.0,0.244,0.044,normal
1778050115.194949,beam,90.09,2585,3,28.17,0.0,0.054,0.658,normal
1778050254.2502515,beam,49.96,1520,3,13.49,0.0,-0.257,-0.575,normal
1778050951.8541155,beam,100.41,3072,3,78.12,0.0,0.698,1.819,racing
1778050896.279667,beam,109.05,4758,2,100.0,0.0,0.906,-0.778,racing
1778050718.1448414,beam,122.82,5311,2,100.0,0.0,0.652,-0.536,racing
1778050609.574921,beam,89.99,3833,2,0.0,100.0,-21.804,-102.872,racing
1778049880.5287156,beam,94.23,2697,3,30.16,0.0,0.099,0.601,normal
1778050080.8759131,beam,81.18,2361,3,26.19,0.0,0.075,-0.355,normal
1778050716.6938603,beam,119.04,5158,2,100.0,0.0,0.701,-0.252,racing
1778050951.533752,beam,99.69,3059,3,78.12,0.0,0.589,-1.118,racing
1778050242.7878656,beam,63.63,1816,3,14.29,0.0,-0.144,0.403,normal
1778050921.191604,beam,131.34,3750,3,68.36,0.0,0.307,-0.325,racing
1778050102.7487378,beam,86.6,2508,3,28.57,0.0,0.093,0.075,normal
1778050934.3679664,beam,94.46,2697,3,29.36,0.0,0.022,0.044,racing
1778050233.8085878,beam,68.76,1936,3,14.29,0.0,-0.162,0.01,normal
1778050051.152115,beam,41.24,1672,3,21.43,0.0,-0.134,-1.473,normal
1778050950.6553628,beam,97.68,3016,3,78.12,0.0,0.691,0.422,racing
1778050187.382744,beam,57.12,1446,3,2.78,0.0,-0.53,0.646,normal
1778050604.50363,beam,86.35,2826,3,100.0,0.0,0.833,1.25,racing
1778050117.5857103,beam,90.28,2553,3,23.81,0.0,-0.022,0.683,normal
1778050273.8617425,beam,61.45,1735,3,14.29,0.0,-0.257,3.828,normal
1778050605.724079,beam,89.12,3983,2,100.0,0.0,0.966,-4.732,racing
1778049996.0652602,beam,73.63,2269,3,31.74,0.0,0.885,0.244,normal
1778050256.2171454,beam,49.09,1525,3,13.49,0.0,-0.109,-1.041,normal
1778050860.3619158,beam,49.56,2403,3,100.0,0.0,1.218,0.366,racing
1778050853.6450205,beam,131.68,3793,3,100.0,0.0,0.435,0.733,racing
1778050635.2215698,beam,92.57,2834,3,54.69,0.0,0.457,-0.19,racing
1778050889.1481018,beam,83.11,3769,2,100.0,0.0,0.817,1.737,racing
1778050709.4671605,beam,98.21,4330,2,100.0,2.78,0.811,0.597,racing
1778050086.4526956,beam,81.98,2361,3,24.21,0.0,-0.003,-0.603,normal
1778050843.83251,beam,107.49,4499,2,0.0,0.0,-0.879,-2.972,racing
1778050072.0649395,beam,78.23,2300,3,26.98,0.0,0.31,1.805,normal
1778050539.610578,beam,147.66,4125,3,59.77,0.0,0.104,0.347,racing
1778050055.5115976,beam,43.86,1819,3,28.17,0.0,0.493,1.153,normal
1778050055.612658,beam,44.05,1846,3,29.76,0.0,0.521,0.276,normal
1778050188.2451975,beam,55.53,1400,3,2.78,0.0,-0.466,1.044,normal
1778050642.0035298,beam,99.15,2974,3,55.86,0.0,0.133,-0.84,racing
1778050216.3281455,beam,70.87,2098,3,23.02,0.0,0.442,-1.52,normal
1778051008.83767,beam,100.5,4427,2,98.44,0.0,0.845,-0.368,racing
1778050920.1888297,beam,130.07,3718,3,67.58,0.0,0.324,-0.618,racing
1778050735.920979,beam,127.13,3574,3,45.63,0.0,0.04,0.284,racing
1778050612.8025155,beam,64.93,2525,3,98.83,0.0,1.486,0.143,racing
1778050153.4887934,beam,61.58,1849,3,18.65,0.0,-0.507,-4.498,normal
1778049821.283649,beam,47.17,2236,3,33.73,0.0,0.433,3.371,normal
1778050119.0783603,beam,90.26,2578,3,27.78,0.0,-0.016,-0.178,normal
1778050225.8912134,beam,72.5,2011,3,12.7,0.0,-0.152,-1.348,normal
1778050225.4419425,beam,72.54,1999,3,13.49,0.0,-0.104,0.468,normal
1778051005.646072,beam,87.49,3921,2,100.0,0.0,1.634,1.903,racing
1778050799.3933666,beam,90.91,4056,2,100.0,0.0,1.214,0.927,racing
1778050498.5688772,beam,61.79,2951,2,61.72,0.0,0.142,-3.849,racing
1778050033.755062,beam,75.52,1916,3,0.0,0.0,-0.69,6.23,normal
1778050747.9844823,beam,89.44,2881,2,90.23,0.0,0.359,-4.489,racing
1778050088.8071592,beam,82.33,2378,3,25.4,0.0,0.179,2.09,normal
1778050861.7821827,beam,51.82,2729,2,100.0,0.0,1.346,-1.762,racing
1778050593.16521,beam,74.61,2644,3,100.0,0.0,0.949,0.459,racing
1778050175.681155,beam,83.04,2258,3,9.52,0.0,-0.433,0.926,normal
1778050861.2281623,beam,48.61,2567,2,100.0,0.0,0.838,9.583,racing
1778050582.9654489,beam,90.48,2388,3,8.73,0.0,-0.815,0.608,racing
1778050644.7161791,beam,102.21,3034,3,55.47,0.0,0.688,2.472,racing
1778050129.3626823,beam,91.77,2626,3,28.57,0.0,0.077,0.526,normal
1778049838.7131271,beam,75.79,2314,3,31.74,0.0,0.219,-0.866,normal
1778050512.1010854,beam,113.48,4936,2,100.0,0.0,0.808,-0.752,racing
1778050944.621523,beam,100.28,2642,3,0.0,0.0,-1.009,-0.065,racing
1778050198.9490852,beam,53.93,1796,3,21.83,0.0,0.254,-0.453,normal
1778050661.593433,beam,105.7,3082,3,49.6,0.0,0.288,1.911,racing
1778050727.4091227,beam,130.31,3671,3,49.6,0.0,0.112,-0.265,racing
1778050632.5205886,beam,86.09,3872,2,100.0,0.0,1.25,-0.579,racing
1778050588.274877,beam,95.78,2839,3,45.24,0.0,0.219,0.845,racing
1778050700.7158978,beam,70.7,5736,1,100.0,3.57,1.411,-0.519,racing
1778050031.7424586,beam,78.76,2160,3,12.3,0.0,-0.397,0.486,normal
1778050871.8892395,beam,100.48,4420,2,100.0,0.0,0.991,-0.654,racing
1778049906.882528,beam,66.27,2077,3,26.98,0.0,0.25,-0.549,normal
1778049850.8009791,beam,84.36,2482,3,31.35,0.0,0.17,0.302,normal
1778051017.3010917,beam,120.63,3222,3,0.0,53.91,-4.361,-8.438,racing
1778050782.0620742,beam,88.15,2311,3,0.0,29.36,-3.355,11.73,racing
1778050735.5899508,beam,127.11,3568,3,42.86,0.0,0.036,-0.025,racing
1778049951.4264104,beam,81.27,2335,3,23.81,0.0,0.322,-1.488,normal
1778050019.5215385,beam,87.35,2510,3,26.98,0.0,-0.011,-0.28,normal
1778050888.597233,beam,82.01,3738,2,100.0,0.0,0.411,0.051,racing
1778051004.0795467,beam,80.14,3648,2,100.0,0.0,1.208,-2.781,racing
1778050942.0030687,beam,103.87,3108,3,63.67,0.0,0.485,-0.476,racing
1778050214.125852,beam,66.69,2016,3,23.02,0.0,0.478,-0.51,normal
1778050538.637905,beam,147.42,4117,3,58.2,0.0,-0.07,-1.636,racing
1778050791.3732333,beam,73.54,1852,3,0.0,0.0,-0.83,1.66,racing
1778050073.296719,beam,78.65,2310,3,26.59,0.0,0.117,-0.302,normal
1778050242.668331,beam,63.69,1817,3,14.29,0.0,-0.192,-0.768,normal
1778050814.1061213,beam,112.61,2981,3,0.0,0.0,-0.448,3.017,racing
1778050825.672608,beam,76.55,2559,3,55.08,0.0,0.664,-2.121,racing
1778050186.0449736,beam,59.91,1496,3,1.98,0.0,-0.631,-0.162,normal
1778049865.7158754,beam,90.35,2606,3,30.16,0.0,0.08,0.138,normal
1778050206.9810104,beam,59.81,1894,3,22.62,0.0,0.198,-0.013,normal
1778050635.5510185,beam,93.15,2848,3,55.08,0.0,0.466,-0.193,racing
1778049933.5851262,beam,77.05,2238,3,24.21,0.0,-0.007,0.675,normal
1778050900.2676451,beam,93.54,2456,3,0.0,19.05,-2.909,-17.142,racing
1778051013.1845057,beam,117.95,5114,2,98.83,0.0,1.158,-1.536,racing
1778050900.37614,beam,93.04,2431,3,0.0,0.0,-1.265,15.147,racing
1778050699.5149808,beam,64.97,5295,1,100.0,6.75,1.188,2.221,racing
1778051010.8768191,beam,107.79,4708,2,98.83,0.0,1.152,-0.169,racing
1778050760.8679924,beam,116.7,3364,3,55.08,0.0,0.305,-0.245,racing
1778050223.074253,beam,76.05,1931,3,0.0,0.0,-0.917,-1.224,normal
1778050086.1214428,beam,81.93,2355,3,24.21,0.0,-0.027,-0.137,normal
1778050569.2617817,beam,96.58,2872,3,33.33,0.0,0.012,-4.521,racing
1778050620.817356,beam,84.94,2221,3,0.0,39.68,-4.19,-0.361,racing
1778050117.152747,beam,90.38,2562,3,23.81,0.0,-0.056,-0.388,normal
1778050241.1164567,beam,64.53,1835,3,13.49,0.0,-0.264,-1.364,normal
1778050828.3352845,beam,83.24,2751,3,82.03,0.0,0.918,1.757,racing
1778050879.699413,beam,110.32,4634,2,0.0,0.0,-1.443,-11.995,racing
1778050746.0903437,beam,86.3,2236,3,0.0,0.0,-0.917,0.313,racing
1778049998.203647,beam,80.12,2392,3,31.74,0.0,1.197,3.902,normal
1778050685.190835,beam,35.27,773,2,0.0,42.46,-5.275,-9.769,racing
1778050037.4399457,beam,62.54,1755,3,11.91,0.0,-0.752,-2.395,normal
1778050007.0297737,beam,86.46,2530,3,31.35,0.0,-0.062,-0.879,normal
1778050674.260704,beam,102.47,3051,3,55.47,0.0,0.393,-1.764,racing
1778050186.819814,beam,58.26,1439,3,1.98,0.0,-0.601,-0.696,normal
1778050519.5285842,beam,132.03,5682,2,100.0,0.0,0.55,0.319,racing
1778050839.975088,beam,106.3,4647,2,100.0,0.0,0.752,0.652,racing
1778050909.0137477,beam,106.92,4673,2,100.0,0.0,1.014,0.787,racing
1778049986.614246,beam,52.01,1807,3,25.0,0.0,0.123,1.503,normal
1778050001.1656885,beam,86.21,2530,3,32.14,0.0,0.425,1.423,normal
1778049835.4925685,beam,72.16,2279,3,34.13,0.0,0.298,-0.858,normal
1778050602.61247,beam,83.1,2726,3,61.33,0.0,0.909,0.376,racing
1778050794.7728446,beam,72.02,2610,3,100.0,0.0,1.009,1.384,racing
1778049865.496246,beam,90.3,2604,3,30.16,0.0,0.087,-0.602,normal
1778050937.0572405,beam,97.17,2977,3,76.56,0.0,0.593,0.423,racing
1778050205.2592306,beam,58.64,1878,3,22.62,0.0,0.174,-0.16,normal
1778050554.123632,beam,127.83,3400,3,0.0,58.59,-6.068,8.927,racing
1778050563.404923,beam,81.04,3669,2,82.03,0.0,1.334,-0.142,racing
1778050199.582326,beam,54.46,1803,3,21.83,0.0,0.227,0.977,normal
1778050599.345493,beam,75.16,2979,3,52.74,0.0,0.265,2.709,racing
1778050736.2407217,beam,127.23,3588,3,47.62,0.0,0.115,-0.489,racing
1778049814.685702,beam,20.1,2062,1,32.94,0.0,2.042,0.67,normal
1778050208.3908813,beam,60.65,1908,3,23.02,0.0,0.204,1.418,normal
1778050076.374378,beam,79.77,2333,3,26.59,0.0,0.137,0.635,normal
1778050182.1004524,beam,68.8,1799,3,2.78,0.0,-0.755,-0.45,normal
1778050565.7963843,beam,91.51,4070,2,82.03,0.0,1.107,-0.028,racing
1778049982.0994048,beam,54.66,1647,3,15.08,0.0,-0.48,-0.192,normal
1778050943.5357869,beam,103.39,2859,3,19.84,0.0,-0.312,-0.451,racing
1778051006.5275998,beam,91.55,4075,2,100.0,0.0,1.16,-1.013,racing
1778050247.9829314,beam,58.06,1695,3,14.29,0.0,-0.48,-0.437,normal
1778050196.4795694,beam,51.77,1760,3,21.43,0.0,0.246,-0.264,normal
1778050492.0217316,beam,23.19,2520,1,87.89,0.0,3.04,-1.311,racing
1778049918.631364,beam,74.42,2221,3,26.59,0.0,0.18,-0.44,normal
1778050103.0734618,beam,86.69,2505,3,28.17,0.0,0.081,-0.506,normal
1778050014.7963636,beam,87.64,2515,3,26.98,0.0,0.129,0.856,normal
1778050760.7632396,beam,116.59,3361,3,55.08,0.0,0.331,-0.114,racing
1778050792.1399603,beam,71.32,1794,3,1.59,0.0,-0.817,1.774,racing
1778050682.3244216,beam,50.86,770,3,0.0,34.13,-4.192,6.35,racing
1778050696.5985265,beam,48.65,4082,1,100.0,5.95,1.36,-6.322,racing
1778050950.0863826,beam,96.32,2989,3,78.12,0.0,0.735,0.175,racing
1778050687.985293,beam,23.38,2473,1,86.72,0.0,2.368,0.305,racing
1778050803.9754765,beam,108.32,4730,2,100.0,0.0,0.936,0.29,racing
1778049932.028395,beam,77.84,2252,3,20.63,0.0,0.107,1.933,normal
1778050182.737877,beam,67.41,1749,3,2.78,0.0,-0.563,-1.148,normal
1778050689.2047348,beam,33.95,3053,1,96.09,0.0,2.409,1.348,racing
1778050704.6997948,beam,84.49,3811,2,100.0,10.32,0.415,-10.49,racing
1778050867.0926564,beam,79.76,3634,2,100.0,0.0,1.373,0.999,racing
1778050813.2677364,beam,120.55,3211,3,0.0,46.83,-5.187,-1.214,racing
1778050261.668522,beam,53.99,1609,3,14.29,0.0,0.347,1.553,normal
1778049833.1850336,beam,69.11,2237,3,34.52,0.0,0.45,0.631,normal
1778050511.7820532,beam,112.49,4896,2,100.0,0.0,0.87,-0.131,racing
1778049882.1466818,beam,94.55,2704,3,30.16,0.0,0.065,0.185,normal
1778051020.975477,beam,35.99,775,2,0.0,14.29,-1.528,-73.478,racing
1778050183.7506547,beam,65.03,1681,3,2.78,0.0,-0.667,-0.74,normal
1778050153.5911138,beam,61.64,1849,3,18.65,0.0,0.176,6.671,normal
1778050215.4467037,beam,69.16,2064,3,23.02,0.0,0.397,-2.877,normal
1778050925.610176,beam,117.39,3112,3,0.0,0.0,-1.125,0.702,racing
1778050297.657156,beam,60.14,1883,3,21.83,0.0,0.19,1.215,normal
1778051026.0554583,beam,23.87,770,1,0.0,42.06,-3.98,-1.14,racing
1778050054.4634275,beam,42.49,1680,3,21.43,0.0,0.16,-0.123,normal
1778050494.4866345,beam,44.38,3778,1,100.0,0.0,2.046,-0.618,racing
1778050698.1036873,beam,58.08,4782,1,100.0,3.57,1.657,-0.878,racing
1778050231.0096123,beam,70.76,1966,3,12.7,0.0,-0.044,1.834,normal
1778049917.8790352,beam,74.01,2218,3,26.98,0.0,0.171,-0.015,normal
1778050872.8756063,beam,104.3,4602,2,100.0,0.0,-1.605,-50.681,racing
1778049890.527203,beam,82.25,2130,3,0.0,15.48,-2.291,-5.478,normal
1778050968.277062,beam,74.25,1891,3,0.0,0.0,-1.788,20.539,racing
1778050250.6650574,beam,53.99,1614,3,14.29,0.0,-0.308,1.614,normal
1778050119.2946868,beam,90.29,2585,3,27.78,0.0,0.027,-0.284,normal
1778050093.2743196,beam,83.48,2419,3,26.98,0.0,0.202,1.891,normal
1778050264.916032,beam,60.16,1733,3,14.29,0.0,0.488,-0.299,normal
1778049815.444797,beam,24.7,2221,2,33.33,0.0,1.013,-3.04,normal
1778050975.161801,beam,95.94,4244,2,100.0,0.0,1.285,1.131,racing
1778050906.2463162,beam,96.52,4264,2,100.0,0.0,1.189,0.598,racing
1778050269.1462235,beam,66.44,1868,3,13.49,0.0,0.302,0.531,normal
1778050918.2089832,beam,129.32,5430,2,0.0,0.0,-1.281,7.231,racing
1778049998.3142035,beam,80.42,2398,3,31.74,0.0,0.754,-4.008,normal
1778050118.1289854,beam,90.26,2578,3,26.98,0.0,0.012,-0.237,normal
1778050056.0493958,beam,44.96,1953,3,32.54,0.0,0.681,-0.934,normal
1778050236.167322,beam,67.4,1902,3,14.29,0.0,-0.195,-0.505,normal
1778050247.4353905,beam,58.93,1707,3,14.29,0.0,-0.477,0.128,normal
1778050882.9326856,beam,87.35,2748,3,57.03,0.0,-0.346,2.067,racing
1778050917.212706,beam,129.36,5575,2,100.0,0.0,0.636,0.138,racing
1778050636.2025037,beam,94.31,2870,3,55.08,0.0,0.481,0.237,racing
1778050676.3730133,beam,105.42,3116,3,57.42,0.0,0.517,0.806,racing
1778050235.5182097,beam,67.78,1903,3,13.49,0.0,-0.19,-0.767,normal
1778050778.3622866,beam,98.58,2890,3,43.65,0.0,0.238,-0.7,racing
1778050177.3550088,beam,80.18,2184,3,9.52,0.0,-0.682,-3.286,normal
1778050745.1013262,beam,93.89,2456,3,0.0,0.0,-0.814,0.776,racing
1778050820.659535,beam,66.23,1595,3,0.0,0.0,-0.556,-0.385,racing
1778050251.532966,beam,52.83,1593,3,14.29,0.0,-0.405,-0.133,normal
1778050061.9295366,beam,59.7,2266,3,44.44,0.0,0.714,-0.554,normal
1778050649.5324495,beam,117.05,3372,3,55.47,0.0,0.97,0.528,racing
1778049965.454036,beam,91.78,2590,3,23.81,0.0,-0.057,-1.006,normal
1778049892.6802464,beam,62.68,1502,3,0.0,5.95,-1.847,7.963,normal
1778050291.7342343,beam,57.65,1828,3,21.83,0.0,0.009,0.955,normal
1778051024.405239,beam,32.35,772,2,0.0,0.0,-0.599,1.487,racing
1778050701.161811,beam,72.86,4388,2,100.0,1.59,1.36,3.925,racing
1778050712.326592,beam,105.98,4636,2,100.0,0.0,0.96,0.068,racing
1778050245.799439,beam,61.24,1763,3,14.29,0.0,-0.407,-0.796,normal
1778050876.0372086,beam,114.57,4981,2,100.0,0.0,0.79,-0.592,racing
1778050926.461552,beam,107.31,2833,3,0.0,0.0,-1.16,-4.702,racing
1778050769.2972229,beam,90.27,2686,3,40.08,0.0,0.057,-1.556,racing
1778050652.9325492,beam,123.99,3541,3,55.47,0.0,0.202,0.778,racing
1778049885.581845,beam,95.23,2720,3,30.16,0.0,0.086,0.166,normal
1778050677.041481,beam,106.61,3144,3,57.42,0.0,0.497,-2.375,racing
1778050606.6044846,beam,93.01,4132,2,100.0,0.0,1.199,0.496,racing
1778050244.6709473,beam,62.51,1790,3,14.29,0.0,-0.298,-0.878,normal
1778050011.2652907,beam,87.67,2549,3,30.55,0.0,0.109,0.095,normal
1778050812.8534503,beam,127.67,3402,3,0.0,45.24,-5.165,-3.523,racing
1778051010.412043,beam,106.07,4641,2,98.83,0.0,0.813,-1.899,racing
1778050943.967615,beam,102.39,2699,3,0.0,0.0,-0.915,1.031,racing
1778050505.4654653,beam,88.29,3953,2,100.0,0.0,1.313,0.629,racing
1778050697.7836084,beam,56.01,4621,1,100.0,0.79,1.52,-3.009,racing
1778050042.8059893,beam,51.36,1708,3,19.44,0.0,-0.523,-1.591,normal
1778050736.342647,beam,127.29,3589,3,47.62,0.0,0.15,0.341,racing
1778049995.7161276,beam,72.52,2254,3,31.74,0.0,0.941,0.437,normal
1778050042.9196353,beam,51.08,1706,3,19.44,0.0,-0.676,-1.345,normal
1778050285.857372,beam,55.8,1790,3,20.63,0.0,0.113,-0.107,normal
1778050664.444023,beam,109.07,3208,3,60.55,0.0,0.392,-0.533,racing
1778049981.6564026,beam,55.27,1674,3,15.87,0.0,-0.284,0.996,normal
1778050610.4526603,beam,32.2,1192,2,0.0,78.52,-2.597,21.258,racing
1778050187.933407,beam,56.11,1417,3,2.78,0.0,-0.499,-0.779,normal
1778051015.711352,beam,127.92,5516,2,98.44,0.0,0.866,-1.362,racing
1778049850.6986687,beam,84.3,2481,3,31.35,0.0,0.139,-0.653,normal
1778050563.0688517,beam,79.39,3609,2,80.86,0.0,1.4,1.874,racing
1778049971.9554946,beam,74.32,1874,3,0.0,0.0,-0.773,0.104,normal
1778050728.0445645,beam,130.54,3678,3,49.6,0.0,0.083,0.501,racing
1778050963.7135663,beam,79.28,3611,2,95.7,0.0,1.289,-0.343,racing
1778050176.5838811,beam,81.53,2219,3,9.52,0.0,-0.444,-0.896,normal
1778050834.5361912,beam,99.41,3058,3,81.25,0.0,0.678,0.314,racing
1778050559.0876365,beam,67.92,2436,3,55.08,0.0,0.779,0.67,racing
1778051014.9694538,beam,125.3,5410,2,98.83,0.0,1.076,0.67,racing
1778050004.2635057,beam,87.34,2549,3,31.35,0.0,-0.025,0.524,normal
1778050869.407421,beam,90.53,4036,2,100.0,0.0,1.145,-0.637,racing
1778050725.4093618,beam,129.42,3650,3,49.6,0.0,0.097,0.038,racing
1778050006.599186,beam,86.53,2532,3,31.35,0.0,-0.006,0.711,normal
1778049942.5642934,beam,79.06,2302,3,25.0,0.0,-0.106,-0.784,normal
1778050018.2115295,beam,87.41,2509,3,26.59,0.0,0.009,-0.239,normal
1778050104.4870057,beam,87.2,2531,3,29.76,0.0,0.067,-0.794,normal
1778050159.6049235,beam,26.41,773,2,0.0,0.0,-2.088,20.611,normal
1778050033.426296,beam,76.96,2041,3,0.0,0.0,-0.421,-4.377,normal
1778050032.2102404,beam,78.19,2157,3,12.7,0.0,-0.417,-0.328,normal
1778050930.111223,beam,99.97,2926,3,32.94,0.0,0.247,-0.833,racing
1778050250.3540435,beam,54.42,1623,3,14.29,0.0,-0.442,-0.202,normal
1778051025.9421494,beam,25.5,771,1,0.0,42.06,-3.851,-5.443,racing
1778050178.4485466,beam,78.01,2036,3,2.38,0.0,-0.78,-0.752,normal
1778050309.2051792,beam,54.16,764,3,0.0,0.0,-0.438,0.25,normal
1778050515.4810677,beam,122.86,5314,2,100.0,0.0,0.711,0.519,racing
1778050040.3867786,beam,56.51,1781,3,19.44,0.0,-0.759,-2.719,normal
1778050566.8825624,beam,95.31,4218,2,81.25,0.0,0.861,-1.324,racing
1778049855.2296436,beam,86.84,2537,3,31.35,0.0,0.163,0.603,normal
1778050117.6956918,beam,90.27,2554,3,25.0,0.0,-0.032,-0.086,normal
1778050681.906492,beam,56.03,1011,3,0.0,0.0,-0.82,1.906,racing
1778050619.710823,beam,96.01,2525,3,0.0,7.94,-0.848,-1.589,racing
1778050270.1464632,beam,67.06,1884,3,13.49,0.0,0.084,-0.731,normal
1778050605.8467913,beam,89.69,4004,2,100.0,0.0,1.286,2.608,racing
1778050819.788408,beam,71.38,1766,3,0.0,0.0,-0.509,0.6,racing
1778050976.1287296,beam,99.98,4401,2,100.0,0.0,1.145,-0.336,racing
1778051019.6670122,beam,40.37,766,3,0.0,71.88,11.38,84.418,racing
1778050690.7040353,beam,29.01,2229,1,0.0,0.0,-1.788,1.828,racing
1778049978.4491024,beam,61.47,1687,3,8.73,0.0,-0.695,-1.511,normal
1778050782.6135309,beam,85.89,2227,3,0.0,0.0,-0.885,0.929,racing
1778049962.8941486,beam,91.26,2578,3,23.81,0.0,0.163,0.25,normal
1778049923.38473,beam,76.62,2267,3,26.59,0.0,0.192,1.277,normal
1778050095.6476924,beam,84.25,2463,3,29.36,0.0,0.059,-1.074,normal
1778050672.4119074,beam,100.26,2886,3,42.86,0.0,0.237,-0.688,racing
1778051003.9744823,beam,79.68,3629,2,100.0,0.0,1.5,-0.143,racing
1778050543.959611,beam,148.51,4145,3,58.99,0.0,0.109,1.036,racing
1778050125.23054,beam,91.02,2611,3,28.97,0.0,0.042,-0.4,normal
1778050794.444558,beam,70.99,2587,3,100.0,0.0,0.873,0.037,racing
1778050733.8555005,beam,128.71,3429,3,0.0,0.0,-1.036,0.62,racing
1778049990.8547118,beam,57.74,2072,3,32.14,0.0,0.699,-2.205,normal
1778050531.159933,beam,139.53,3955,3,82.81,0.0,0.263,0.001,racing
1778050491.688562,beam,19.44,2418,1,82.03,0.0,2.978,-2.984,racing
1778050209.6137502,beam,61.32,1930,3,23.81,0.0,0.044,-1.558,normal
1778050743.085415,beam,124.69,3329,3,0.0,50.0,-7.418,-56.193,racing
1778050218.891009,beam,75.47,2195,3,23.02,0.0,0.535,-0.333,normal
1778050967.198624,beam,84.43,2741,3,61.72,0.0,0.637,-0.423,racing
1778050566.9851742,beam,95.69,4231,2,81.25,0.0,1.033,1.681,racing
1778049837.6126034,beam,74.68,2322,3,34.13,0.0,0.323,0.522,normal
1778050740.637741,beam,128.66,3625,3,47.62,0.0,0.164,1.059,racing
1778050239.6668582,beam,65.45,1857,3,14.29,0.0,-0.151,-0.572,normal
1778050275.3067334,beam,59.96,1735,3,14.29,0.0,-0.342,-0.989,normal
1778050543.223478,beam,148.32,4143,3,59.77,0.0,0.229,3.546,racing
1778050240.1346617,beam,65.25,1853,3,14.29,0.0,-0.108,0.423,normal
1778050752.0690234,beam,99.77,3054,3,75.39,0.0,0.584,-0.777,racing
1778050859.7820604,beam,47.25,2368,3,100.0,0.0,0.931,-1.749,racing
1778050545.6872053,beam,148.69,4150,3,58.59,0.0,-0.111,-0.311,racing
1778050025.82344,beam,87.58,2516,3,26.98,0.0,-0.082,-2.537,normal
1778049863.3339624,beam,89.68,2562,3,26.59,0.0,0.032,0.717,normal
1778051003.3426583,beam,76.44,3511,2,100.0,0.0,1.368,-1.901,racing
1778050206.247403,beam,59.32,1887,3,22.62,0.0,0.258,1.445,normal
1778050104.8064268,beam,87.35,2533,3,29.36,0.0,0.125,0.035,normal
1778051006.1971362,beam,90.1,4021,2,100.0,0.0,1.235,-0.498,racing
1778050056.2697902,beam,45.31,1964,3,32.14,0.0,0.467,0.659,normal
1778049932.4673295,beam,77.56,2175,3,15.87,0.0,-0.146,0.994,normal
1778050052.400379,beam,41.44,1673,3,21.43,0.0,0.111,1.108,normal
1778049901.2661276,beam,60.72,1880,3,21.43,0.0,0.152,0.607,normal
1778050605.511415,beam,88.19,3925,2,100.0,0.0,1.578,10.564,racing
1778050491.3705585,beam,15.76,2347,1,80.86,0.0,3.526,0.285,racing
1778050900.9175916,beam,90.35,2357,3,0.0,0.0,-0.839,-5.696,racing
1778050099.6853426,beam,85.68,2478,3,27.78,0.0,0.049,-0.26,normal
1778050677.487741,beam,105.21,2783,3,0.0,0.0,-0.912,-0.944,racing
1778050964.361853,beam,82.11,3699,2,76.95,0.0,1.22,1.16,racing
1778051018.1509004,beam,82.43,2540,3,0.0,73.05,-22.458,16.619,racing
1778049908.8956726,beam,68.23,2110,3,26.98,0.0,0.21,-0.092,normal
1778050079.3568628,beam,80.68,2354,3,26.59,0.0,0.129,0.467,normal
1778049901.1470954,beam,60.65,1868,3,21.43,0.0,0.08,-0.639,normal
1778050854.1046011,beam,132.27,3807,3,100.0,0.0,0.343,0.5,racing
1778050197.7842867,beam,52.91,1783,3,21.83,0.0,0.227,-0.31,normal
1778050068.9974897,beam,75.54,2451,3,44.05,0.0,0.458,-0.291,normal
1778050926.2429883,beam,108.03,2859,3,0.0,10.32,-1.788,24.995,racing
1778050159.1580927,beam,32.91,771,2,0.0,46.03,-4.818,2.603,normal
1778050889.4521413,beam,83.89,3793,2,100.0,0.0,0.684,-0.482,racing
1778050770.0812695,beam,90.97,2724,3,42.86,0.0,0.221,0.665,racing
1778049950.1656344,beam,79.81,2282,3,21.83,0.0,0.113,0.021,normal
1778050552.374496,beam,148.68,4148,3,58.2,0.0,0.044,0.743,racing
1778050770.547607,beam,91.31,2715,3,40.48,0.0,0.302,1.202,racing
1778050564.183583,beam,84.77,3813,2,82.81,0.0,1.259,-1.422,racing
1778050312.002664,beam,50.24,771,3,0.0,0.0,-0.256,2.519,normal
1778050537.222152,beam,146.92,4149,3,90.23,0.0,0.314,0.407,racing
1778050267.1659677,beam,63.97,1819,3,14.29,0.0,0.418,0.17,normal
1778050843.1494248,beam,109.31,4573,2,0.0,0.0,-0.783,1.529,racing
1778050822.9985905,beam,70.09,2384,3,45.24,0.0,0.801,0.773,racing
1778050959.7497046,beam,76.4,1941,3,0.0,0.0,-0.816,1.509,racing
1778050607.624432,beam,97.35,4299,2,100.0,0.0,1.088,-1.05,racing
1778049946.146977,beam,79.32,2299,3,24.21,0.0,0.232,3.867,normal
1778050694.220469,beam,33.5,3036,1,100.0,11.51,1.466,0.265,racing
1778050649.6516378,beam,117.47,3381,3,55.47,0.0,0.967,-0.023,racing
1778050558.421962,beam,66.46,2051,3,35.71,0.0,0.023,1.978,racing
1778049817.6144245,beam,34.4,2098,2,35.71,0.0,1.295,0.482,normal
1778050698.8819156,beam,62.05,5075,1,100.0,3.57,1.462,-0.833,racing
1778050825.221735,beam,75.34,2514,3,53.13,0.0,0.822,1.923,racing
1778049829.3438213,beam,63.31,2154,3,34.13,0.0,0.527,0.631,normal
1778050720.513032,beam,125.22,3588,3,61.72,0.0,0.337,-0.067,racing
1778049986.0508764,beam,51.89,1790,3,22.62,0.0,-0.001,-0.044,normal
1778049986.2893014,beam,51.95,1793,3,22.62,0.0,0.065,-0.041,normal
1778051010.7616277,beam,107.31,4688,2,98.83,0.0,1.172,2.099,racing
1778050957.650518,beam,85.75,2241,3,0.0,22.62,-2.293,12.984,racing
1778050702.7356782,beam,79.04,3608,2,100.0,7.94,0.625,-7.022,racing
1778050714.1406062,beam,111.99,4876,2,100.0,0.0,0.812,1.294,racing
1778050734.4900863,beam,127.24,3504,3,28.57,0.0,-0.325,0.069,racing
1778050246.56283,beam,60.26,1736,3,14.29,0.0,-0.286,0.461,normal
1778051007.7313435,beam,96.92,4291,2,100.0,0.0,1.399,1.349,racing
1778050637.8665571,beam,96.93,2928,3,55.86,0.0,0.416,1.17,racing
1778050122.031464,beam,90.58,2592,3,27.78,0.0,0.004,-0.616,normal
1778049859.6347797,beam,88.74,2566,3,29.76,0.0,0.182,1.224,normal
1778050779.6423542,beam,99.9,2912,3,42.86,0.0,0.195,-1.152,racing
1778050248.7640383,beam,56.83,1670,3,14.29,0.0,-0.367,0.515,normal
1778049986.170006,beam,51.92,1792,3,22.62,0.0,0.069,0.591,normal
1778050116.8199468,beam,90.42,2584,3,26.19,0.0,0.039,-0.327,normal
1778050921.5246525,beam,131.79,3760,3,68.75,0.0,0.431,0.459,racing
1778051019.456636,beam,35.11,769,3,0.0,72.27,-0.996,20.452,racing
1778050618.18425,beam,94.3,4161,2,74.22,0.0,1.15,-0.757,racing
1778050858.61451,beam,45.45,772,3,0.0,0.0,-1.042,-9.565,racing
1778050513.5516944,beam,117.68,5106,2,100.0,0.0,0.778,-1.091,racing
1778049917.9793692,beam,74.05,2219,3,26.98,0.0,0.105,-0.652,normal
1778049947.2235498,beam,79.46,2307,3,24.21,0.0,0.059,0.57,normal
1778050135.477532,beam,92.65,2653,3,29.36,0.0,0.036,-0.325,normal
1778050069.107893,beam,75.82,2454,3,44.05,0.0,0.689,2.088,normal
1778050621.039988,beam,81.05,2116,3,0.0,45.24,-5.058,-3.586,racing
1778050697.5684109,beam,54.71,4527,1,100.0,2.78,1.545,-1.112,racing
1778050049.1863425,beam,41.85,1676,3,21.43,0.0,-0.123,1.124,normal
1778050748.2025552,beam,89.32,3145,2,71.09,0.0,-0.156,0.059,racing
1778049975.9893415,beam,65.68,1803,3,9.52,0.0,-0.27,-0.224,normal
1778050493.734379,beam,38.45,3360,1,100.0,0.0,2.37,0.734,racing
1778050290.734816,beam,57.59,1819,3,20.63,0.0,0.204,1.895,normal
1778050077.7450998,beam,80.19,2343,3,26.59,0.0,0.191,1.348,normal
1778050563.182841,beam,79.97,3629,2,80.86,0.0,1.412,0.104,racing
1778050613.9048333,beam,69.93,3268,2,100.0,0.0,2.144,1.149,racing
1778049850.9114823,beam,84.42,2483,3,31.35,0.0,0.143,-0.245,normal
1778050569.367845,beam,96.43,2752,3,19.44,0.0,-0.386,-3.753,racing
1778050765.2668238,beam,111.58,2959,3,0.0,33.33,-4.35,-9.929,racing
1778050948.0702672,beam,92.54,2916,3,81.25,2.78,0.435,1.178,racing
1778050041.9485838,beam,53.13,1731,3,19.44,0.0,-0.966,-2.181,normal
1778050587.7307303,beam,95.5,2829,3,43.65,0.0,-0.004,-1.249,racing
1778050033.310316,beam,77.13,2112,3,8.33,0.0,0.086,5.047,normal
1778050929.2407134,beam,98.95,2928,3,48.02,0.0,0.347,-0.501,racing
1778050851.6493552,beam,129.52,3746,3,100.0,0.0,0.306,1.15,racing
1778049832.444064,beam,68.08,2216,3,34.13,0.0,0.445,-0.06,normal
1778050949.303681,beam,94.36,2951,3,78.12,0.0,0.691,-0.383,racing
1778050224.1408072,beam,73.79,1857,3,1.59,0.0,-0.651,-1.756,normal
1778050199.062186,beam,54.03,1797,3,21.83,0.0,0.242,-0.102,normal
1778050766.482496,beam,92.65,2422,3,0.0,0.0,-0.098,10.507,racing
1778049963.226263,beam,91.4,2581,3,23.81,0.0,0.097,-0.116,normal
1778050712.2110224,beam,105.58,4619,2,100.0,0.0,0.952,0.008,racing
1778049857.1306598,beam,87.77,2547,3,30.16,0.0,0.129,0.223,normal
1778050547.0839992,beam,148.71,4150,3,58.99,0.0,-0.073,-0.807,racing
1778050532.139221,beam,140.85,4001,3,90.23,0.0,0.388,-0.05,racing
1778050189.327886,beam,53.73,1402,3,4.37,0.0,-0.429,-0.352,normal
1778050218.7865777,beam,75.27,2192,3,23.02,0.0,0.57,4.953,normal
1778050160.0401263,beam,25.63,769,2,0.0,0.0,-0.408,2.448,normal
1778050850.9778886,beam,128.83,3730,3,100.0,0.0,0.416,1.828,racing
1778050996.8100748,beam,63.66,1474,3,0.0,0.0,-0.805,-1.01,racing
1778050823.2141469,beam,70.66,2383,3,42.86,0.0,0.71,-0.355,racing
1778049839.9987164,beam,76.87,2309,3,29.76,0.0,0.214,1.907,normal
1778050970.1313405,beam,74.95,2646,3,98.83,0.0,0.996,-0.343,racing
1778049833.831855,beam,70.01,2245,3,34.13,0.0,0.36,-1.132,normal
1778050057.452427,beam,48.17,1974,3,32.14,0.0,0.514,-2.405,normal
1778050515.364085,beam,122.56,5302,2,100.0,0.0,0.651,-0.264,racing
1778050006.0750616,beam,86.68,2536,3,31.35,0.0,-0.08,-0.009,normal
1778050288.3738892,beam,56.74,1845,3,22.62,0.0,0.209,0.794,normal
1778050744.7877276,beam,94.9,2484,3,0.0,0.0,-0.981,0.289,racing
1778050835.5328448,beam,101.43,3101,3,81.25,0.0,0.598,1.779,racing
1778049984.3703012,beam,52.03,1745,3,22.62,0.0,-0.115,0.507,normal
1778049814.5788505,beam,19.32,2040,1,32.94,0.0,1.971,-3.125,normal
1778050192.2131855,beam,49.69,1370,3,9.52,0.0,-0.227,1.713,normal
1778049930.517621,beam,77.68,2287,3,26.19,0.0,-0.038,-2.028,normal
1778050507.7019477,beam,98.02,4325,2,100.0,0.0,1.083,-0.171,racing
1778050107.354785,beam,88.2,2546,3,28.97,0.0,0.084,-0.398,normal
1778050725.9588645,beam,129.71,3656,3,49.6,0.0,0.135,-0.49,racing
1778050196.0177698,beam,51.34,1760,3,21.43,0.0,0.244,-0.251,normal
1778050213.6607482,beam,65.88,2007,3,23.81,0.0,0.544,-0.464,normal
1778050939.470334,beam,99.1,4325,2,61.72,0.0,0.633,-1.013,racing
1778050123.482504,beam,90.73,2596,3,27.78,0.0,0.007,-0.663,normal
1778050065.7131004,beam,68.84,2361,3,44.05,0.0,0.546,-0.855,normal
1778050812.4419196,beam,131.9,3770,3,0.0,0.0,-0.023,3.607,racing
1778050178.117203,beam,78.86,2129,3,5.95,0.0,-0.562,0.292,normal
1778050279.0910122,beam,56.34,1697,3,15.87,0.0,-0.152,0.518,normal
1778049955.1959658,beam,86.99,2472,3,23.81,0.0,0.459,0.067,normal
1778049887.8982134,beam,91.69,2396,3,0.0,0.0,-0.874,-0.239,normal
1778050635.9826534,beam,93.94,2863,3,55.08,0.0,0.564,0.914,racing
1778050234.856199,beam,68.18,1920,3,13.49,0.0,-0.121,0.923,normal
1778049946.031731,beam,79.23,2299,3,24.21,0.0,-0.214,-1.663,normal
1778050031.5066135,beam,79.12,2161,3,9.92,0.0,-0.458,-1.342,normal
1778049842.1771653,beam,78.54,2351,3,30.55,0.0,0.373,3.164,normal
1778050645.4004831,beam,103.64,3065,3,55.47,0.0,0.595,-1.252,racing
1778050676.0419743,beam,104.89,3105,3,57.81,0.0,0.462,0.487,racing
1778050135.6799357,beam,92.7,2654,3,29.36,0.0,0.08,0.142,normal
1778050222.192831,beam,78.18,2035,3,0.0,0.0,-0.876,-5.016,normal
1778050789.989669,beam,86.29,2252,3,0.0,20.63,-1.508,-5.54,racing
1778050519.2107844,beam,131.42,5657,2,100.0,0.0,0.584,0.06,racing
1778050995.8157947,beam,67.93,2204,3,0.0,43.65,-4.58,-19.269,racing
1778050275.1983578,beam,60.1,1737,3,14.29,0.0,-0.235,0.716,normal
1778050671.0774214,beam,109.45,2905,3,0.0,42.46,-5.762,-13.368,racing
1778049935.8759458,beam,77.42,2266,3,25.0,0.0,0.166,1.309,normal
1778050115.413591,beam,90.14,2585,3,28.97,0.0,0.038,-0.425,normal
1778050782.732226,beam,85.52,2216,3,0.0,0.0,-0.863,0.186,racing
1778050735.8206213,beam,127.11,3569,3,43.65,0.0,0.011,0.085,racing
1778049914.684591,beam,72.21,2183,3,26.98,0.0,0.168,0.175,normal
1778050881.1347246,beam,91.12,2378,3,0.0,0.0,-1.633,39.041,racing
1778050085.03831,beam,81.95,2342,3,23.02,0.0,0.072,1.053,normal
1778050882.8323066,beam,87.47,2758,3,53.52,0.0,-0.553,-3.789,racing
1778050536.124996,beam,145.7,4119,3,90.23,0.0,0.311,0.317,racing
1778050254.882959,beam,49.56,1513,3,13.49,0.0,-0.092,1.23,normal
1778050792.0289905,beam,71.64,1790,3,0.4,0.0,-1.014,-3.308,racing
1778050073.7145317,beam,78.8,2314,3,26.59,0.0,0.083,-0.73,normal
1778049824.5454693,beam,54.32,2064,3,34.13,0.0,0.859,5.19,normal
1778050940.6842134,beam,101.31,3053,3,63.67,0.0,0.604,0.476,racing
1778051024.2848344,beam,32.61,776,2,0.0,0.0,-0.778,-8.628,racing
1778050153.9210696,beam,61.57,1860,3,19.44,0.0,0.153,6.178,normal
1778050290.8378873,beam,57.62,1819,3,20.63,0.0,0.065,-1.35,normal
1778050916.277774,beam,127.29,5492,2,100.0,0.0,0.654,-0.133,racing
1778050887.4864807,beam,82.15,2752,3,80.86,0.0,-0.111,-1.582,racing
1778050121.050378,beam,90.46,2590,3,27.78,0.0,0.026,-0.239,normal
1778050242.5483582,beam,63.77,1818,3,14.29,0.0,-0.1,0.185,normal
1778050932.506786,beam,94.49,2652,3,25.4,0.0,-0.079,1.293,racing
1778050510.4484432,beam,108.22,4725,2,100.0,0.0,0.944,-0.127,racing
1778050914.9776163,beam,124.24,5368,2,100.0,0.0,0.64,-1.016,racing
1778050240.3672135,beam,65.15,1850,3,14.29,0.0,-0.102,0.321,normal
1778050211.1076589,beam,62.29,1971,3,25.0,0.0,0.183,-0.078,normal
1778050242.889902,beam,63.62,1815,3,14.29,0.0,-0.017,1.252,normal
1778050878.9067912,beam,117.37,4932,2,0.0,0.0,-3.449,-21.46,racing
1778050871.0264928,beam,97.17,4292,2,100.0,0.0,1.046,0.613,racing
1778050522.6631596,beam,126.89,3669,3,100.0,0.0,0.577,1.296,racing
1778050025.5980291,beam,87.53,2513,3,26.98,0.0,0.585,1.809,normal
1778050859.058679,beam,44.95,1620,3,63.28,0.0,0.278,4.995,racing
1778050722.5935,beam,127.73,3654,3,64.06,0.0,0.381,0.787,racing
1778050579.5812411,beam,114.11,3029,3,0.0,0.0,-0.85,0.627,racing
1778050205.8085718,beam,59.03,1883,3,22.62,0.0,0.204,-0.625,normal
1778049988.6903644,beam,53.76,1900,3,26.98,0.0,0.397,1.568,normal
1778050860.4626443,beam,49.99,2406,3,100.0,0.0,1.173,-0.453,racing
1778050673.944716,beam,101.99,3041,3,57.42,0.0,0.426,1.432,racing
1778050508.0272136,beam,99.34,4375,2,100.0,0.0,1.147,1.175,racing
1778050538.7379348,beam,147.46,4118,3,58.59,0.0,0.106,1.755,racing
1778050899.0516431,beam,97.99,3276,3,0.0,0.0,-0.387,0.357,racing
1778050517.3667016,beam,127.4,5497,2,100.0,0.0,0.606,-0.054,racing
1778050053.0474536,beam,41.69,1674,3,21.43,0.0,0.165,-0.514,normal
1778050764.3672676,beam,119.09,3198,3,0.0,0.0,-0.877,-5.652,racing
1778050619.8159988,beam,95.09,2505,3,0.0,21.03,-2.444,-15.166,racing
1778050555.3169937,beam,92.76,2421,3,0.0,75.0,-4.477,16.381,racing
1778049872.8104165,beam,92.42,2654,3,30.16,0.0,0.092,0.231,normal
1778050770.199088,beam,91.06,2726,3,42.46,0.0,0.214,-0.058,racing
1778050891.0035396,beam,89.05,3995,2,100.0,0.0,0.754,0.004,racing
1778049943.7850027,beam,79.25,2306,3,25.0,0.0,-0.007,-1.445,normal
1778050704.151229,beam,82.41,3732,2,100.0,8.73,0.21,-0.905,racing
1778050892.1987913,beam,93.41,4149,2,100.0,0.0,1.24,1.731,racing
1778049977.4411285,beam,63.51,1735,3,8.33,0.0,-0.5,0.044,normal
1778050243.3212454,beam,63.44,1811,3,14.29,0.0,-0.143,-0.905,normal
1778050232.592123,beam,69.47,1944,3,13.49,0.0,-0.261,-0.757,normal
1778050771.0930877,beam,91.6,2731,3,42.86,0.0,0.325,2.286,racing
1778050175.565682,beam,83.22,2263,3,9.52,0.0,-0.54,-1.927,normal
1778050221.4363334,beam,78.34,2264,3,23.02,0.0,0.086,-2.963,normal
1778050797.3571503,beam,81.81,3710,2,100.0,0.0,1.284,0.162,racing
1778050797.791538,beam,83.82,3787,2,100.0,0.0,1.386,0.627,racing
1778049841.1154797,beam,77.72,2335,3,30.55,0.0,0.226,0.027,normal
1778049936.214177,beam,77.48,2268,3,25.0,0.0,0.043,0.468,normal
1778050158.6376033,beam,42.54,772,3,0.0,48.81,-5.095,-9.717,normal
1778050831.036415,beam,90.72,2889,3,80.86,0.0,0.785,0.858,racing
1778050232.358842,beam,69.65,1947,3,13.49,0.0,-0.183,-0.052,normal
1778050021.5792084,beam,87.3,2509,3,26.98,0.0,-0.026,-0.066,normal
1778050697.2497215,beam,52.84,4386,1,100.0,4.37,1.846,-0.405,racing
1778050103.6173878,beam,86.87,2518,3,29.36,0.0,0.101,-0.004,normal
1778049883.5655768,beam,94.83,2711,3,30.16,0.0,0.046,0.096,normal
1778050827.5861306,beam,81.27,2650,3,57.81,0.0,0.635,-1.008,racing
1778050747.884437,beam,89.31,2876,3,97.27,0.0,0.808,-0.471,racing
1778049920.6805885,beam,75.45,2243,3,26.98,0.0,0.099,-0.642,normal
1778050708.5104609,beam,95.49,4226,2,100.0,2.78,0.849,-1.129,racing
1778050122.7012846,beam,90.66,2594,3,27.78,0.0,0.064,0.337,normal
1778050941.4658782,beam,102.84,3086,3,63.67,0.0,0.484,-0.98,racing
1778049947.1150756,beam,79.43,2310,3,25.0,0.0,-0.003,-1.281,normal
1778050048.4305074,beam,42.34,1680,3,21.43,0.0,-0.342,-2.264,normal
1778050756.335015,beam,109.15,3254,3,75.39,0.0,0.445,-1.005,racing
1778050891.1039026,beam,89.37,4006,2,100.0,0.0,0.892,1.377,racing
1778050552.9223452,beam,146.65,3918,3,0.0,0.0,-1.078,0.226,racing
1778050052.187107,beam,41.4,1672,3,21.43,0.0,0.11,0.994,normal
1778049935.5518072,beam,77.34,2264,3,25.0,0.0,0.072,-0.594,normal
1778050543.5510302,beam,148.44,4145,3,58.99,0.0,0.167,0.731,racing
1778049954.51451,beam,85.93,2446,3,23.81,0.0,0.418,0.568,normal
1778049990.6276412,beam,57.06,2080,3,33.73,0.0,0.591,0.893,normal
1778050865.5292485,beam,71.98,3355,2,100.0,0.0,1.32,0.416,racing
1778049978.772782,beam,60.83,1656,3,7.54,0.0,-0.513,0.526,normal
1778051007.2954664,beam,94.99,4207,2,100.0,0.0,1.209,-0.272,racing
1778049851.0117707,beam,84.44,2485,3,31.35,0.0,0.071,-0.721,normal
1778049827.03064,beam,59.25,2109,3,34.13,0.0,0.467,-1.137,normal
1778049844.6984816,beam,80.31,2398,3,31.35,0.0,0.26,1.471,normal
1778049982.5494354,beam,54.11,1635,3,15.08,0.0,-0.27,1.426,normal
1778050553.800329,beam,135.44,3616,3,0.0,55.86,-6.045,-3.93,racing
1778049853.66307,beam,86.0,2518,3,31.35,0.0,0.164,-0.019,normal
1778050808.1558924,beam,120.58,5221,2,100.0,0.0,0.788,-0.265,racing
1778050663.27679,beam,107.38,3144,3,54.69,0.0,0.365,0.624,racing
1778050527.7789395,beam,135.77,3888,3,100.0,0.0,0.401,0.042,racing
1778050160.5930376,beam,26.24,1908,2,52.34,0.0,1.144,2.757,normal
1778050848.4061155,beam,124.09,3614,3,100.0,0.0,0.911,-1.373,racing
1778050681.120222,beam,59.18,1438,3,0.0,19.05,-3.796,8.169,racing
1778050616.7200775,beam,87.34,3915,2,100.0,0.0,1.415,-0.498,racing
1778049915.145178,beam,72.47,2188,3,26.98,0.0,0.07,-1.714,normal
1778050805.550928,beam,113.23,4926,2,100.0,0.0,0.538,-3.043,racing
1778050597.5303557,beam,89.9,3763,2,0.0,0.0,-1.195,1.189,racing
1778050675.5909138,beam,104.26,3083,3,55.86,0.0,0.455,0.465,racing
1778050947.0727406,beam,91.31,2826,3,57.81,9.52,-0.234,-2.153,racing
1778050110.3050025,beam,88.9,2563,3,28.97,0.0,0.008,-0.45,normal
1778050024.0609045,beam,87.29,2509,3,26.98,0.0,0.02,0.538,normal
1778050881.2393813,beam,90.96,2377,3,0.0,0.0,-0.426,11.526,racing
1778050178.3349466,beam,78.33,2053,3,1.19,0.0,-0.694,-0.34,normal
1778050156.2583582,beam,58.32,771,3,0.0,0.0,-0.363,3.086,normal
1778050280.2926452,beam,55.74,1709,3,17.06,0.0,-0.049,1.01,normal
1778050911.8958845,beam,116.02,5038,2,100.0,0.0,0.765,-0.108,racing
1778050240.9025912,beam,64.68,1839,3,14.29,0.0,-0.332,-0.424,normal
1778050973.0935707,beam,86.49,3885,2,98.83,0.0,1.235,-1.635,racing
1778050666.8449583,beam,113.23,3343,3,75.39,0.0,0.499,0.825,racing
1778050913.5295498,beam,120.51,5217,2,100.0,0.0,0.63,-1.355,racing
1778050279.3211558,beam,56.21,1707,3,16.67,0.0,-0.093,1.26,normal
1778050281.330195,beam,55.47,1704,3,17.06,0.0,-0.03,-0.065,normal
1778049898.8500495,beam,60.09,1834,3,19.44,0.0,0.014,-0.422,normal
1778050077.1083815,beam,79.91,2339,3,26.59,0.0,0.002,0.174,normal
1778049897.6477318,beam,59.91,1795,3,17.86,0.0,0.082,0.917,normal
1778051001.4480276,beam,66.4,3154,2,100.0,0.0,1.523,0.32,racing
1778050158.2197218,beam,48.9,771,3,0.0,36.9,-3.836,0.096,normal
1778049825.416931,beam,56.12,2079,3,34.13,0.0,0.579,-0.891,normal
1778050849.2853062,beam,126.17,3666,3,100.0,0.0,0.309,-4.031,racing
1778050050.7179563,beam,41.29,1672,3,21.43,0.0,-0.097,-0.501,normal
1778050844.0590558,beam,107.37,4324,3,0.0,0.0,0.356,8.852,racing
1778050836.8858142,beam,103.26,3141,3,82.03,0.0,0.407,1.637,racing
1778050954.1803138,beam,104.33,2758,3,0.0,0.0,-1.284,-7.544,racing
1778050299.8708923,beam,60.93,1913,3,22.62,0.0,0.089,-0.295,normal
1778049911.2631576,beam,70.07,2143,3,26.98,0.0,0.226,0.34,normal
1778050065.4958603,beam,68.38,2354,3,44.44,0.0,0.607,-0.174,normal
1778050991.554881,beam,79.92,2548,3,60.55,0.0,0.487,3.582,racing
1778050221.8768437,beam,78.65,2260,3,19.44,0.0,0.071,-1.273,normal
1778049949.4115062,beam,79.56,2257,3,19.44,0.0,-0.249,-1.313,normal
1778050313.0024984,beam,45.07,771,3,0.0,19.05,-2.077,1.353,normal
1778049940.5498545,beam,78.65,2298,3,25.4,0.0,0.016,-0.042,normal
1778050505.3499858,beam,87.75,3932,2,100.0,0.0,1.241,0.095,racing
1778050223.6095145,beam,74.9,1889,3,0.0,0.0,-0.557,-0.803,normal
1778049860.2776525,beam,88.88,2570,3,29.76,0.0,0.041,-0.491,normal
1778050197.8957298,beam,53.04,1784,3,21.83,0.0,0.325,0.881,normal
1778049965.2439232,beam,91.78,2590,3,23.81,0.0,-0.018,-0.837,normal
1778049971.507392,beam,75.61,1915,3,0.0,0.0,-0.718,0.621,normal
1778051009.410197,beam,102.48,4498,2,98.44,0.0,1.026,-0.406,racing
1778050624.6564555,beam,49.96,882,3,15.87,0.0,-0.35,-0.852,racing
1778049926.748063,beam,77.5,2288,3,26.59,0.0,-0.045,-0.9,normal
1778050808.92117,beam,122.55,5300,2,100.0,0.0,0.674,-0.765,racing
1778050182.6310532,beam,67.63,1756,3,2.78,0.0,-0.44,4.292,normal
1778049972.1761622,beam,73.72,1854,3,0.0,0.0,-0.732,0.436,normal
1778050228.952248,beam,71.9,1990,3,12.3,0.0,-0.076,1.324,normal
1778050235.632088,beam,67.71,1901,3,13.49,0.0,-0.185,0.043,normal
1778049913.281256,beam,71.37,2167,3,26.98,0.0,-0.042,-3.797,normal
1778050854.5578578,beam,132.95,3823,3,100.0,0.0,0.441,0.051,racing
1778050827.904123,beam,82.08,2665,3,58.2,0.0,0.741,0.823,racing
1778050012.795577,beam,87.69,2515,3,26.59,0.0,-0.045,-0.289,normal
1778050133.0251565,beam,92.33,2640,3,28.57,0.0,-0.011,-0.635,normal
1778050662.1546032,beam,106.19,3096,3,50.0,0.0,0.274,-0.416,racing
1778050286.7241597,beam,56.16,1772,3,19.44,0.0,0.238,2.419,normal
1778050212.2233396,beam,63.5,1980,3,24.21,0.0,0.392,0.52,normal
1778050608.4943497,beam,101.25,4449,2,100.0,0.0,1.446,1.736,racing
1778050917.0974672,beam,129.1,5565,2,100.0,0.0,0.621,1.204,racing
1778050698.2124493,beam,58.81,4832,1,100.0,0.0,1.885,2.096,racing
1778050808.476129,beam,121.41,5255,2,100.0,0.0,0.619,-1.322,racing
1778050032.8915513,beam,77.52,2139,3,12.7,0.0,-0.211,0.626,normal
1778050884.8182986,beam,84.8,2724,3,61.72,0.0,-0.74,-1.806,racing
1778050793.673623,beam,69.16,2130,3,36.11,0.0,0.11,2.8,racing
1778050693.8967168,beam,31.86,2938,1,100.0,9.52,1.237,-2.091,racing
1778050176.4824033,beam,81.69,2223,3,9.52,0.0,-0.353,1.692,normal
1778050097.7256162,beam,85.1,2471,3,28.17,0.0,0.074,0.326,normal
1778050181.4476311,beam,70.42,1843,3,3.17,0.0,-0.554,1.19,normal
1778050535.393259,beam,144.85,4099,3,90.23,0.0,0.298,0.234,racing
1778050882.7190342,beam,87.7,2781,3,56.64,0.0,-0.124,-1.856,racing
1778050775.9481685,beam,95.75,2832,3,44.05,0.0,0.225,-2.028,racing
1778049812.6097507,beam,1.75,989,1,21.83,0.0,0.803,2.986,normal
1778050138.6561863,beam,88.01,2289,3,0.0,0.0,-0.856,0.708,normal
1778050191.9975913,beam,49.94,1304,3,4.76,0.0,-0.449,-0.135,normal
1778050518.7791464,beam,130.53,5621,2,100.0,0.0,0.633,0.421,racing
1778050025.2594736,beam,87.46,2510,3,26.98,0.0,0.381,3.404,normal
1778050710.4667726,beam,100.77,4428,2,100.0,2.78,0.787,1.839,racing
1778050597.6388965,beam,88.23,3708,2,0.0,49.6,-4.293,-28.544,racing
1778049991.5169897,beam,59.43,2046,3,30.55,0.0,0.638,0.276,normal
1778049936.332229,beam,77.53,2268,3,25.0,0.0,0.11,0.568,normal
1778050036.2062888,beam,66.31,1656,3,1.19,0.0,-0.932,0.875,normal
1778050746.6535823,beam,86.33,2626,3,47.62,0.0,0.352,-0.135,racing
1778050039.4823966,beam,58.12,1806,3,19.44,0.0,-0.579,0.255,normal
1778050155.6020758,beam,59.48,1162,3,0.0,0.0,-0.579,-1.853,normal
1778050560.4876666,beam,71.0,3217,2,86.33,0.0,0.88,5.81,racing
1778050741.0730803,beam,128.82,3629,3,47.62,0.0,0.075,0.512,racing
1778050801.4229045,beam,99.03,4365,2,100.0,0.0,1.163,-0.004,racing
1778050058.1945446,beam,49.74,1991,3,32.14,0.0,0.638,1.408,normal
1778049973.373386,beam,70.37,1740,3,0.0,0.0,-0.761,0.308,normal
1778050866.7523105,beam,78.25,3578,2,100.0,0.0,1.478,0.751,racing
1778050019.4150589,beam,87.35,2510,3,26.98,0.0,0.019,0.279,normal
1778050200.0171258,beam,54.83,1825,3,22.62,0.0,0.198,-0.998,normal
1778050824.8791437,beam,74.45,2451,3,48.81,0.0,0.619,0.37,racing
1778050734.8061357,beam,127.12,3548,3,40.48,0.0,0.039,2.101,racing
1778050229.578295,beam,71.61,1979,3,11.91,0.0,-0.139,-0.159,normal
1778050033.9677968,beam,75.19,1900,3,0.0,0.0,-0.457,-0.373,normal
1778050264.3471377,beam,59.13,1711,3,14.29,0.0,0.536,-0.368,normal
1778050906.1334865,beam,96.04,4241,2,98.83,0.0,1.122,1.284,racing
1778050834.1032004,beam,98.35,3036,3,81.25,0.0,0.675,-0.063,racing
1778050207.094105,beam,59.88,1895,3,22.62,0.0,0.163,-0.305,normal
1778050103.3986137,beam,86.79,2513,3,28.97,0.0,0.119,0.211,normal
1778050657.431427,beam,108.02,2869,3,0.0,43.65,-5.489,-5.015,racing
1778049935.1154602,beam,77.18,2262,3,25.0,0.0,-0.09,-1.837,normal
1778050603.9611888,beam,84.87,2783,3,96.48,0.0,0.776,0.251,racing
1778050798.6130123,beam,87.54,3925,2,100.0,0.0,1.159,0.157,racing
1778050011.696232,beam,87.74,2514,3,26.19,0.0,0.046,0.727,normal
1778050719.007944,beam,124.25,5296,2,26.98,0.0,-0.604,-8.136,racing
1778050713.827623,beam,111.09,4839,2,100.0,0.0,0.893,-0.4,racing
1778050297.4414628,beam,60.04,1876,3,21.83,0.0,0.061,-0.984,normal
1778050986.1430368,beam,93.49,2953,3,94.14,0.0,0.567,-0.005,racing
1778050278.1900856,beam,57.07,1708,3,15.87,0.0,-0.3,-0.901,normal
1778050507.1643848,beam,95.79,4239,2,100.0,0.0,1.178,-0.087,racing
1778049947.007823,beam,79.43,2309,3,25.0,0.0,0.134,1.241,normal
1778050595.0748544,beam,80.46,3659,2,100.0,0.0,1.41,1.477,racing
1778051010.1917832,beam,105.35,4611,2,98.44,0.0,0.959,-2.025,racing
1778050015.7732985,beam,87.45,2512,3,26.98,0.0,-0.032,-0.234,normal
1778050062.4669838,beam,61.12,2279,3,44.44,0.0,0.732,-0.145,normal
1778050791.589529,beam,72.93,1832,3,0.0,0.0,-0.929,-2.828,racing
1778050956.898277,beam,95.81,2513,3,0.0,0.0,-0.818,0.951,racing
1778050272.558664,beam,64.76,1522,3,0.0,0.0,-0.81,-0.121,normal
1778050674.370116,beam,102.6,3043,3,52.74,0.0,0.334,-0.544,racing
1778050564.8482254,beam,87.72,3922,2,83.2,0.0,1.134,-1.944,racing
1778050198.5185013,beam,53.59,1791,3,21.83,0.0,0.269,0.519,normal
1778049854.1012056,beam,86.25,2524,3,31.35,0.0,0.182,0.097,normal
1778050858.0946128,beam,34.29,742,3,0.0,55.86,-3.9,76.368,racing
1778049990.7369618,beam,57.44,2079,3,32.14,0.0,0.959,3.365,normal
1778050216.5458293,beam,71.27,2107,3,23.02,0.0,0.505,-0.101,normal
1778050706.78328,beam,90.31,4027,2,100.0,5.95,0.786,1.296,racing
1778050109.5331235,beam,88.76,2556,3,28.57,0.0,-0.006,-1.161,normal
1778050684.7534375,beam,40.15,768,2,0.0,0.0,-0.932,2.741,racing
1778050832.487167,beam,94.42,2958,3,80.86,0.0,0.713,0.153,racing
1778050957.0146074,beam,95.42,2502,3,0.0,0.0,-0.93,-0.958,racing
1778050615.2172406,beam,78.46,3583,2,100.0,0.0,1.626,-2.935,racing
1778050173.1815298,beam,87.59,2375,3,7.54,0.0,-0.609,-3.476,normal
1778051023.4181528,beam,33.05,774,2,0.0,0.0,-0.529,-1.231,racing
1778050296.0236025,beam,59.49,1875,3,21.83,0.0,0.223,1.933,normal
1778049911.1518147,beam,69.98,2142,3,26.98,0.0,0.188,0.805,normal
1778050585.078663,beam,91.98,2867,3,64.06,0.0,0.493,1.004,racing
1778050882.1860783,beam,87.82,2610,3,46.03,0.0,-0.651,-1.683,racing
1778050016.8958378,beam,87.45,2512,3,26.98,0.0,0.034,0.563,normal
1778050014.230539,beam,87.59,2519,3,26.98,0.0,-0.018,0.048,normal
1778050085.7943656,beam,81.96,2354,3,23.81,0.0,0.024,-0.532,normal
1778049833.946735,beam,70.16,2247,3,34.13,0.0,0.374,0.122,normal
1778050754.9166312,beam,106.22,3189,3,75.39,0.0,0.632,0.122,racing
1778050737.738789,beam,127.73,3598,3,46.83,0.0,0.036,-1.209,racing
1778050548.8881629,beam,148.65,4149,3,58.59,0.0,-0.112,-1.307,racing
1778050640.8030355,beam,98.64,2960,3,55.08,0.0,0.044,-0.48,racing
1778050262.7856853,beam,56.12,1649,3,14.29,0.0,0.35,-2.412,normal
1778050108.2520342,beam,88.45,2548,3,28.57,0.0,0.076,-0.198,normal
1778050201.5463269,beam,56.09,1842,3,22.62,0.0,0.269,0.983,normal
1778049848.1444883,beam,82.65,2445,3,31.35,0.0,0.194,0.641,normal
1778050681.673669,beam,56.81,1160,3,0.0,0.0,-1.388,-0.459,racing
1778050919.5389876,beam,129.3,3696,3,66.41,0.0,0.429,1.402,racing
1778050779.3152244,beam,99.58,2908,3,42.86,0.0,0.248,-0.697,racing
1778050685.3096178,beam,33.09,772,2,0.0,43.65,-5.094,1.526,racing
1778050081.7207687,beam,81.37,2365,3,26.19,0.0,0.136,0.704,normal
1778050006.8112917,beam,86.47,2530,3,31.35,0.0,-0.121,-0.641,normal
1778050725.3090408,beam,129.39,3647,3,49.6,0.0,0.093,-0.283,racing
1778050793.5560043,beam,69.11,1968,3,27.78,0.0,-0.219,0.27,racing
1778050106.4693034,beam,87.94,2543,3,29.36,0.0,0.105,0.18,normal
1778050938.5032086,beam,99.78,4333,2,16.67,0.0,0.385,-4.637,racing
1778049919.6969087,beam,74.9,2236,3,26.98,0.0,0.215,0.158,normal
1778050671.6281283,beam,102.11,2691,3,0.0,0.0,-0.749,18.678,racing
1778050821.9147158,beam,67.06,2298,3,42.06,0.0,0.772,0.297,racing
1778050768.346002,beam,89.99,2685,3,34.13,0.0,0.344,0.692,racing
1778050858.410079,beam,45.86,768,3,0.0,0.0,1.274,-98.832,racing
1778050866.5243926,beam,77.07,3535,2,100.0,0.0,1.259,1.37,racing
1778050896.0699716,beam,108.33,4729,2,100.0,0.0,0.906,-0.371,racing
1778050891.4300675,beam,90.43,4041,2,100.0,0.0,0.937,-0.101,racing
1778050833.672501,beam,97.31,3015,3,81.25,0.0,0.697,-0.099,racing
1778050878.020944,beam,119.54,5181,2,100.0,0.0,0.748,2.424,racing
1778050593.4818687,beam,75.64,2659,3,100.0,0.0,0.909,0.577,racing
1778049830.8824031,beam,65.75,2184,3,34.13,0.0,0.446,-0.305,normal
1778050885.6969674,beam,83.35,2763,3,72.27,0.0,-0.283,1.483,racing
1778050501.2846398,beam,70.03,3295,2,100.0,0.0,0.833,-0.207,racing
1778050187.7121332,beam,56.47,1429,3,2.78,0.0,-0.587,0.324,normal
1778050674.721119,beam,103.07,3058,3,55.08,0.0,0.401,1.233,racing
1778050193.183299,beam,49.52,1537,3,15.08,0.0,0.072,0.945,normal
1778050658.4287496,beam,102.97,2901,3,36.11,0.0,0.118,4.887,racing
1778050186.598495,beam,58.7,1455,3,1.98,0.0,-0.622,0.568,normal
1778050696.1678412,beam,45.81,3865,1,100.0,4.37,2.423,6.648,racing
1778050919.7618752,beam,129.56,3702,3,66.41,0.0,0.358,0.555,racing
1778050904.0956025,beam,90.56,2900,3,100.0,0.0,0.83,0.299,racing
1778050778.9096434,beam,99.17,2901,3,43.25,0.0,0.321,0.019,racing
1778050508.2347305,beam,100.17,4407,2,100.0,0.0,1.164,0.929,racing
1778050196.5811503,beam,51.87,1761,3,21.43,0.0,0.267,0.207,normal
1778049813.9098556,beam,13.63,1930,1,32.94,0.0,2.692,0.876,normal
1778050228.105481,beam,72.12,2009,3,12.7,0.0,-0.038,-0.63,normal
1778050881.4523764,beam,89.94,2352,3,0.0,0.0,-1.598,-5.068,racing
1778050272.8899891,beam,63.91,1468,3,0.0,0.0,-0.761,-0.535,normal
1778050221.2124631,beam,78.14,2259,3,23.02,0.0,0.25,2.871,normal
1778050909.3588903,beam,108.11,4720,2,100.0,0.0,0.935,-0.402,racing
1778050050.9500694,beam,41.28,1672,3,21.43,0.0,0.049,1.037,normal
1778049960.4448235,beam,90.06,2548,3,23.81,0.0,0.033,-1.318,normal
1778050543.327152,beam,148.34,4143,3,58.99,0.0,0.05,-1.733,racing
1778050706.5801997,beam,89.78,4006,2,100.0,5.95,0.878,-1.219,racing
1778050633.4026942,beam,89.55,3946,2,56.64,0.0,0.834,-1.693,racing
1778050975.5809398,beam,97.69,4312,2,100.0,0.0,1.18,-0.211,racing
1778050616.388574,beam,85.55,3848,2,100.0,0.0,1.65,0.508,racing
1778050153.1725135,beam,61.81,1853,3,18.65,4.37,-0.237,-0.792,normal
1778049831.9104798,beam,67.29,2208,3,34.13,0.0,0.416,0.069,normal
1778050222.740476,beam,76.98,1956,3,0.0,0.0,-0.315,1.966,normal
1778050908.8125255,beam,106.21,4645,2,100.0,0.0,1.014,0.213,racing
1778050010.9441423,beam,87.58,2547,3,30.55,0.0,0.124,0.372,normal
1778050776.7949626,beam,96.8,2849,3,43.25,0.0,0.304,-0.375,racing
1778050833.568606,beam,97.05,3010,3,81.25,0.0,0.707,1.234,racing
1778050533.7271411,beam,142.88,4051,3,90.23,0.0,0.399,0.432,racing
1778050616.1712985,beam,84.29,3799,2,100.0,0.0,1.733,-0.28,racing
1778050857.2127006,beam,53.59,771,3,0.0,94.92,-5.673,-2.072,racing
1778050009.5984986,beam,87.06,2535,3,30.55,0.0,0.145,0.826,normal
1778050078.5072165,beam,80.39,2348,3,26.59,0.0,0.08,-0.204,normal
1778050595.7631493,beam,83.85,3785,2,100.0,0.0,1.37,0.677,racing
1778051010.528561,beam,106.43,4655,2,98.83,0.0,0.855,0.363,racing
1778050716.2437172,beam,117.82,5109,2,100.0,0.0,0.798,-0.126,racing
1778050028.0445364,beam,86.98,2271,3,0.0,0.0,-0.848,-1.048,normal
1778050813.5946908,beam,114.57,3042,3,0.0,46.83,-4.248,13.441,racing
1778050777.0978396,beam,97.15,2857,3,43.25,0.0,0.258,-1.719,racing
1778050734.6936293,beam,127.11,3528,3,34.52,0.0,-0.197,-0.341,racing
1778050958.4320652,beam,82.53,2126,3,0.0,0.0,-0.798,0.29,racing
1778050541.743187,beam,148.11,4135,3,58.59,0.0,-0.038,-0.893,racing
1778051001.6599507,beam,67.56,3201,2,100.0,0.0,1.473,-0.848,racing
1778050505.1308064,beam,86.77,3896,2,100.0,0.0,1.235,-0.422,racing
1778049938.4169135,beam,78.1,2280,3,25.0,0.0,0.117,0.791,normal
1778049944.4768183,beam,79.27,2297,3,23.81,0.0,0.067,0.747,normal
1778050699.82861,beam,66.1,5382,1,100.0,5.56,1.022,1.321,racing
1778049956.9755385,beam,88.96,2519,3,23.81,0.0,0.492,1.799,normal
1778050716.3475533,beam,118.1,5121,2,100.0,0.0,0.767,-0.296,racing
1778050723.577535,beam,128.82,3653,3,49.6,0.0,0.28,-0.549,racing
1778050521.1294315,beam,130.83,3488,3,0.0,0.0,-1.059,-0.469,racing
1778050631.7347612,beam,82.32,3730,2,100.0,0.0,1.371,-0.086,racing
1778050826.239848,beam,78.05,2576,3,53.52,0.0,0.801,1.137,racing
1778050952.7493048,beam,102.29,3114,3,78.91,2.38,0.582,-0.054,racing
1778049971.275242,beam,76.24,1937,3,0.0,0.0,-0.851,-0.862,normal
1778050587.8462915,beam,95.51,2829,3,44.44,0.0,0.021,0.214,racing
1778050734.592528,beam,127.18,3518,3,30.55,0.0,-0.163,1.587,racing
1778050864.3193474,beam,65.82,3145,2,100.0,0.0,1.427,-0.404,racing
1778050539.0741465,beam,147.56,4120,3,58.59,0.0,0.056,-1.476,racing
1778050892.4033406,beam,94.29,4181,2,100.0,0.0,1.175,-0.473,racing
1778049992.5175667,beam,62.29,2101,3,32.54,0.0,0.885,1.485,normal
1778050047.2354844,beam,43.45,1687,3,21.83,0.0,-0.43,-0.38,normal
1778050492.7825084,beam,30.26,2841,1,100.0,0.0,2.494,0.388,racing
1778050312.8866131,beam,45.94,766,3,0.0,18.65,-2.233,-0.757,normal
1778050960.8154104,beam,73.38,1847,3,3.97,0.0,-0.77,-0.784,racing
1778050607.1623113,beam,95.46,4226,2,100.0,0.0,1.195,0.427,racing
1778050304.1223898,beam,63.37,2030,3,26.19,0.0,0.197,-0.847,normal
1778049891.599726,beam,73.52,1869,3,0.0,19.44,-2.594,-1.56,normal
1778050301.7548254,beam,61.69,1925,3,22.62,0.0,0.047,-0.804,normal
1778050787.3079622,beam,88.13,2607,3,36.11,0.0,0.255,0.757,racing
1778050024.4954314,beam,87.3,2507,3,26.98,0.0,0.033,0.761,normal
1778050239.3011808,beam,65.57,1860,3,14.29,0.0,-0.099,-0.162,normal
1778050233.0207543,beam,69.19,1937,3,14.29,0.0,-0.272,-1.442,normal
1778050060.23079,beam,54.9,2222,3,44.05,0.0,0.788,-0.302,normal
1778050833.7844574,beam,97.57,3020,3,81.25,0.0,0.64,-0.506,racing
1778049932.9178205,beam,77.18,2197,3,19.44,0.0,-0.167,0.278,normal
1778050926.142049,beam,108.68,2886,3,0.0,39.68,-4.311,7.003,racing
1778050595.524863,beam,82.71,3743,2,100.0,0.0,1.421,-0.123,racing
1778050140.659218,beam,82.08,2114,3,0.0,0.0,-0.842,-0.493,normal
1778050074.762589,beam,79.2,2327,3,26.59,0.0,0.107,-0.096,normal
1778049941.3446202,beam,78.91,2302,3,25.4,0.0,0.002,-0.545,normal
1778050032.4336753,beam,77.93,2151,3,12.7,0.0,-0.392,-1.3,normal
1778049833.0832508,beam,68.95,2235,3,34.52,0.0,0.386,0.578,normal
1778050609.8983676,beam,49.03,2280,2,0.0,100.0,-29.659,94.889,racing
1778050130.044246,beam,91.85,2628,3,28.57,0.0,0.029,-0.028,normal
1778049875.1001902,beam,93.01,2667,3,30.16,0.0,0.077,-0.02,normal
1778050600.429516,beam,77.98,2628,3,49.6,0.0,0.799,-0.087,racing
1778049896.1271603,beam,59.62,1850,3,20.63,0.0,0.299,2.402,normal
1778050074.8769965,beam,79.3,2325,3,26.59,0.0,0.246,1.218,normal
1778049973.8088782,beam,69.21,1697,3,0.0,0.0,-0.706,0.552,normal
1778050014.6818438,beam,87.59,2519,3,26.98,0.0,0.031,0.679,normal
1778050934.4721422,beam,94.48,2696,3,29.36,0.0,0.049,0.258,racing
1778050292.6405492,beam,58.04,1844,3,21.43,0.0,0.135,1.521,normal
1778050233.4578254,beam,68.94,1940,3,14.29,0.0,-0.127,0.466,normal
1778050499.6347072,beam,64.5,3100,2,87.11,0.0,0.864,4.294,racing
1778050772.4159052,beam,92.61,2760,3,43.25,0.0,0.204,-0.027,racing
1778050747.5511365,beam,88.35,2835,3,88.28,0.0,0.79,1.126,racing
1778050775.515056,beam,95.2,2817,3,43.65,0.0,0.386,-0.111,racing
1778050534.0417082,beam,143.26,4060,3,90.23,0.0,0.348,0.043,racing
1778050039.806029,beam,57.65,1798,3,19.44,0.0,-0.671,-4.136,normal
1778050516.6109142,beam,125.66,5426,2,100.0,0.0,0.644,0.048,racing
1778050020.1755466,beam,87.35,2510,3,26.98,0.0,0.019,0.257,normal
1778050859.2608356,beam,45.35,2077,3,99.22,0.0,0.567,0.328,racing
1778050224.5913036,beam,73.15,1969,3,7.14,0.0,-0.227,0.882,normal
1778050073.1958666,beam,78.61,2309,3,26.59,0.0,0.147,0.793,normal
1778049970.4068155,beam,80.02,2058,3,0.0,7.94,-1.452,2.689,normal
1778049849.327695,beam,83.4,2462,3,31.35,0.0,0.146,-0.202,normal
1778050556.8720846,beam,72.29,1830,3,0.0,30.95,-3.515,-25.641,racing
1778050155.8238702,beam,59.11,1029,3,0.0,0.0,-0.44,0.42,normal
1778050089.0234392,beam,82.35,2386,3,26.19,0.0,0.06,0.701,normal
1778049891.3987944,beam,75.34,1919,3,0.0,14.68,-1.942,0.073,normal
1778050497.15201,beam,58.94,4409,2,59.77,0.0,0.492,-1.184,racing
1778049918.2994373,beam,74.23,2222,3,26.59,0.0,0.183,0.594,normal
1778050824.1033063,beam,72.79,2376,3,41.27,0.0,0.617,0.609,racing
1778050591.4654348,beam,73.62,1856,3,0.0,0.0,-0.855,1.203,racing
1778050926.7888403,beam,102.88,2717,3,0.0,48.81,-5.398,-6.127,racing
1778050208.8296745,beam,60.94,1913,3,22.62,0.0,0.316,1.675,normal
1778050761.9666646,beam,117.97,3394,3,55.08,0.0,0.265,-0.829,racing
1778051004.9787705,beam,84.99,3815,2,100.0,0.0,2.612,10.47,racing
1778050255.4509492,beam,49.31,1507,3,13.49,0.0,-0.041,0.666,normal
1778049954.0767336,beam,85.27,2431,3,23.81,0.0,0.349,-0.612,normal
1778051002.5724738,beam,72.44,3367,2,100.0,0.0,1.479,-0.022,racing
1778049959.5469277,beam,89.52,2536,3,23.81,0.0,-0.077,0.582,normal
1778049884.010152,beam,94.92,2713,3,30.16,0.0,0.062,-0.006,normal
1778050640.4685516,beam,98.54,2958,3,55.08,0.0,0.095,-0.296,racing
1778049975.424031,beam,66.19,1829,3,9.92,0.0,-0.303,-0.375,normal
1778050821.5806365,beam,66.21,2212,3,39.28,0.0,0.63,0.024,racing
1778050993.380332,beam,83.51,3479,2,100.0,0.0,0.177,1.491,racing
1778050895.3010058,beam,105.63,4621,2,100.0,0.0,0.958,-0.817,racing
1778050559.8367362,beam,70.14,2529,3,68.75,0.0,0.846,-0.351,racing
1778050066.1328814,beam,69.72,2373,3,44.44,0.0,0.392,-5.271,normal
1778050987.1437883,beam,95.59,3003,2,100.0,0.0,0.402,-0.587,racing
1778050983.4250588,beam,109.35,2894,3,0.0,0.0,-0.676,2.975,racing
1778049930.195258,beam,77.67,2288,3,26.19,0.0,-0.034,-0.378,normal
1778050088.7054014,beam,82.26,2378,3,25.4,0.0,-0.034,-1.41,normal
1778050842.9174633,beam,110.04,4605,2,0.0,0.0,-0.701,2.31,racing
1778050583.861774,beam,90.15,2639,3,38.89,0.0,0.134,1.125,racing
1778050174.152271,beam,85.73,2314,3,7.54,0.0,-0.569,0.135,normal
1778050625.4536846,beam,51.75,2348,3,78.91,0.0,1.112,0.887,racing
1778050789.6473253,beam,87.64,2290,3,0.0,0.0,-0.92,-0.937,racing
1778050621.6232429,beam,71.33,1825,3,0.0,28.17,-3.793,7.917,racing
1778050828.436133,beam,83.53,2763,3,82.03,0.0,0.823,-0.945,racing
1778050791.4782028,beam,73.3,1843,3,0.0,0.0,-0.614,2.057,racing
1778049819.2775795,beam,41.07,2172,2,35.32,0.0,1.02,0.516,normal
1778050756.7841864,beam,110.08,3274,3,75.0,0.0,0.751,2.947,racing
1778049816.3151288,beam,28.3,1989,2,33.73,0.0,1.6,4.258,normal
1778050061.0823758,beam,57.33,2243,3,44.44,0.0,0.84,0.725,normal
1778050825.103351,beam,74.99,2495,3,52.34,0.0,0.594,-1.25,racing
1778050700.1508691,beam,67.58,5503,1,100.0,1.59,1.088,-2.932,racing
1778050906.9804363,beam,99.43,4379,2,100.0,0.0,0.993,-1.744,racing
1778050534.1442957,beam,143.38,4063,3,90.23,0.0,0.313,-0.333,racing
1778050578.1190424,beam,113.88,3364,3,79.3,0.0,0.633,0.121,racing
1778050815.3736413,beam,109.77,2905,3,0.0,0.0,-0.499,0.907,racing
1778050201.333847,beam,55.92,1840,3,22.62,0.0,0.175,-0.402,normal
1778050071.8594823,beam,78.07,2302,3,26.59,0.0,0.117,0.233,normal
1778050690.503203,beam,30.36,2339,1,0.0,0.0,-1.949,7.429,racing
1778050779.5308683,beam,99.82,2911,3,42.86,0.0,0.324,0.249,racing
1778050087.4252694,beam,82.12,2373,3,25.4,0.0,0.002,-2.654,normal
1778050110.5360162,beam,88.97,2563,3,28.97,0.0,0.097,0.196,normal
1778050647.428825,beam,109.86,3201,3,55.08,0.0,0.915,-0.988,racing
1778050942.2216516,beam,104.3,3116,3,61.72,0.0,0.507,-0.689,racing
1778051019.235273,beam,36.81,769,3,0.0,71.88,-3.019,-4.448,racing
1778049936.5673127,beam,77.63,2269,3,25.0,0.0,0.121,0.143,normal
1778050999.5585446,beam,60.05,2382,3,84.77,0.0,0.901,1.283,racing
1778051018.5846508,beam,45.43,1399,3,0.0,69.14,-16.441,24.355,racing
1778050802.7938523,beam,104.19,4568,2,100.0,0.0,0.92,0.944,racing
1778050945.9732063,beam,92.33,2650,3,34.13,10.32,-0.607,1.603,racing
1778050513.663302,beam,118.02,5119,2,100.0,0.0,0.845,0.595,racing
1778050597.0799837,beam,90.0,4018,2,100.0,0.0,1.198,-0.962,racing
1778050625.8845663,beam,53.63,2423,3,100.0,0.0,1.179,-0.196,racing
1778050721.594286,beam,126.48,3621,3,62.5,0.0,0.324,0.046,racing
1778050238.8569057,beam,65.75,1868,3,14.29,0.0,-0.167,-0.437,normal
1778050055.8353782,beam,44.4,1913,3,31.74,0.0,0.587,2.693,normal
1778050551.188294,beam,148.66,4148,3,58.2,0.0,-0.076,-0.749,racing
1778050067.891974,beam,73.45,2419,3,44.05,0.0,0.589,-0.118,normal
1778050586.062399,beam,94.04,2925,3,70.31,0.0,0.713,0.949,racing
1778050709.245288,beam,97.59,4306,2,100.0,2.78,0.848,1.493,racing
1778050770.4287107,beam,91.18,2720,3,41.27,0.0,0.159,0.171,racing
1778050958.5455344,beam,82.19,2116,3,0.0,0.0,-0.837,-0.343,racing
1778050271.995497,beam,66.28,1619,3,0.0,0.0,-0.573,-0.242,normal
1778050027.9408193,beam,87.3,2317,3,0.0,0.0,-0.739,-3.587,normal
1778050922.372097,beam,132.82,3785,3,68.75,0.0,0.352,0.166,racing
1778050902.9642208,beam,87.36,2825,3,100.0,0.0,0.745,0.002,racing
1778050984.329444,beam,99.77,2641,3,0.0,54.3,-6.038,1.578,racing
1778050302.623129,beam,62.18,1992,3,26.19,0.0,0.235,0.708,normal
1778049858.2002587,beam,88.18,2553,3,29.76,0.0,0.093,0.277,normal
1778049842.6267624,beam,78.83,2357,3,30.55,0.0,0.165,0.444,normal
1778050021.0618997,beam,87.32,2509,3,26.98,0.0,-0.036,-0.654,normal
1778049876.931865,beam,93.43,2678,3,30.16,0.0,0.061,-0.355,normal
1778050864.1071064,beam,64.71,3107,2,100.0,0.0,1.415,-1.613,racing
1778050252.9522316,beam,51.23,1503,3,11.91,0.0,-0.317,0.083,normal
1778050668.8620284,beam,116.83,3427,3,76.56,0.0,0.456,-1.643,racing
1778050615.426969,beam,79.81,3632,2,100.0,0.0,1.625,-3.096,racing
1778050628.3817968,beam,64.69,3105,2,100.0,0.0,1.623,1.1,racing
1778050220.129063,beam,77.06,2234,3,23.02,0.0,0.026,-1.295,normal
1778049903.6275208,beam,62.68,2021,3,26.98,0.0,0.323,0.278,normal
1778050499.211287,beam,63.26,3044,2,86.33,0.0,0.639,-0.27,racing
1778050951.0846045,beam,98.64,3036,3,78.12,0.0,0.677,0.451,racing
1778049827.3651433,beam,59.84,2115,3,34.13,0.0,0.503,-0.121,normal
1778050096.7353728,beam,84.72,2468,3,28.97,0.0,-0.047,-2.362,normal
1778049962.778809,beam,91.19,2576,3,23.81,0.0,0.134,0.495,normal
1778050226.2291632,beam,72.4,2008,3,12.7,0.0,0.075,1.727,normal
1778050899.817841,beam,95.84,2514,3,0.0,0.0,-0.825,0.271,racing
1778051016.0227523,beam,128.93,5557,2,98.44,0.0,0.932,0.361,racing
1778050515.1298633,beam,122.0,5278,2,100.0,0.0,0.704,-0.592,racing
1778050241.014639,beam,64.63,1837,3,14.29,0.0,-0.126,1.839,normal
1778049935.9825618,beam,77.47,2267,3,25.0,0.0,0.132,-0.313,normal
1778050059.8004065,beam,53.61,2212,3,44.05,0.0,0.708,-1.611,normal
1778050751.335931,beam,98.05,3019,3,75.39,0.0,0.589,0.371,racing
1778050008.1979215,beam,86.51,2530,3,31.35,0.0,0.089,0.354,normal
1778050255.2210395,beam,49.37,1509,3,13.49,0.0,-0.176,0.263,normal
1778050754.4711332,beam,105.21,3167,3,75.39,0.0,0.628,0.767,racing
1778050504.662626,beam,84.68,3814,2,100.0,0.0,1.421,0.72,racing
1778049862.1444016,beam,89.49,2583,3,29.76,0.0,0.032,-0.291,normal
1778050665.9953258,beam,111.66,3307,3,75.39,0.0,0.48,-1.397,racing
1778050979.9640374,beam,108.46,3215,3,67.19,0.0,0.477,-0.924,racing
1778049915.3493135,beam,72.6,2190,3,26.98,0.0,0.226,1.032,normal
1778050229.0541587,beam,71.86,1989,3,12.3,0.0,-0.111,-0.351,normal
1778049958.202427,beam,89.61,2538,3,23.81,0.0,0.076,-0.337,normal
1778050502.7291653,beam,75.75,3493,2,100.0,0.0,1.004,-1.696,racing
1778050644.8257842,beam,102.33,3038,3,55.47,0.0,0.311,-3.437,racing
1778050645.8332143,beam,104.8,3091,3,55.47,0.0,0.632,-3.563,racing
1778050657.5406537,beam,106.33,2818,3,0.0,34.92,-4.306,10.824,racing
1778049860.1670651,beam,88.87,2569,3,29.76,0.0,0.095,0.34,normal
1778049987.7820992,beam,52.88,1872,3,25.4,0.0,0.25,0.48,normal
1778050057.7793405,beam,48.9,1987,3,32.14,0.0,1.008,4.398,normal
1778049881.728229,beam,94.46,2703,3,30.16,0.0,0.018,-0.563,normal
1778051008.395285,beam,98.95,4362,2,97.66,0.0,1.183,1.767,racing
1778050243.43813,beam,63.39,1809,3,14.29,0.0,-0.119,0.21,normal
1778050964.6959977,beam,83.56,3759,2,77.73,0.0,1.139,-0.627,racing
1778050669.0933306,beam,117.25,3436,3,76.56,0.0,0.578,1.315,racing
1778050875.3613706,beam,112.78,4904,2,100.0,0.0,0.65,-8.259,racing
1778050928.50687,beam,97.81,2874,3,45.63,0.0,0.247,0.176,racing
1778050807.276333,beam,118.14,5123,2,100.0,0.0,0.688,-0.739,racing
1778050026.949879,beam,87.94,2525,3,26.98,0.0,-0.14,-1.326,normal
1778049928.5131955,beam,77.66,2286,3,26.19,0.0,0.086,0.343,normal
1778049828.9135396,beam,62.58,2145,3,34.13,0.0,0.421,-0.87,normal
1778050063.8931005,beam,64.69,2314,3,44.44,0.0,0.836,2.006,normal
1778050742.6395662,beam,129.17,3557,3,1.59,0.0,-0.297,-3.0,racing
1778050497.2640054,beam,59.28,3997,2,58.99,0.0,0.851,3.205,racing
1778049930.6268303,beam,77.67,2287,3,26.19,0.0,-0.034,0.032,normal
1778050658.5461109,beam,103.03,2949,3,38.49,0.0,0.128,0.087,racing
1778050134.3114254,beam,92.51,2644,3,28.57,0.0,0.074,0.153,normal
1778049890.977471,beam,78.59,2022,3,0.0,13.1,-2.007,0.713,normal
1778050304.82265,beam,63.92,2040,3,26.19,0.0,0.205,0.327,normal
1778049913.3978174,beam,71.45,2168,3,26.98,0.0,0.17,1.818,normal
1778050130.9143448,beam,92.01,2635,3,28.97,0.0,0.049,-0.116,normal
1778050749.483462,beam,93.37,4122,2,75.0,0.0,1.157,0.383,racing
1778049909.646198,beam,68.86,2122,3,26.98,0.0,0.041,-2.059,normal
1778050179.5519228,beam,74.97,1944,3,2.38,0.0,-0.929,-1.486,normal
1778050067.3601398,beam,72.32,2404,3,44.05,0.0,0.585,1.035,normal
1778050866.9740374,beam,79.17,3612,2,100.0,0.0,1.254,1.706,racing
1778050723.6931927,beam,128.81,3628,3,46.43,0.0,-0.01,-2.508,racing
1778050855.997403,beam,79.57,1638,3,0.0,100.0,-23.813,15.892,racing
1778050547.1881764,beam,148.73,4150,3,58.99,0.0,0.067,1.35,racing
1778050277.2989166,beam,57.94,1719,3,15.87,0.0,-0.252,0.395,normal
1778050948.970716,beam,93.51,2938,3,78.91,5.56,0.189,0.628,racing
1778050000.2984564,beam,84.89,2500,3,32.14,0.0,0.584,0.739,normal
1778049998.4148402,beam,80.55,2404,3,31.74,0.0,0.36,-3.909,normal
1778050994.9954646,beam,73.69,3078,2,0.0,32.14,-3.897,5.784,racing
1778050980.7265525,beam,109.9,3259,3,70.7,0.0,0.489,-1.23,racing
1778051023.7583263,beam,32.76,772,2,0.0,0.0,0.21,4.769,racing
1778050788.763817,beam,88.58,2495,3,21.43,0.0,-0.147,-0.875,racing
1778050243.5526495,beam,63.31,1808,3,14.29,0.0,-0.172,-0.462,normal
1778050686.1901555,beam,25.48,770,2,0.0,0.0,-1.154,1.543,racing
1778050190.6160994,beam,51.96,1367,3,3.97,0.0,-0.387,-0.853,normal
1778050977.3325694,beam,104.18,4514,2,45.24,0.0,0.307,-5.139,racing
1778049919.2625892,beam,74.67,2226,3,26.59,0.0,0.133,-0.432,normal
1778050011.9130995,beam,87.73,2512,3,26.59,0.0,-0.037,-0.301,normal
1778050496.501385,beam,57.19,4696,1,62.11,0.0,0.633,-13.86,racing
1778049876.095129,beam,93.24,2673,3,30.16,0.0,0.095,0.47,normal
1778051001.7774017,beam,68.18,3222,2,100.0,0.0,1.467,-0.049,racing
1778050551.3904128,beam,148.63,4148,3,58.2,0.0,-0.063,-0.509,racing
1778050743.1877866,beam,122.2,3250,3,0.0,57.42,-6.75,6.524,racing
1778050811.0240026,beam,128.12,5525,2,100.0,0.0,0.845,-2.479,racing
1778050977.7842178,beam,104.93,4552,3,57.81,0.0,0.567,-0.075,racing
1778051023.3111928,beam,33.25,775,2,0.0,0.0,-0.397,1.128,racing
1778050595.8792424,beam,84.41,3807,2,100.0,0.0,1.347,-0.198,racing
1778050739.6897576,beam,128.34,3617,3,47.62,0.0,0.047,-1.036,racing
1778050807.396089,beam,118.5,5136,2,100.0,0.0,0.84,1.27,racing
1778050599.2240417,beam,75.04,3071,3,36.11,0.0,-0.064,5.829,racing
1778050910.1141024,beam,110.61,4821,2,100.0,0.0,0.871,-0.219,racing
1778050603.5073044,beam,83.71,2415,3,52.34,0.0,0.069,3.654,racing
1778050213.4479704,beam,65.45,2001,3,23.81,0.0,0.42,-0.522,normal
1778049964.8022945,beam,91.78,2590,3,23.81,0.0,0.087,0.411,normal
1778049840.8967185,beam,77.55,2332,3,30.55,0.0,0.184,-0.455,normal
1778050212.3308892,beam,63.74,1983,3,23.81,0.0,0.614,2.063,normal
1778050728.3775008,beam,130.71,3681,3,49.6,0.0,0.166,-0.467,racing
1778050148.522802,beam,63.17,1880,3,18.65,4.76,-0.374,-2.08,normal
1778050545.7875588,beam,148.75,4149,3,58.59,0.0,0.153,2.634,racing
1778050950.2031274,beam,96.54,2994,3,78.12,0.0,0.522,-1.828,racing
1778050247.2028053,beam,59.34,1714,3,13.49,0.0,-0.398,1.361,normal
1778050982.1278818,beam,112.59,3322,3,71.88,0.0,0.556,1.245,racing
1778050075.413437,beam,79.39,2327,3,25.4,0.0,-0.028,-2.044,normal
1778050683.4040809,beam,45.58,774,3,0.0,0.0,-1.016,3.037,racing
1778050896.3984616,beam,109.44,4774,2,100.0,0.0,0.923,0.136,racing
1778050230.226788,beam,71.26,1979,3,12.7,0.0,-0.123,0.156,normal
1778049838.9296618,beam,76.09,2323,3,32.14,0.0,0.516,2.446,normal
1778049986.853695,beam,52.16,1848,3,26.19,0.0,0.168,-0.03,normal
1778050994.126079,beam,83.39,3486,2,0.0,0.0,-1.209,-0.705,racing
1778049979.5543556,beam,59.03,1609,3,7.54,0.0,-0.562,1.681,normal
1778050788.6571558,beam,88.63,2497,3,21.43,0.0,-0.054,1.517,racing
1778049912.629215,beam,70.97,2160,3,26.98,0.0,0.198,0.293,normal
1778050990.2436593,beam,82.24,2286,3,15.08,0.0,-0.514,-1.055,racing
1778050302.5132306,beam,62.08,1981,3,26.19,0.0,0.157,-0.193,normal
1778049885.0124416,beam,95.1,2718,3,30.16,0.0,-0.005,-1.068,normal
1778050218.57436,beam,75.04,2186,3,23.02,0.0,0.588,1.145,normal
1778050554.785748,beam,109.17,2892,3,0.0,83.98,-9.1,-8.135,racing
1778050021.6794355,beam,87.31,2509,3,26.98,0.0,0.025,0.502,normal
1778050814.3169172,beam,112.08,2967,3,0.0,0.0,-0.77,-1.249,racing
1778050570.0335467,beam,96.77,2966,3,66.41,0.0,0.3,-0.941,racing
1778050257.4339216,beam,49.1,1526,3,14.29,0.0,-0.016,0.008,normal
1778050656.0324335,beam,120.81,3213,3,0.0,0.0,-1.256,-0.881,racing
1778050613.4574733,beam,67.63,2682,2,100.0,0.0,0.75,1.01,racing
1778050107.5711832,beam,88.27,2547,3,28.97,0.0,0.083,0.035,normal
1778050096.0838828,beam,84.51,2468,3,29.36,0.0,0.222,1.274,normal
1778050642.6838186,beam,99.66,2984,3,55.86,0.0,0.237,0.141,racing
1778050007.545622,beam,86.44,2529,3,31.35,0.0,0.066,1.416,normal
1778050142.2888367,beam,77.38,1970,3,0.0,0.0,-0.684,2.277,normal
1778050065.2598443,beam,67.85,2354,3,44.44,0.0,0.583,-0.589,normal
1778050694.7634444,beam,36.71,3238,1,100.0,7.94,1.848,0.325,racing
1778050227.9934142,beam,72.14,2009,3,13.49,0.0,0.033,2.737,normal
1778049887.0137055,beam,94.39,2473,3,0.0,0.0,-0.79,2.574,normal
1778050654.377602,beam,124.44,3550,3,54.69,0.0,0.045,2.154,racing
1778049878.8140042,beam,93.83,2688,3,30.16,0.0,0.018,-0.269,normal
1778050755.2514884,beam,106.88,3204,3,75.39,0.0,0.482,-1.116,racing
1778050174.3661284,beam,85.31,2303,3,7.54,0.0,-0.565,-0.469,normal
1778050060.8690062,beam,56.72,2236,3,44.05,0.0,0.763,0.053,normal
1778051004.2930486,beam,81.22,3686,2,100.0,0.0,1.469,1.101,racing
1778050886.4810588,beam,82.51,2745,3,75.0,0.0,-0.301,-2.864,racing
1778050020.3963604,beam,87.34,2510,3,26.98,0.0,-0.037,-0.309,normal
1778050978.6760285,beam,106.35,3140,3,58.59,0.0,0.491,-0.023,racing
1778050788.1942012,beam,88.77,2586,3,30.16,0.0,0.122,-0.566,racing
1778049840.2286537,beam,77.05,2314,3,29.76,0.0,0.165,-0.899,normal
1778050132.5952754,beam,92.28,2639,3,28.57,0.0,0.04,0.424,normal
1778050537.0064178,beam,146.69,4143,3,90.23,0.0,0.302,-0.361,racing
1778050121.396829,beam,90.5,2591,3,28.17,0.0,0.037,0.198,normal
1778050189.6468594,beam,53.27,1409,3,4.76,0.0,-0.396,0.397,normal
1778050209.8496566,beam,61.46,1932,3,23.81,0.0,0.191,0.497,normal
1778050495.6516354,beam,52.54,4373,1,100.0,0.0,1.871,2.231,racing
1778050578.899814,beam,115.43,3399,3,77.73,0.0,0.561,-0.131,racing
1778050567.3199475,beam,96.19,3812,3,81.25,0.0,0.435,1.13,racing
1778050062.7992666,beam,61.97,2287,3,44.44,0.0,0.732,-0.049,normal
1778050660.1439204,beam,104.23,3099,3,58.59,0.0,0.451,-0.06,racing
1778050505.5797818,beam,88.84,3972,2,100.0,0.0,1.316,0.026,racing
1778050543.1232378,beam,148.24,4141,3,59.77,0.0,-0.126,-3.773,racing
1778049864.864262,beam,90.06,2603,3,30.55,0.0,0.025,-1.496,normal
1778050054.8702836,beam,42.98,1739,3,25.4,0.0,0.342,-0.293,normal
1778050588.493081,beam,95.83,2837,3,42.86,0.0,0.022,-0.934,racing
1778050721.70598,beam,126.62,3624,3,62.5,0.0,0.352,0.253,racing
1778050092.0596623,beam,83.12,2412,3,26.98,0.0,0.006,-2.521,normal
1778049812.711274,beam,2.26,1244,1,25.4,0.0,1.391,5.796,normal
1778050224.3621018,beam,73.38,1918,3,5.56,0.0,-0.526,-0.188,normal
1778050940.2390668,beam,100.42,3084,3,64.45,0.0,0.496,-4.241,racing
1778050529.6384914,beam,138.27,3899,3,60.94,0.0,0.253,0.227,racing
1778050306.8051407,beam,62.4,1393,3,0.0,0.0,-0.099,3.409,normal
1778050602.7216735,beam,83.39,2714,3,58.2,0.0,0.724,-1.692,racing
1778050575.434512,beam,108.33,3242,3,79.3,0.0,0.698,0.751,racing
1778050078.191664,beam,80.27,2346,3,26.59,0.0,0.024,-0.581,normal
1778050011.1501722,beam,87.63,2548,3,30.55,0.0,0.098,0.616,normal
1778050988.2138958,beam,93.37,3913,2,0.0,0.0,-0.997,0.012,racing
1778050061.6130197,beam,58.87,2258,3,44.44,0.0,0.701,-2.716,normal
1778049922.111568,beam,76.12,2260,3,26.98,0.0,0.193,0.472,normal
1778050789.8750296,beam,86.91,2262,3,0.0,0.0,-0.873,0.383,racing
1778049928.183119,beam,77.62,2285,3,26.19,0.0,0.062,0.585,normal
1778050030.6271844,beam,80.4,2180,3,8.73,0.0,-0.49,1.02,normal
1778050258.768377,beam,50.06,1532,3,14.29,0.0,0.362,0.529,normal
1778050930.7692769,beam,97.94,2574,3,0.0,0.0,-0.915,0.048,racing
1778050639.653288,beam,98.22,2952,3,55.08,0.0,0.121,-0.084,racing
1778050831.4833307,beam,91.88,2910,3,80.08,0.0,0.703,0.159,racing
1778050493.4180374,beam,35.81,3183,1,100.0,0.0,2.328,-2.0,racing
1778050957.4350011,beam,88.07,2320,3,0.0,50.0,-5.246,2.376,racing
1778050247.5538504,beam,58.75,1707,3,14.29,0.0,-0.444,0.281,normal
1778050966.8816416,beam,83.62,2832,3,64.45,0.0,1.082,8.112,racing
1778050146.2092755,beam,65.76,1857,3,13.49,5.56,-0.839,-1.691,normal
1778049897.2161112,beam,59.89,1791,3,17.46,0.0,0.075,-1.399,normal
1778050105.25161,beam,87.49,2533,3,29.36,0.0,0.107,0.046,normal
1778050004.0285282,beam,87.39,2553,3,31.35,0.0,-0.001,-0.195,normal
1778050869.292668,beam,90.06,4019,2,100.0,0.0,1.219,1.735,racing
1778050759.1295726,beam,114.47,3357,3,68.36,0.0,0.441,-1.407,racing
1778050118.017881,beam,90.25,2575,3,26.98,0.0,0.038,0.929,normal
1778050627.9343915,beam,62.2,3025,2,100.0,0.0,1.522,0.838,racing
1778050692.5693426,beam,29.2,2380,2,100.0,6.75,0.865,1.771,racing
1778050540.8758051,beam,148.02,4135,3,58.99,0.0,0.078,-0.525,racing
1778050724.455231,beam,129.1,3633,3,46.83,0.0,0.119,-0.315,racing
1778049930.8540597,beam,77.68,2287,3,26.19,0.0,0.018,0.079,normal
1778050806.8542624,beam,117.0,5077,2,100.0,0.0,0.724,-1.196,racing
1778050502.618276,beam,75.35,3478,2,100.0,0.0,1.192,-0.574,racing
1778050067.132434,beam,71.89,2397,3,44.05,0.0,0.635,1.131,normal
1778050941.3536882,beam,102.64,3081,3,63.67,0.0,0.594,1.351,racing
1778050548.9913244,beam,148.63,4149,3,58.59,0.0,-0.069,0.421,racing
1778050097.9381192,beam,85.19,2471,3,27.78,0.0,0.058,-1.055,normal
1778050925.2916858,beam,118.63,3143,3,0.0,0.0,-0.848,34.515,racing
1778050063.3269398,beam,63.3,2300,3,44.44,0.0,0.717,-0.411,normal
1778050001.617315,beam,86.72,2542,3,32.14,0.0,0.312,0.248,normal
1778049878.5833724,beam,93.8,2687,3,30.16,0.0,0.082,0.125,normal
1778050506.8494124,beam,94.42,4185,2,100.0,0.0,1.263,1.036,racing
1778050894.1289473,beam,101.28,4453,2,100.0,0.0,1.083,-0.53,racing
1778050820.7693286,beam,66.0,1576,3,0.0,0.0,-0.571,-0.136,racing
1778049849.4307592,beam,83.5,2463,3,31.35,0.0,0.255,1.059,normal
1778050872.6620386,beam,103.46,4537,2,100.0,0.0,1.004,0.25,racing
1778050901.3792276,beam,88.93,2315,3,0.0,0.0,-0.769,0.663,racing
1778050234.624478,beam,68.33,1918,3,13.49,0.0,-0.157,0.111,normal
1778050836.3341377,beam,102.6,3126,3,81.25,0.0,0.449,0.534,racing
1778050955.433121,beam,100.38,2645,3,0.0,0.0,-0.983,-1.131,racing
1778050653.0504875,beam,124.11,3543,3,55.47,0.0,0.273,0.601,racing
1778050176.034057,beam,82.49,2242,3,9.52,0.0,-0.333,1.997,normal
1778049822.580752,beam,49.92,2016,3,33.33,0.0,0.503,-0.713,normal
1778050731.7543612,beam,131.88,3706,3,48.81,0.0,0.115,0.094,racing
1778050562.221062,beam,76.1,3479,2,73.44,0.0,1.206,-0.604,racing
1778050671.403692,beam,103.56,2743,3,0.0,42.46,-5.251,-3.028,racing
1778049980.4400384,beam,57.13,1615,3,11.51,0.0,-0.482,1.153,normal
1778050216.8708768,beam,71.92,2119,3,23.02,0.0,0.601,0.796,normal
1778050707.3352962,beam,91.81,4083,2,100.0,4.76,0.722,-0.662,racing
1778050223.3917255,beam,75.3,1902,3,0.0,0.0,-0.473,1.171,normal
1778050103.2848644,beam,86.74,2507,3,28.97,0.0,0.095,0.479,normal
1778050720.729786,beam,125.47,3594,3,61.72,0.0,0.316,-0.117,racing
1778049978.220811,beam,61.97,1691,3,8.73,0.0,-0.534,0.465,normal
1778050549.657898,beam,148.65,4149,3,58.59,0.0,0.023,0.888,racing
1778050959.9666443,beam,75.74,1918,3,0.0,0.0,-0.894,-0.882,racing
1778050502.2846873,beam,73.95,3428,2,100.0,0.0,1.213,2.501,racing
1778050292.4205112,beam,58.0,1843,3,21.43,0.0,0.171,1.063,normal
1778050225.6580038,beam,72.56,2018,3,13.49,0.0,-0.082,-1.925,normal
1778050630.848998,beam,77.76,3562,2,100.0,0.0,1.427,-0.307,racing
1778050041.719999,beam,53.83,1732,3,19.44,0.0,-0.367,1.355,normal
1778050672.073841,beam,100.23,2638,3,3.57,0.0,-1.184,1.396,racing
1778049874.4319174,beam,92.85,2664,3,30.16,0.0,0.044,-0.202,normal
1778050981.6981118,beam,111.76,3303,3,71.88,0.0,0.664,1.648,racing
1778050883.820071,beam,86.27,2706,3,51.17,0.0,-0.843,-6.577,racing
1778051019.1286902,beam,37.97,766,3,0.0,71.88,-2.545,0.438,racing
1778050147.7589693,beam,63.96,1894,3,18.65,5.56,-0.35,-3.399,normal
1778051011.2097912,beam,109.22,4763,2,98.83,0.0,1.071,-1.074,racing
1778050704.9363737,beam,85.1,3829,2,100.0,4.37,0.968,4.31,racing
1778050845.847162,beam,114.18,3386,3,100.0,0.0,1.208,-0.279,racing
1778050839.4137905,beam,104.93,4593,2,100.0,0.0,0.559,-4.4,racing
1778050686.7685015,beam,23.25,768,1,0.0,0.0,-0.961,0.015,racing
1778050813.803298,beam,113.16,2995,3,0.0,0.0,-0.558,25.176,racing
1778050781.1618114,beam,96.15,2524,3,0.0,0.0,-0.882,-0.23,racing
1778050315.3176672,beam,33.29,776,2,0.0,24.21,-2.981,-5.237,normal
1778050537.540352,beam,147.26,4150,3,77.73,0.0,0.32,0.58,racing
1778050650.515574,beam,120.03,3442,3,55.47,0.0,0.881,0.188,racing
1778049852.3276703,beam,85.25,2502,3,31.35,0.0,0.179,0.535,normal
1778050024.725385,beam,87.31,2509,3,26.98,0.0,0.006,-0.051,normal
1778050826.687985,beam,79.09,2592,3,55.08,0.0,0.572,-1.126,racing
1778050004.498538,beam,87.26,2548,3,31.35,0.0,-0.157,-0.99,normal
1778050225.7718706,beam,72.56,2018,3,12.7,0.0,0.009,0.796,normal
1778050223.821017,beam,74.45,1875,3,0.0,0.0,-0.578,0.28,normal
1778050564.9482534,beam,88.14,3938,2,82.81,0.0,1.189,0.55,racing
1778050755.3651562,beam,107.11,3209,3,75.39,0.0,0.578,0.845,racing
1778050071.1943605,beam,77.87,2290,3,26.59,0.0,0.133,-0.197,normal
1778050291.0616715,beam,57.58,1820,3,20.63,0.0,-0.112,-1.243,normal
1778050590.2456248,beam,83.64,2166,3,0.0,0.0,-0.938,-0.251,racing
1778050684.6376126,beam,40.54,772,2,0.0,0.0,-1.25,-0.186,racing
1778050542.17402,beam,148.13,4136,3,58.59,0.0,-0.019,-0.793,racing
1778050725.7288415,beam,129.57,3654,3,49.6,0.0,0.095,0.484,racing
1778050971.4458704,beam,78.16,3522,2,100.0,0.0,1.183,9.458,racing
1778050233.124982,beam,69.15,1942,3,14.29,0.0,-0.101,1.64,normal
1778050717.133392,beam,120.22,5205,2,100.0,0.0,0.751,0.165,racing
1778050860.5796468,beam,50.46,2409,3,100.0,0.0,1.116,-0.483,racing
1778050875.8088615,beam,113.89,4954,2,100.0,0.0,0.564,-2.207,racing
1778050810.909681,beam,127.77,5510,2,100.0,0.0,1.128,1.589,racing
1778050607.7445922,beam,97.85,4318,2,100.0,0.0,1.157,0.577,racing
1778049939.749374,beam,78.45,2293,3,25.4,0.0,0.051,-0.069,normal
1778050904.211013,beam,90.5,2938,2,100.0,0.0,-0.157,-8.55,racing
1778050772.3156638,beam,92.53,2759,3,42.86,0.0,0.206,0.646,racing
1778049967.721902,beam,89.54,2334,3,0.0,0.0,-0.777,0.295,normal
1778050969.5984557,beam,73.11,2583,3,98.05,0.0,0.864,-0.041,racing
1778050776.8967788,beam,96.9,2851,3,43.25,0.0,0.275,-0.276,racing
1778050960.078401,beam,75.42,1908,3,0.0,0.0,-0.791,0.927,racing
1778050801.0739615,beam,97.57,4309,2,100.0,0.0,1.109,-0.028,racing
1778050690.6038055,beam,29.65,2282,1,0.0,0.0,-1.971,-0.225,racing
1778050940.12034,beam,100.21,3183,3,64.06,0.0,1.0,7.218,racing
1778049907.4158168,beam,66.82,2086,3,26.98,0.0,0.299,0.25,normal
1778050064.11657,beam,65.23,2320,3,44.44,0.0,0.73,1.095,normal
1778050101.7557714,beam,86.26,2500,3,28.97,0.0,0.112,0.568,normal
1778050751.7516422,beam,99.05,3039,3,75.39,0.0,0.611,-0.306,racing
1778050000.7310965,beam,85.61,2517,3,32.14,0.0,0.335,-1.821,normal
1778050580.8847022,beam,109.72,2903,3,0.0,0.0,-0.831,0.215,racing
1778050645.620871,beam,104.17,3078,3,55.47,0.0,0.484,-3.337,racing
1778049903.734027,beam,62.81,2023,3,26.98,0.0,0.321,-0.011,normal
1778051020.3408127,beam,38.85,775,2,0.0,67.58,-11.44,10.205,racing
1778049875.4304104,beam,93.09,2669,3,30.16,0.0,0.093,0.539,normal
1778049834.275668,beam,70.6,2254,3,34.13,0.0,0.356,-1.072,normal
1778049992.1877098,beam,61.33,2086,3,32.14,0.0,0.887,1.086,normal
1778050033.2067504,beam,77.1,2124,3,11.51,0.0,-0.436,-0.15,normal
1778050180.2027197,beam,73.35,1927,3,3.17,0.0,-0.69,0.085,normal
1778050719.2239256,beam,124.02,5282,2,31.35,0.0,-0.192,1.95,racing
1778049910.727923,beam,69.72,2137,3,26.98,0.0,0.323,1.316,normal
1778049880.8484645,beam,94.3,2698,3,30.16,0.0,0.053,0.236,normal
1778050829.6202967,beam,86.96,2822,3,80.86,0.0,0.953,1.065,racing
1778050747.1078446,beam,87.22,2775,3,68.36,0.0,0.664,0.418,racing
1778050028.7262306,beam,84.93,2202,3,0.0,0.0,-0.874,-0.252,normal
1778049829.697122,beam,63.85,2161,3,34.13,0.0,0.36,-0.955,normal
1778050542.919363,beam,148.19,4142,3,59.77,0.0,-0.082,-0.369,racing
1778050796.3620968,beam,77.01,3534,2,100.0,0.0,1.442,1.036,racing
1778050970.2332096,beam,75.29,2652,3,100.0,0.0,0.93,-0.649,racing
1778050741.4077427,beam,128.97,3632,3,47.62,0.0,0.115,-0.229,racing
1778050511.99796,beam,113.18,4923,2,100.0,0.0,0.885,0.083,racing
1778049907.5178766,beam,66.93,2088,3,26.98,0.0,0.283,-0.151,normal
1778049968.706498,beam,86.59,2249,3,0.0,0.0,-0.861,-0.448,normal
1778050504.335511,beam,83.04,3754,2,100.0,0.0,1.524,2.473,racing
1778050551.7079487,beam,148.68,4148,3,58.2,0.0,0.041,-0.344,racing
1778050628.9576366,beam,67.79,3210,2,100.0,0.0,1.509,-0.108,racing
1778050937.6331186,beam,98.31,3087,2,100.0,0.0,-0.188,-8.278,racing
1778050899.3862438,beam,97.15,2556,3,0.0,0.0,-0.997,-3.295,racing
1778050768.1319704,beam,89.75,2707,3,44.44,0.0,0.319,-1.892,racing
1778050740.8566444,beam,128.78,3627,3,47.62,0.0,0.219,1.32,racing
1778050968.9483418,beam,72.32,1813,3,1.19,0.0,-0.724,1.938,racing
1778050125.1292422,beam,91.01,2605,3,28.97,0.0,0.082,0.885,normal
1778050016.3244748,beam,87.45,2512,3,26.98,0.0,-0.01,0.335,normal
1778050103.5021236,beam,86.83,2514,3,29.36,0.0,0.102,-0.165,normal
1778050194.4792042,beam,50.12,1666,3,18.65,0.0,0.136,-0.352,normal
1778050982.2312274,beam,112.82,3327,3,71.09,0.0,0.6,0.425,racing
1778051003.7610211,beam,78.52,3588,2,100.0,0.0,1.41,2.693,racing
1778050772.5295224,beam,92.65,2764,3,43.25,0.0,0.115,-0.776,racing
1778050814.525506,beam,111.72,2959,3,0.0,0.0,-0.421,1.043,racing
1778050514.220401,beam,119.58,5181,2,100.0,0.0,0.735,-0.485,racing
1778050188.7811637,beam,54.57,1418,3,3.57,0.0,-0.519,-0.652,normal
1778050923.8872287,beam,134.57,3828,3,69.14,0.0,0.329,-0.209,racing
1778050877.5905862,beam,118.53,5143,2,100.0,0.0,0.615,0.002,racing
1778050697.6698475,beam,55.39,4574,1,100.0,1.59,1.862,3.121,racing
1778050814.420242,beam,111.88,2962,3,0.0,0.0,-0.531,2.321,racing
1778050042.3715177,beam,52.34,1710,3,19.44,0.0,-0.676,-2.085,normal
1778050031.9776042,beam,78.52,2161,3,12.3,0.0,-0.223,1.065,normal
1778050978.3482945,beam,105.78,3208,3,58.59,0.0,0.853,5.518,racing
1778050898.402307,beam,99.58,4166,2,0.0,0.0,-1.091,0.739,racing
1778050792.9042304,beam,70.0,1907,3,8.73,0.0,-0.407,1.696,racing
1778050544.9366822,beam,148.7,4150,3,58.99,0.0,-0.095,-2.07,racing
1778049871.612929,beam,92.09,2646,3,30.16,0.0,0.011,-1.273,normal
1778049970.6243525,beam,78.8,2023,3,0.0,7.54,-1.587,-0.63,normal
1778050810.122151,beam,125.35,5414,2,100.0,0.0,0.426,-2.048,racing
1778050098.1524005,beam,85.23,2469,3,27.78,0.0,0.02,-0.533,normal
1778050020.6295974,beam,87.33,2510,3,26.98,0.0,-0.012,-0.033,normal
1778050253.2984989,beam,50.81,1509,3,12.7,0.0,-0.297,0.232,normal
1778050114.299355,beam,89.94,2587,3,28.97,0.0,0.062,-0.041,normal
1778050666.9627447,beam,113.42,3347,3,75.39,0.0,0.461,-0.324,racing
1778050696.9378862,beam,50.85,4237,1,100.0,4.37,1.724,-1.052,racing
1778050018.9874315,beam,87.35,2510,3,26.98,0.0,-0.01,-0.022,normal
1778051008.728616,beam,100.17,4416,2,98.44,0.0,0.886,-1.41,racing
1778050623.9730182,beam,50.87,945,3,0.0,0.0,-1.294,3.738,racing
1778050883.931562,beam,86.28,2703,3,52.34,0.0,0.02,7.738,racing
1778050640.9124544,beam,98.68,2961,3,55.08,0.0,0.113,0.633,racing
1778050042.4816303,beam,51.88,1712,3,19.44,0.0,-1.149,-4.299,normal
1778050953.414245,beam,103.82,3145,3,78.91,0.0,0.68,1.149,racing
1778050618.8259585,beam,95.9,3611,3,62.11,0.0,0.663,1.999,racing
1778049866.4821122,beam,90.61,2612,3,30.16,0.0,0.103,0.154,normal
1778050611.3460162,beam,58.53,841,3,18.65,0.0,-0.06,-0.829,racing
1778049903.2978675,beam,62.34,2015,3,26.19,0.0,0.275,-0.71,normal
1778050203.940205,beam,57.68,1864,3,22.62,0.0,0.243,0.924,normal
1778050510.2314649,beam,107.48,4694,2,100.0,0.0,0.958,-0.099,racing
1778050684.07313,beam,42.9,771,3,0.0,0.0,-0.89,4.251,racing
1778050911.4420009,beam,114.74,4987,2,100.0,0.0,0.813,-0.811,racing
1778050050.6025288,beam,41.33,1673,3,21.43,0.0,-0.039,-0.196,normal
1778050947.1859446,beam,91.4,2827,3,57.81,2.38,0.21,3.924,racing
1778050617.2922528,beam,90.3,4026,2,100.0,0.0,1.326,-1.006,racing
1778050942.1181033,beam,104.11,3113,3,63.67,0.0,0.578,0.808,racing
1778049855.4631698,beam,86.98,2540,3,31.35,0.0,0.162,-0.085,normal
1778050032.7736256,beam,77.61,2141,3,12.7,0.0,-0.285,-0.529,normal
1778050561.1491957,beam,74.28,3410,2,76.95,0.0,1.361,1.933,racing
1778050638.771381,beam,97.77,2945,3,55.08,0.0,0.233,0.301,racing
1778051005.405302,beam,86.17,3873,2,100.0,0.0,1.372,3.437,racing
1778049952.2960148,beam,82.5,2358,3,23.02,0.0,0.343,0.058,normal
1778050823.9876084,beam,72.53,2369,3,41.27,0.0,0.547,-2.722,racing
1778050893.913122,beam,100.42,4419,2,100.0,0.0,1.096,0.197,racing
1778050290.626445,beam,57.51,1819,3,20.63,0.0,-0.001,-0.575,normal
1778050013.5965722,beam,87.68,2518,3,26.98,0.0,-0.04,0.336,normal
1778050985.3823917,beam,92.05,2642,3,57.03,0.0,0.139,9.443,racing
1778049922.9786396,beam,76.42,2263,3,26.59,0.0,0.057,-0.741,normal
1778050845.1658747,beam,111.23,3320,3,100.0,0.0,1.133,-1.629,racing
1778049957.0861225,beam,89.11,2525,3,23.81,0.0,0.393,-0.892,normal
1778050721.8115556,beam,126.75,3626,3,62.5,0.0,0.351,-0.003,racing
1778049863.8811536,beam,89.74,2571,3,28.17,0.0,0.088,0.608,normal
1778050120.060784,beam,90.34,2580,3,28.17,0.0,0.021,-0.194,normal
1778050876.258637,beam,115.22,5006,2,100.0,0.0,0.791,-0.49,racing
1778049993.2864215,beam,64.66,2129,3,31.74,0.0,0.872,0.946,normal
1778050986.8119605,beam,94.96,2988,3,100.0,0.0,0.439,-2.661,racing
1778049939.513028,beam,78.41,2291,3,25.4,0.0,0.085,-0.293,normal
1778050089.125293,beam,82.37,2384,3,25.4,0.0,0.051,-0.093,normal
1778049943.6756504,beam,79.25,2306,3,25.0,0.0,0.151,-1.423,normal
1778050681.4494128,beam,57.91,1278,3,0.0,0.0,-1.036,-0.708,racing
1778050945.5012622,beam,94.06,2464,3,0.0,2.38,-1.338,1.176,racing
1778050594.277562,beam,77.3,2914,2,100.0,0.0,0.127,1.371,racing
1778050963.498093,beam,78.26,3557,2,86.33,0.0,1.589,4.288,racing
1778049859.084505,beam,88.5,2561,3,29.76,0.0,0.098,0.137,normal
1778050735.1277092,beam,127.09,3559,3,40.48,0.0,-0.07,-0.775,racing
1778049906.6774757,beam,66.07,2074,3,26.98,0.0,0.291,0.123,normal
1778050137.9967566,beam,90.0,2347,3,0.0,0.0,-0.867,-0.523,normal
1778050568.702212,beam,95.8,2867,3,64.06,0.0,0.328,4.191,racing
1778050553.1409838,beam,145.77,3893,3,0.0,0.0,-1.131,-0.278,racing
1778050590.3476343,beam,83.32,2156,3,0.0,0.0,-0.874,0.635,racing
1778049871.081468,beam,91.97,2643,3,30.16,0.0,0.086,0.054,normal
1778050564.303215,beam,85.34,3830,2,82.03,0.0,1.317,0.488,racing
1778049935.344475,beam,77.27,2263,3,25.0,0.0,0.037,-1.271,normal
1778051010.296548,beam,105.74,4626,2,98.83,0.0,1.032,0.698,racing
1778050317.7693634,beam,6.43,750,1,0.0,28.97,-3.341,-4.607,normal
1778050692.2221556,beam,28.63,2375,2,100.0,17.46,0.264,-1.969,racing
1778050958.2147489,beam,83.17,2145,3,0.0,0.0,-0.868,0.12,racing
1778050195.1495342,beam,50.58,1702,3,20.63,0.0,0.219,0.301,normal
1778050840.3010955,beam,107.2,4682,2,100.0,0.0,0.839,0.479,racing
1778050136.6396832,beam,92.74,2614,3,21.83,0.0,-0.085,-0.365,normal
1778050279.42859,beam,56.15,1707,3,16.67,0.0,-0.146,-0.494,normal
1778050180.8862553,beam,71.76,1888,3,3.57,0.0,-0.657,0.567,normal
1778050799.15931,beam,89.93,4018,2,100.0,0.0,1.224,-0.136,racing
1778050656.8823862,beam,117.45,3120,3,0.0,0.0,-1.03,-0.05,racing
1778050935.1217036,beam,94.55,2698,3,29.36,0.0,0.018,-0.144,racing
1778051020.224355,beam,43.65,773,2,0.0,69.92,-12.629,-45.589,racing
1778050095.2031488,beam,84.07,2462,3,30.16,0.0,0.133,0.12,normal
1778050120.3799565,beam,90.37,2590,3,28.17,0.0,0.035,0.133,normal
1778050257.553611,beam,49.17,1526,3,14.29,0.0,0.171,1.557,normal
1778050135.043406,beam,92.6,2646,3,28.57,0.0,0.084,0.681,normal
1778050723.807737,beam,128.83,3628,3,47.62,0.0,0.044,0.472,racing
1778050562.0035732,beam,75.13,3455,2,76.56,0.0,0.913,0.134,racing
1778050804.311722,beam,109.32,4772,2,100.0,0.0,0.64,-2.559,racing
1778050216.6607623,beam,71.5,2111,3,23.02,0.0,0.543,0.325,normal
1778050946.852558,beam,91.4,2819,3,57.42,7.54,-0.302,-3.818,racing
1778050772.7436442,beam,92.8,2768,3,42.86,0.0,0.228,0.733,racing
1778050092.9541416,beam,83.4,2418,3,26.98,0.0,0.174,-0.014,normal
1778050100.3376722,beam,85.85,2482,3,27.78,0.0,0.064,-0.35,normal
1778050173.2824671,beam,87.38,2359,3,7.54,0.0,-0.586,0.226,normal
1778050742.754123,beam,128.53,3427,3,0.0,0.0,-1.563,-11.049,racing
1778050546.9705596,beam,148.74,4150,3,58.99,0.0,0.018,0.985,racing
1778049929.6495173,beam,77.69,2287,3,26.19,0.0,0.006,-0.531,normal
1778050293.6082015,beam,58.44,1850,3,21.43,0.0,0.154,0.571,normal
1778050961.231532,beam,72.91,2116,3,36.51,0.0,-0.422,-2.595,racing
1778050041.1658013,beam,54.98,1739,3,18.65,0.0,-0.501,-0.241,normal
1778050691.2515073,beam,28.11,2350,2,58.99,2.78,0.046,-1.533,racing
1778050080.9799154,beam,81.2,2361,3,26.19,0.0,0.048,-0.253,normal
1778050539.5101728,beam,147.62,4123,3,58.99,0.0,0.069,0.899,racing
1778050034.1700237,beam,74.6,1886,3,0.0,0.0,-1.072,-5.255,normal
1778050770.765451,beam,91.38,2715,3,40.48,0.0,0.16,1.319,racing
1778050922.1561291,beam,132.55,3779,3,68.75,0.0,0.29,-0.984,racing
1778050894.662827,beam,103.38,4533,2,100.0,0.0,1.085,-0.648,racing
1778049836.7172918,beam,73.67,2304,3,34.13,0.0,0.397,1.326,normal
1778049922.3350482,beam,76.18,2261,3,26.59,0.0,0.042,-0.735,normal
1778050727.7382574,beam,130.43,3675,3,49.6,0.0,0.033,-0.7,racing
1778050023.7287674,beam,87.29,2509,3,26.98,0.0,-0.002,-0.016,normal
1778050897.849783,beam,101.83,4268,2,0.0,0.0,-0.857,9.562,racing
1778050570.3637383,beam,97.29,2988,3,67.58,0.0,0.559,2.698,racing
1778049965.7695615,beam,91.7,2588,3,23.81,0.0,-0.125,-0.634,normal
1778050051.4662063,beam,41.27,1672,3,21.43,0.0,0.066,0.567,normal
1778049888.1143186,beam,91.02,2377,3,0.0,0.0,-0.891,-0.589,normal
1778049934.4630349,beam,77.12,2260,3,25.0,0.0,0.078,0.181,normal
1778050250.5648162,beam,54.1,1617,3,14.29,0.0,-0.47,-1.018,normal
1778050786.9948716,beam,87.88,2602,3,36.11,0.0,0.28,0.49,racing
1778050554.9859028,beam,101.26,2661,3,0.0,91.8,-12.026,-21.056,racing
1778050007.2397597,beam,86.46,2529,3,31.35,0.0,0.071,1.301,normal
1778050743.5048077,beam,114.19,3042,3,0.0,68.36,-7.16,0.683,racing
1778050100.7710154,beam,85.98,2485,3,27.78,0.0,0.05,-0.897,normal
1778050205.9123669,beam,59.08,1884,3,22.62,0.0,0.119,-0.825,normal
1778050795.445433,beam,73.18,2852,2,100.0,0.0,0.076,0.552,racing
1778049924.8952558,beam,77.14,2277,3,26.19,0.0,0.024,-0.961,normal
1778050663.5076609,beam,107.69,3157,3,57.03,0.0,0.369,0.036,racing
1778050059.6971438,beam,53.34,2209,3,44.05,0.0,0.874,0.673,normal
1778050781.493707,beam,95.12,2496,3,0.0,0.0,-0.915,-0.962,racing
1778050098.4690003,beam,85.36,2476,3,27.78,0.0,0.121,0.07,normal
1778049846.2480805,beam,81.36,2419,3,31.35,0.0,0.183,-0.047,normal
1778050102.4194014,beam,86.49,2507,3,28.97,0.0,0.051,-0.965,normal
1778050062.363307,beam,60.84,2276,3,44.44,0.0,0.748,0.725,normal
1778050837.2178173,beam,103.63,3149,3,82.03,0.0,0.307,-0.299,racing
1778050091.1889358,beam,82.89,2407,3,26.98,0.0,0.055,-1.017,normal
1778050599.02096,beam,75.3,3131,2,0.0,0.0,-1.075,-0.398,racing
1778050557.4397802,beam,68.45,1682,3,0.0,2.78,-1.029,2.586,racing
1778050049.2869692,beam,41.77,1676,3,21.43,0.0,-0.21,-0.87,normal
1778050155.9388876,beam,58.95,939,3,0.0,0.0,-0.371,0.604,normal
1778050931.392029,beam,96.0,2518,3,0.0,0.0,-0.884,-0.018,racing
1778050636.4197714,beam,94.69,2878,3,55.08,0.0,0.488,-0.165,racing
1778051012.974529,beam,117.01,5075,2,98.83,0.0,1.348,1.185,racing
1778050702.198026,beam,77.13,3538,2,100.0,6.75,0.997,1.871,racing
1778050258.4334624,beam,49.74,1521,3,13.49,0.0,0.057,-2.222,normal
1778049968.3869803,beam,87.53,2277,3,0.0,0.0,-0.866,0.138,normal
1778050829.9537194,beam,87.8,2837,3,80.86,0.0,0.651,-1.896,racing
1778050088.2877178,beam,82.21,2376,3,25.4,0.0,0.054,0.553,normal
1778050748.6347582,beam,90.14,3992,2,73.44,0.0,1.346,4.336,racing
1778050845.400325,beam,112.19,3342,3,100.0,0.0,1.057,-1.411,racing
1778050863.1144426,beam,59.32,2937,2,100.0,0.0,1.502,0.145,racing
1778050876.7214234,beam,116.45,5055,2,100.0,0.0,0.686,-0.189,racing
1778050608.929577,beam,103.29,4528,2,100.0,0.0,1.247,-1.164,racing
1778051013.286601,beam,118.44,5132,2,98.83,0.0,1.336,1.741,racing
1778049860.900354,beam,89.05,2573,3,29.76,0.0,-0.046,-2.388,normal
1778050735.477404,beam,127.09,3565,3,42.06,0.0,0.038,0.642,racing
1778049952.4076307,beam,82.64,2362,3,23.02,0.0,0.357,0.124,normal
1778050652.6170578,beam,123.84,3536,3,55.47,0.0,0.361,2.046,racing
1778050754.266368,beam,104.77,3158,3,75.39,0.0,0.354,-2.689,racing
1778050232.0060482,beam,69.9,1945,3,12.7,0.0,-0.347,-0.934,normal
1778049851.3325422,beam,84.67,2489,3,31.35,0.0,0.15,-0.423,normal
1778050683.9677258,beam,43.24,771,3,0.0,0.0,-1.338,0.823,racing
1778050568.0794308,beam,95.84,2710,3,26.98,0.0,-0.286,1.865,racing
1778050917.6621392,beam,130.33,5614,2,100.0,0.0,0.577,-0.836,racing
1778050912.2274404,beam,116.96,5077,2,100.0,0.0,0.802,0.323,racing
1778050680.917935,beam,62.25,1541,3,0.0,40.48,-4.611,5.696,racing
1778050644.9318008,beam,102.58,3042,3,55.47,0.0,0.639,3.095,racing
1778050559.314185,beam,68.57,2471,3,58.99,0.0,0.756,-0.74,racing
1778050081.8377657,beam,81.39,2366,3,26.19,0.0,0.039,-0.833,normal
1778049814.346364,beam,17.52,2002,1,33.73,0.0,2.473,0.246,normal
1778050039.0534613,beam,58.91,1811,3,19.44,0.0,-0.383,3.028,normal
1778049993.5170467,beam,65.38,2139,3,31.74,0.0,0.818,-0.982,normal
1778049888.6513348,beam,88.81,2311,3,0.0,0.0,-0.484,7.456,normal
1778050845.7340498,beam,113.69,3376,3,100.0,0.0,1.24,0.245,racing
1778050112.7164276,beam,89.57,2582,3,29.36,0.0,0.042,-0.864,normal
1778049962.6621442,beam,91.14,2575,3,23.81,0.0,0.076,-0.506,normal
1778050001.2754653,beam,86.4,2534,3,32.14,0.0,0.475,0.455,normal
1778050082.6906934,beam,81.54,2368,3,26.19,0.0,0.04,-0.333,normal
1778050235.072621,beam,68.06,1913,3,14.29,0.0,-0.228,-1.258,normal
1778050067.245817,beam,72.08,2400,3,44.05,0.0,0.467,-1.487,normal
1778049862.2444243,beam,89.51,2584,3,29.76,0.0,0.053,0.201,normal
1778050560.8339603,beam,72.9,3369,2,80.08,0.0,1.432,-0.501,racing
1778050282.5394611,beam,55.38,1693,3,16.67,0.0,0.089,1.348,normal
1778050600.5464833,beam,78.23,2572,3,48.02,0.0,0.603,-1.681,racing
1778050271.3156545,beam,67.23,1899,3,14.29,0.0,-0.131,-1.463,normal
1778049974.7356336,beam,66.92,1801,3,8.73,0.0,-0.432,1.552,normal
1778050226.695721,beam,72.4,2006,3,12.7,0.0,-0.015,-0.026,normal
1778049842.8499105,beam,78.98,2359,3,30.16,0.0,0.299,2.003,normal
1778050716.8097165,beam,119.35,5171,2,100.0,0.0,0.759,0.5,racing
1778050495.130425,beam,49.04,4117,1,100.0,0.0,1.88,-1.362,racing
1778050296.3558116,beam,59.6,1876,3,21.83,0.0,0.141,0.976,normal
1778050728.271124,beam,130.64,3680,3,49.6,0.0,0.216,1.641,racing
1778050528.6564372,beam,137.14,3921,3,100.0,0.0,0.449,-0.145,racing
1778050211.2113862,beam,62.38,1977,3,25.0,0.0,0.236,0.507,normal
1778050821.8054135,beam,66.76,2278,3,42.06,0.0,0.739,1.101,racing
1778050094.974862,beam,83.96,2460,3,30.16,0.0,0.2,1.181,normal
1778049961.7765806,beam,90.73,2565,3,23.81,0.0,0.104,-0.144,normal
1778050972.2148583,beam,82.17,3723,2,99.22,0.0,1.376,0.587,racing
1778050783.4104588,beam,84.41,2475,3,34.13,0.0,0.22,0.912,racing
1778049877.1513398,beam,93.48,2679,3,30.16,0.0,0.038,-0.462,normal
1778050301.0592384,beam,61.42,1922,3,22.62,0.0,0.065,-0.853,normal
1778050691.3562374,beam,28.16,2350,2,66.41,0.0,0.139,0.891,racing
1778050921.079196,beam,131.21,3746,3,68.36,0.0,0.343,0.313,racing
1778050694.9689083,beam,37.9,3322,1,100.0,9.52,1.42,-3.659,racing
1778050517.0499642,beam,126.7,5468,2,100.0,0.0,0.65,0.441,racing
1778049882.4820566,beam,94.61,2706,3,30.16,0.0,0.058,0.125,normal
1778050695.1865015,beam,39.31,3412,1,100.0,4.76,1.732,-1.183,racing
1778050995.6960268,beam,69.9,2518,3,0.0,34.13,-2.272,-16.708,racing
1778050655.6833286,beam,122.31,3255,3,0.0,0.0,-1.08,1.666,racing
1778050759.8795118,beam,115.63,3327,3,50.0,0.0,0.182,-1.679,racing
1778050203.6131206,beam,57.47,1861,3,22.62,0.0,0.108,-0.246,normal
1778050744.684632,beam,95.27,2495,3,0.0,0.0,-1.01,-1.862,racing
1778050139.7620957,beam,84.71,2192,3,0.0,0.0,-0.816,0.069,normal
1778050965.997285,beam,83.55,3535,2,9.52,0.0,-0.54,0.397,racing
1778050529.7398372,beam,138.35,3898,3,58.59,0.0,0.213,-0.392,racing
1778050090.8416507,beam,82.79,2405,3,26.98,0.0,0.185,1.351,normal
1778050867.526763,beam,81.99,3716,2,100.0,0.0,1.408,-1.193,racing
1778050580.229787,beam,111.81,2964,3,0.0,0.0,-0.982,-0.53,racing
1778050855.4445362,beam,120.53,3213,3,0.0,97.27,-9.914,-3.271,racing
1778051026.278065,beam,22.21,770,1,0.0,40.87,-1.431,11.695,racing
1778050269.4961822,beam,66.69,1875,3,13.49,0.0,0.248,1.049,normal
1778050260.767362,beam,52.61,1582,3,14.29,0.0,0.438,0.517,normal
1778050049.3974743,beam,41.72,1675,3,21.43,0.0,-0.14,0.639,normal
1778049886.799385,beam,95.1,2541,3,0.0,0.0,-0.735,-6.685,normal
1778050743.3008687,beam,119.47,3184,3,0.0,64.84,-6.705,0.395,racing
1778050179.1142771,beam,76.24,1986,3,1.59,0.0,-0.644,1.649,normal
1778050840.0798438,beam,106.55,4659,2,100.0,0.0,0.669,-0.79,racing
1778050780.075497,beam,99.53,2671,3,5.16,0.0,-0.613,-0.554,racing
1778050081.941162,beam,81.37,2363,3,25.4,0.0,-0.06,-0.957,normal
1778050271.432239,beam,67.2,1894,3,11.51,0.0,-0.067,0.541,normal
1778050123.0444598,beam,90.69,2595,3,27.78,0.0,0.049,0.655,normal
1778050228.743892,beam,72.01,1992,3,12.3,0.0,0.101,2.451,normal
1778050682.6397648,beam,48.66,771,3,0.0,0.0,-1.509,-0.49,racing
1778050536.7724488,beam,146.42,4137,3,90.23,0.0,0.283,-0.471,racing
1778050647.2092876,beam,109.1,3185,3,55.08,0.0,0.841,-1.53,racing
1778050497.81909,beam,60.51,2906,2,59.77,0.0,0.568,-1.127,racing
1778050629.065138,beam,68.36,3230,2,100.0,0.0,1.488,-0.2,racing
1778050266.5983863,beam,63.11,1799,3,14.29,0.0,0.501,0.504,normal
1778050056.9365752,beam,46.75,1965,3,31.74,0.0,0.442,1.97,normal
1778050852.5298305,beam,130.21,3761,3,100.0,0.0,0.156,1.338,racing
1778050066.680092,beam,70.95,2386,3,44.05,0.0,0.643,-0.425,normal
1778050530.0793846,beam,138.46,3892,3,58.99,0.0,0.141,0.976,racing
1778049868.8845208,beam,91.34,2629,3,30.16,0.0,0.112,0.498,normal
1778049868.9983604,beam,91.38,2630,3,30.16,0.0,0.099,-0.121,normal
1778050580.649706,beam,110.43,2924,3,0.0,0.0,-0.879,0.881,racing
1778050191.795786,beam,50.26,1305,3,3.97,0.0,-0.444,-0.751,normal
1778049955.4262388,beam,87.19,2479,3,23.81,0.0,0.081,-2.761,normal
1778050260.2109363,beam,51.77,1567,3,14.29,0.0,0.418,1.23,normal
1778050707.54773,beam,92.46,4109,2,100.0,2.78,0.861,0.059,racing
1778050981.9249508,beam,112.23,3313,3,71.88,0.0,0.557,-0.385,racing
1778050880.249803,beam,103.29,4337,3,0.0,1.59,-1.233,-11.066,racing
1778049897.1113293,beam,59.86,1784,3,17.46,0.0,0.222,1.861,normal
1778050902.734504,beam,86.75,2678,3,89.06,0.0,0.426,1.859,racing
1778050790.5286553,beam,77.53,2002,3,0.0,19.44,-2.638,13.732,racing
1778050609.462583,beam,98.81,4161,2,0.0,79.3,-10.247,-72.007,racing
1778050650.726065,beam,120.52,3455,3,55.47,0.0,0.739,1.671,racing
1778049883.0172036,beam,94.72,2709,3,30.16,0.0,0.011,-0.433,normal
1778050870.5759523,beam,95.44,4225,2,100.0,0.0,1.201,0.565,racing
1778050053.268893,beam,41.73,1675,3,21.43,0.0,0.102,1.022,normal
1778050829.1715028,beam,85.64,2802,3,82.03,0.0,0.711,-0.262,racing
1778049852.2115145,beam,85.18,2500,3,31.35,0.0,0.117,-0.634,normal
1778050764.5783978,beam,118.29,3144,3,0.0,0.0,-1.02,0.56,racing
1778050285.978764,beam,55.86,1792,3,19.84,0.0,0.122,0.077,normal
1778049853.0978522,beam,85.68,2511,3,31.35,0.0,0.158,0.432,normal
1778050822.036987,beam,67.39,2310,3,42.46,0.0,0.758,-0.113,racing
1778050055.4114711,beam,43.68,1800,3,26.98,0.0,0.377,-0.837,normal
1778050888.036476,beam,80.53,3467,2,90.23,0.0,-0.564,2.917,racing
1778049989.0381238,beam,54.17,1929,3,27.78,0.0,0.364,0.909,normal
1778050012.563348,beam,87.71,2515,3,26.59,0.0,0.002,0.363,normal
1778050221.6628222,beam,78.54,2268,3,23.02,0.0,0.097,-2.577,normal
1778049916.8277674,beam,73.43,2206,3,26.98,0.0,0.176,0.05,normal
1778050140.097386,beam,83.78,2164,3,0.0,0.0,-0.698,1.281,normal
1778050719.7632446,beam,124.35,4580,3,62.11,0.0,0.251,-1.909,racing
1778050993.0577,beam,83.45,2833,2,100.0,0.0,-0.009,-4.574,racing
1778050888.7037592,beam,82.14,3744,2,100.0,0.0,0.357,-0.509,racing
1778050790.6463652,beam,76.31,1964,3,0.0,21.03,-2.867,-1.94,racing
1778049851.1156034,beam,84.54,2486,3,31.35,0.0,0.259,1.816,normal
1778050244.4534287,beam,62.7,1794,3,14.29,0.0,-0.02,4.559,normal
1778050878.4732025,beam,120.05,5102,2,0.0,0.0,-0.924,-15.692,racing
1778049948.1464555,beam,79.63,2317,3,25.4,0.0,0.085,-0.115,normal
1778050814.7386177,beam,111.21,2944,3,0.0,0.0,-0.763,-1.93,racing
1778050709.36177,beam,97.9,4318,2,100.0,4.37,0.748,-0.856,racing
1778050552.4894876,beam,148.63,4138,3,41.27,0.0,-0.138,-1.578,racing
1778050228.4174578,beam,72.06,1995,3,12.3,0.0,-0.109,-1.092,normal
1778049984.481093,beam,51.98,1771,3,22.62,0.0,-0.112,0.025,normal
1778050684.1900833,beam,42.48,770,3,0.0,0.0,-1.003,-0.965,racing
1778050856.1079395,beam,75.94,1335,3,0.0,100.0,-9.119,132.932,racing
1778050093.3870282,beam,83.48,2420,3,26.98,0.0,-0.005,-1.838,normal
1778050198.7419288,beam,53.73,1794,3,21.83,0.0,0.244,1.321,normal
1778050035.7586267,beam,67.83,1656,3,0.0,0.0,-1.195,-2.878,normal
1778050948.4050825,beam,92.96,2930,3,80.08,3.57,0.278,-0.966,racing
1778049896.229941,beam,59.67,1844,3,19.44,0.0,0.15,-1.458,normal
1778050584.5544548,beam,91.06,2819,3,59.77,0.0,0.429,0.755,racing
1778050982.4484544,beam,112.61,3040,3,0.0,0.0,-0.971,-13.04,racing
1778050214.013965,beam,66.5,2013,3,23.02,0.0,0.536,0.427,normal
1778049873.3618062,beam,92.58,2657,3,30.16,0.0,0.089,0.236,normal
1778050728.1560605,beam,130.55,3679,3,49.6,0.0,0.027,-0.499,racing
1778050091.0723898,beam,82.87,2406,3,26.98,0.0,0.174,1.367,normal
1778050598.7978015,beam,76.15,3168,2,0.0,0.0,-1.094,-0.808,racing
1778050579.0168872,beam,115.65,3389,3,53.52,0.0,0.522,-0.335,racing
1778050773.0829291,beam,92.96,2768,3,42.86,0.0,0.16,0.222,racing
1778050492.2394698,beam,25.4,2600,1,88.28,0.0,2.754,-1.217,racing
1778049995.836074,beam,72.91,2258,3,31.74,0.0,0.911,-0.249,normal
1778049851.7931514,beam,84.95,2495,3,31.35,0.0,0.209,0.635,normal
1778050765.8320894,beam,101.28,2679,3,0.0,42.46,-5.377,2.266,racing
1778050848.8276997,beam,125.1,3640,3,100.0,0.0,0.291,-4.98,racing
1778050298.422686,beam,60.39,1888,3,21.83,0.0,0.076,-0.6,normal
1778051025.072921,beam,31.66,768,2,0.0,0.0,-0.299,-3.374,racing
1778049828.027702,beam,61.05,2128,3,34.13,0.0,0.505,0.134,normal
1778049995.1851032,beam,70.74,2231,3,32.14,0.0,0.827,-1.348,normal
1778050150.558712,beam,62.84,1904,3,19.84,0.0,-0.047,-0.557,normal
1778050907.6141212,beam,101.87,4473,2,100.0,0.0,1.171,1.01,racing
1778049856.4616945,beam,87.48,2551,3,31.35,0.0,0.125,-0.311,normal
1778050984.1135893,beam,104.53,2781,3,0.0,48.81,-6.7,-48.96,racing
1778050202.284752,beam,56.59,1849,3,22.62,0.0,0.204,0.218,normal
1778050673.7416024,beam,101.74,3029,3,56.64,0.0,0.353,0.365,racing
1778050282.427709,beam,55.34,1693,3,16.67,0.0,-0.061,-0.116,normal
1778050215.5548134,beam,69.38,2068,3,23.02,0.0,0.584,1.731,normal
1778050182.216567,beam,68.58,1786,3,2.78,0.0,-0.503,2.172,normal
1778050536.6580637,beam,146.3,4134,3,90.23,0.0,0.337,0.43,racing
1778049924.2634623,beam,76.93,2274,3,26.59,0.0,0.096,0.397,normal
1778050763.397593,beam,119.43,3413,3,46.83,0.0,0.348,1.351,racing
1778050678.6231947,beam,86.78,2280,3,0.0,38.49,-4.065,-14.066,racing
1778050718.2576847,beam,123.12,5323,2,100.0,0.0,0.737,0.76,racing
1778051007.4026048,beam,95.43,4224,2,99.22,0.0,1.13,-0.742,racing
1778050732.639632,beam,132.09,3697,3,39.68,0.0,0.013,-0.95,racing
1778050767.0470662,beam,90.7,2370,3,0.0,0.0,-0.959,-2.086,racing
1778049905.3972106,beam,64.66,2051,3,26.98,0.0,0.301,0.144,normal
1778050253.9314432,beam,50.22,1523,3,13.49,0.0,-0.222,-0.215,normal
1778049820.500221,beam,45.21,2256,2,34.52,0.0,0.805,-1.081,normal
1778050058.732447,beam,50.87,1991,3,31.74,0.0,0.607,0.538,normal
1778050796.4779105,beam,77.54,3554,2,100.0,0.0,1.28,-1.393,racing
1778050864.7616837,beam,68.16,3223,2,100.0,0.0,1.405,-0.667,racing
1778051021.5061114,beam,35.42,768,2,0.0,0.0,-0.748,-4.426,racing
1778050982.794809,beam,111.37,2951,3,0.0,0.0,-0.908,-0.128,racing
1778050954.0640037,beam,104.86,2893,3,0.0,0.0,-0.406,-9.55,racing
1778050826.9197254,beam,79.68,2611,3,56.64,0.0,0.708,-0.016,racing
1778049897.9622543,beam,59.93,1800,3,17.86,0.0,0.022,0.01,normal
1778050062.146712,beam,60.29,2271,3,44.44,0.0,0.743,-0.178,normal
1778050272.7797563,beam,64.21,1486,3,0.0,0.0,-0.702,-0.302,normal
1778050250.7677014,beam,53.85,1612,3,14.29,0.0,-0.389,-0.781,normal
1778050771.647395,beam,92.03,2744,3,42.46,0.0,0.303,1.422,racing
1778050931.0747056,beam,96.97,2546,3,0.0,0.0,-0.936,-1.009,racing
1778050970.4637504,beam,76.05,2664,3,100.0,0.0,0.98,1.02,racing
1778050221.5434537,beam,78.5,2267,3,23.02,0.0,0.404,2.971,normal
1778050873.8257303,beam,107.83,4709,2,100.0,0.0,1.002,-0.647,racing
1778050683.191187,beam,46.48,771,3,0.0,0.0,-1.172,0.322,racing
1778049858.3161335,beam,88.23,2554,3,29.76,0.0,0.122,0.255,normal
1778049854.784114,beam,86.63,2532,3,31.35,0.0,0.187,0.096,normal
1778050987.560649,beam,95.0,3826,2,100.0,0.0,-0.151,1.237,racing
1778049813.6948607,beam,11.59,1890,1,32.94,0.0,2.793,-2.84,normal
1778050997.147275,beam,62.84,1407,3,0.0,0.0,-0.587,0.927,racing
1778050284.4271262,beam,55.53,1705,3,17.06,0.0,-0.011,-0.015,normal
1778050104.921247,beam,87.38,2531,3,29.36,0.0,0.086,-0.335,normal
1778050080.1262424,beam,80.93,2364,3,26.98,0.0,0.097,0.157,normal
1778050729.6734006,beam,131.18,3691,3,48.81,0.0,0.054,-0.895,racing
1778050835.6339998,beam,101.58,3104,3,81.25,0.0,0.396,-1.995,racing
1778050788.541048,beam,88.66,2498,3,21.43,0.0,-0.23,-1.314,racing
1778050206.3626983,beam,59.39,1888,3,22.62,0.0,0.165,-0.809,normal
1778050658.0143895,beam,103.78,2734,3,0.0,0.0,-0.922,0.917,racing
1778049971.7244415,beam,74.97,1896,3,0.0,0.0,-0.8,0.36,normal
1778050843.2682168,beam,108.97,4562,2,0.0,0.0,-0.807,-0.195,racing
1778050851.7572527,beam,129.59,3748,3,100.0,0.0,0.176,-1.203,racing
1778050787.862068,beam,88.59,2610,3,33.73,0.0,0.206,-0.824,racing
1778050774.4269123,beam,93.88,2787,3,42.86,0.0,0.165,-0.563,racing
1778050244.020181,beam,63.03,1801,3,14.29,0.0,-0.151,1.392,normal
1778050956.1144636,beam,98.21,2583,3,0.0,0.0,-1.009,-2.046,racing
1778050617.837701,beam,92.8,4124,2,98.05,0.0,1.277,0.466,racing
1778051021.3916872,beam,35.73,772,2,0.0,0.0,-0.241,-2.069,racing
1778050633.849796,beam,90.17,3316,3,57.42,0.0,0.353,0.52,racing
1778051000.8774004,beam,64.53,2566,2,100.0,0.0,0.2,-2.314,racing
1778050513.2179775,beam,116.74,5066,2,100.0,0.0,0.864,1.352,racing
1778050898.6165707,beam,98.77,4132,2,0.0,0.0,-1.053,-0.103,racing
1778050640.5899448,beam,98.59,2959,3,55.08,0.0,0.102,0.056,racing
1778050070.5312374,beam,77.78,2231,3,20.63,0.0,0.021,0.255,normal
1778050657.1148453,beam,113.82,3021,3,0.0,38.89,-4.984,-11.18,racing
1778050521.3443794,beam,129.92,3463,3,0.0,0.0,-1.28,-1.915,racing
1778050079.8970685,beam,80.85,2361,3,26.98,0.0,0.079,-0.022,normal
1778050789.22668,beam,88.38,2493,3,21.83,0.0,-0.146,-0.019,racing
1778050498.7849088,beam,62.32,2973,2,65.24,0.0,0.8,2.155,racing
1778050900.0331929,beam,95.14,2494,3,0.0,0.0,-0.851,0.949,racing
1778049862.6793344,beam,89.65,2587,3,28.97,0.0,0.115,0.708,normal
1778049829.8010788,beam,64.03,2162,3,34.13,0.0,0.489,1.248,normal
1778050950.4349017,beam,97.15,3005,3,78.12,0.0,0.706,-0.342,racing
1778050968.614746,beam,73.32,1846,3,0.0,0.0,-0.904,0.782,racing
1778050827.0363512,beam,79.96,2620,3,56.64,0.0,0.668,-0.347,racing
1778051003.8710668,beam,79.12,3610,2,100.0,0.0,1.515,0.952,racing
1778050723.0285325,beam,128.26,3666,3,64.06,0.0,0.326,-0.241,racing
1778049838.3794153,beam,75.58,2325,3,32.54,0.0,0.365,0.991,normal
1778050032.6601722,beam,77.72,2144,3,12.7,0.0,-0.225,0.458,normal
1778050692.452608,beam,28.84,2378,2,100.0,8.73,0.658,6.93,racing
1778050150.13896,beam,62.85,1906,3,20.63,0.0,-0.02,-2.106,normal
1778050676.150086,beam,105.04,3110,3,57.42,0.0,0.378,-0.777,racing
1778049910.1807325,beam,69.31,2129,3,26.98,0.0,0.227,0.786,normal
1778050602.2797935,beam,82.01,2724,3,75.0,0.0,1.021,4.089,racing
1778050959.4151862,beam,77.29,1985,3,0.0,13.1,-2.579,10.537,racing
1778050740.1054063,beam,128.43,3620,3,47.62,0.0,0.049,-0.037,racing
1778050903.081051,beam,87.69,2843,3,100.0,0.0,0.773,0.238,racing
1778050525.6292157,beam,132.22,3804,3,100.0,0.0,0.512,0.657,racing
1778050063.6667368,beam,64.1,2308,3,44.44,0.0,0.609,-0.378,normal
1778050713.3987696,beam,109.69,4783,2,100.0,0.0,0.928,0.242,racing
1778050762.1964288,beam,118.26,3397,3,54.3,0.0,0.339,-0.171,racing
1778050315.536198,beam,31.33,775,2,0.0,23.81,-2.465,0.293,normal
1778050575.9638016,beam,109.45,3267,3,79.3,0.0,0.559,-0.727,racing
1778050500.170949,beam,66.16,3160,2,97.66,0.0,0.849,0.261,racing
1778050230.7950609,beam,70.87,1970,3,12.7,0.0,-0.282,-2.118,normal
1778050930.5560124,beam,98.64,2594,3,0.0,0.0,-0.794,0.783,racing
1778050668.6604874,beam,116.44,3419,3,76.56,0.0,0.445,-0.713,racing
1778050005.746953,beam,86.8,2538,3,31.35,0.0,-0.085,0.415,normal
1778050858.8282487,beam,44.95,815,3,14.29,0.0,-0.589,1.086,racing
1778049981.7591665,beam,55.19,1672,3,15.87,0.0,-0.193,0.884,normal
1778050144.060649,beam,71.69,1787,3,0.0,0.0,-0.917,-2.068,normal
1778050881.3481688,beam,90.54,2370,3,0.0,0.0,-1.07,-5.915,racing
1778050686.0878458,beam,25.91,770,2,0.0,0.0,-1.311,1.11,racing
1778050725.8451552,beam,129.65,3655,3,49.6,0.0,0.191,0.821,racing
1778050721.9262831,beam,126.88,3632,3,63.67,0.0,0.303,-0.422,racing
1778050036.5527768,beam,65.09,1643,3,1.98,0.0,-1.22,-2.932,normal
1778049895.682225,beam,59.43,1852,3,20.63,0.0,0.252,-0.595,normal
1778050618.9387698,beam,96.18,3356,3,61.72,0.0,0.682,0.166,racing
1778049977.215382,beam,63.92,1746,3,8.33,0.0,-0.582,-1.691,normal
1778050185.6177948,beam,60.84,1545,3,1.98,0.0,-0.578,0.521,normal
1778050319.6474664,beam,0.02,745,1,0.0,28.17,-0.012,-0.143,normal
1778050286.5125031,beam,56.08,1771,3,19.84,0.0,0.173,1.768,normal
1778050931.2877803,beam,96.33,2528,3,0.0,0.0,-0.882,-0.765,racing
1778050763.0845523,beam,119.12,3421,3,54.69,0.0,0.226,-1.535,racing
1778050184.527293,beam,63.28,1573,3,0.79,0.0,-0.671,-1.235,normal
1778049901.3824842,beam,60.79,1884,3,20.63,0.0,0.169,0.15,normal
1778049965.6595955,beam,91.75,2589,3,23.81,0.0,-0.055,-0.26,normal
1778049963.3360436,beam,91.42,2582,3,23.81,0.0,0.058,-0.356,normal
1778050048.1033332,beam,42.64,1682,3,21.43,0.0,-0.161,1.867,normal
1778050754.8032372,beam,105.96,3183,3,75.39,0.0,0.618,-0.216,racing
1778050616.5070217,beam,86.23,3872,2,100.0,0.0,1.592,-0.494,racing
1778049991.846574,beam,60.35,2057,3,31.35,0.0,0.754,0.093,normal
1778050641.018541,beam,98.7,2962,3,55.47,0.0,0.044,-0.648,racing
1778049878.3621967,beam,93.74,2685,3,30.16,0.0,0.016,-0.636,normal
1778050752.5010564,beam,100.74,3074,3,75.39,0.0,0.594,-0.083,racing
1778049855.5763714,beam,87.04,2541,3,31.35,0.0,0.135,-0.236,normal
1778050697.8855424,beam,56.74,4678,1,100.0,2.38,1.989,4.607,racing
1778049908.2490897,beam,67.65,2100,3,26.98,0.0,0.258,-0.509,normal
1778050214.3387067,beam,67.03,2023,3,23.02,0.0,0.493,0.882,normal
1778050293.840275,beam,58.53,1852,3,21.43,0.0,0.025,-1.332,normal
1778049940.662748,beam,78.71,2299,3,25.4,0.0,0.141,1.113,normal
1778050592.0123231,beam,72.11,1804,3,0.0,0.0,-0.79,-0.402,racing
1778050289.290767,beam,57.2,1836,3,21.43,0.0,-0.041,-2.589,normal
1778050566.7701042,beam,94.96,4203,2,81.25,0.0,1.01,-0.199,racing
1778050796.2452848,beam,76.4,3513,2,100.0,0.0,1.321,0.826,racing
1778050046.1340744,beam,44.9,1690,3,21.43,0.0,-0.153,4.595,normal
1778050551.5012553,beam,148.63,4148,3,58.2,0.0,0.012,0.677,racing
1778049861.7949002,beam,89.42,2580,3,29.76,0.0,0.107,-1.082,normal
1778050886.5834038,beam,82.47,2746,3,75.0,0.0,-0.118,1.795,racing
1778050562.1151524,beam,75.64,3466,2,75.0,0.0,1.27,3.195,racing
1778050026.0606132,beam,87.54,2515,3,26.98,0.0,0.012,1.052,normal
1778050583.6282053,beam,90.09,2598,3,30.55,0.0,0.066,0.78,racing
1778049887.249303,beam,93.7,2455,3,0.0,0.0,-0.814,-0.058,normal
1778050908.379928,beam,104.66,4584,2,100.0,0.0,0.932,-1.584,racing
1778050710.8997557,beam,101.89,4472,2,100.0,4.37,0.749,0.179,racing
1778051008.496568,beam,99.36,4379,2,97.66,0.0,1.129,-0.538,racing
1778050706.9008565,beam,90.67,4039,2,100.0,5.56,0.854,0.573,racing
1778050754.0471132,beam,104.38,3148,3,75.39,0.0,0.858,2.882,racing
1778050026.4118328,beam,87.67,2517,3,26.98,0.0,0.084,-0.344,normal
1778050612.6947403,beam,64.35,2519,3,98.83,0.0,1.471,0.464,racing
1778050830.169917,beam,88.37,2847,3,80.86,0.0,0.701,-0.539,racing
1778050720.1948247,beam,124.86,3583,3,61.72,0.0,0.347,-4.152,racing
1778050109.097889,beam,88.65,2553,3,28.57,0.0,0.122,0.461,normal
1778050861.8933237,beam,52.38,2744,2,100.0,0.0,1.422,0.68,racing
1778050943.211598,beam,103.72,2871,3,20.63,0.0,-0.301,-1.448,racing
1778050300.8337843,beam,61.32,1928,3,22.62,0.0,0.125,-0.299,normal
1778050277.5317657,beam,57.71,1719,3,15.87,0.0,-0.247,0.503,normal
1778050018.8808694,beam,87.35,2510,3,26.98,0.0,-0.008,0.296,normal
1778050998.5948007,beam,59.67,772,3,0.0,0.0,-0.506,-1.203,racing
1778050315.971177,beam,26.82,766,2,0.0,24.21,-2.722,-0.21,normal
1778050085.4602714,beam,81.93,2354,3,23.81,0.0,0.055,0.675,normal
1778050833.251928,beam,96.3,2995,3,81.25,0.0,0.73,0.17,racing
1778050144.8614197,beam,69.66,1738,3,0.0,0.0,-0.588,2.072,normal
1778050628.2749813,beam,64.07,3086,2,100.0,0.0,1.505,0.492,racing
1778050218.470368,beam,74.82,2182,3,23.02,0.0,0.469,0.357,normal
1778049904.3024726,beam,63.43,2033,3,26.98,0.0,0.22,-1.514,normal
1778049871.1833951,beam,91.99,2644,3,30.16,0.0,0.056,-0.294,normal
1778050231.6594968,beam,70.2,1953,3,12.7,0.0,-0.331,-0.056,normal
1778050282.9702294,beam,55.35,1693,3,16.67,0.0,-0.032,0.25,normal
1778050226.8095667,beam,72.44,2006,3,12.7,0.0,0.09,0.921,normal
1778050913.0058446,beam,119.14,5163,2,100.0,0.0,0.707,-0.044,racing
1778050661.48065,beam,105.58,3080,3,49.6,0.0,0.073,-1.326,racing
1778050957.2157454,beam,92.31,2436,3,0.0,48.02,-6.33,-40.521,racing
1778050923.992175,beam,134.68,3831,3,69.14,0.0,0.311,-0.18,racing
1778050818.1085217,beam,83.16,2155,3,0.0,14.68,-2.316,6.247,racing
1778050136.8424363,beam,92.61,2597,3,22.62,0.0,-0.18,-0.218,normal
1778050089.2265835,beam,82.35,2381,3,25.4,0.0,-0.043,-0.922,normal
1778050627.7246504,beam,61.08,2989,2,100.0,0.0,1.494,-0.24,racing
1778049926.113259,beam,77.37,2290,3,26.98,0.0,-0.068,-0.431,normal
1778050767.6998622,beam,89.27,2515,3,32.14,0.0,-0.119,0.7,racing
1778050027.172088,beam,87.79,2520,3,26.98,0.0,-0.105,1.49,normal
1778050089.3377206,beam,82.37,2385,3,26.19,0.0,0.052,0.849,normal
1778050859.5789044,beam,46.5,2323,3,100.0,0.0,0.962,-0.483,racing
1778050710.7825298,beam,101.58,4460,2,100.0,3.57,0.728,-0.306,racing
1778049837.96097,beam,75.1,2329,3,34.13,0.0,0.332,0.964,normal
1778050534.255426,beam,143.52,4066,3,90.23,0.0,0.349,0.318,racing
1778050705.9347875,beam,87.75,3931,2,100.0,3.57,1.17,1.261,racing
1778049935.4455214,beam,77.31,2263,3,25.0,0.0,0.135,0.972,normal
1778050760.0987196,beam,115.87,3324,3,50.39,0.0,0.274,-0.371,racing
1778050642.1112616,beam,99.22,2975,3,55.86,0.0,0.18,0.43,racing
1778050937.523389,beam,98.38,3052,3,100.0,0.0,0.72,-0.097,racing
1778050290.9385912,beam,57.63,1820,3,20.63,0.0,0.04,-0.247,normal
1778050907.195998,beam,100.28,4411,2,100.0,0.0,1.136,0.667,racing
1778050758.903907,beam,114.05,3348,3,68.36,0.0,0.402,-1.427,racing
1778051024.6229622,beam,32.05,772,2,0.0,0.0,-0.282,1.953,racing
1778050862.8960788,beam,58.15,2902,2,100.0,0.0,1.336,-1.93,racing
1778050876.8367984,beam,116.72,5067,2,100.0,0.0,0.649,-0.32,racing
1778050614.893374,beam,76.44,3506,2,100.0,0.0,1.86,0.586,racing
1778050896.733908,beam,110.48,4815,2,100.0,0.0,0.858,0.055,racing
1778050663.9804337,beam,108.35,3191,3,60.55,0.0,0.393,0.261,racing
1778050642.791709,beam,99.72,2985,3,55.86,0.0,0.162,-0.689,racing
1778050138.443872,beam,88.7,2309,3,0.0,0.0,-0.887,-1.762,normal
1778050909.2451932,beam,107.73,4705,2,100.0,0.0,0.981,0.228,racing
1778050954.750517,beam,102.57,2707,3,0.0,0.0,-0.988,-1.24,racing
1778050732.2944293,beam,132.03,3709,3,48.41,0.0,0.121,0.878,racing
1778050600.3123083,beam,77.64,2652,3,63.28,0.0,0.809,-0.12,racing
1778050894.9676256,beam,104.45,4576,2,100.0,0.0,0.988,0.683,racing
1778050787.4157846,beam,88.22,2609,3,36.11,0.0,0.233,-0.206,racing
1778050870.2599363,beam,94.1,4173,2,100.0,0.0,1.077,-0.763,racing
1778050253.1783357,beam,50.93,1507,3,12.7,0.0,-0.325,0.674,normal
1778050156.0389795,beam,58.74,845,3,0.0,2.38,-0.58,-2.093,normal
1778050966.983106,beam,83.92,2769,3,64.45,0.0,0.816,-2.621,racing
1778050629.6221318,beam,71.43,3333,2,100.0,0.0,1.542,-0.61,racing
1778050270.2631629,beam,67.11,1885,3,13.49,0.0,0.116,0.277,normal
1778050183.981598,beam,64.53,1666,3,2.78,0.0,-0.569,0.508,normal
1778050177.5835538,beam,79.91,2175,3,9.52,0.0,-0.129,3.419,normal
1778050012.449448,beam,87.71,2515,3,26.59,0.0,-0.039,-0.476,normal
1778050602.9544249,beam,83.8,2622,3,32.94,0.0,0.422,-1.253,racing
1778049876.7290776,beam,93.37,2677,3,30.16,0.0,0.044,-0.079,normal
1778050110.7524788,beam,89.03,2564,3,28.97,0.0,0.157,1.396,normal
1778050277.4078374,beam,57.82,1720,3,15.87,0.0,-0.309,-0.526,normal
1778049873.134755,beam,92.52,2656,3,30.16,0.0,0.051,-0.63,normal
1778050903.530738,beam,88.97,2871,3,100.0,0.0,0.868,1.447,racing
1778050822.8879414,beam,69.78,2373,3,45.63,0.0,0.715,-0.588,racing
1778049838.5967767,beam,75.7,2313,3,31.74,0.0,0.319,3.012,normal
1778050590.5478384,beam,80.83,2114,3,0.0,46.83,-4.893,-28.981,racing
1778050310.635054,beam,52.38,1649,3,1.19,0.0,-0.01,0.438,normal
1778050810.343512,beam,125.82,5434,2,100.0,0.0,0.496,-1.588,racing
1778049856.2301452,beam,87.36,2549,3,31.35,0.0,0.172,0.734,normal
1778049969.88809,beam,82.8,2137,3,0.0,1.59,-0.943,1.813,normal
1778049840.564686,beam,77.26,2318,3,30.16,0.0,0.033,-1.899,normal
1778050782.3946142,beam,86.63,2250,3,0.0,0.0,-0.912,-1.114,racing
1778050978.995714,beam,106.86,3152,3,58.59,0.0,0.566,1.469,racing
1778049997.4689982,beam,78.1,2350,3,31.74,0.0,0.978,-1.429,normal
1778050001.3853252,beam,86.47,2536,3,32.14,0.0,0.175,-2.726,normal
1778050922.9098544,beam,133.43,3801,3,69.14,0.0,0.307,0.459,racing
1778050535.6052625,beam,145.12,4105,3,90.23,0.0,0.334,-0.382,racing
1778050648.9581182,beam,115.05,3327,3,55.86,0.0,0.799,-0.79,racing
1778050085.6889083,beam,81.95,2354,3,23.81,0.0,0.08,0.9,normal
1778050924.645914,beam,129.54,3450,3,0.0,51.17,-7.067,-28.43,racing
1778050752.173153,beam,100.02,3059,3,75.39,0.0,0.675,0.875,racing
1778050665.0058537,beam,109.89,3231,3,62.11,0.0,0.367,0.179,racing
1778050784.2931702,beam,85.28,2542,3,36.11,0.0,0.273,0.143,racing
1778049849.113403,beam,83.28,2459,3,31.35,0.0,0.158,-0.367,normal
1778050814.954008,beam,110.92,2936,3,0.0,0.0,-0.405,-0.388,racing
1778049987.6713347,beam,52.78,1874,3,25.4,0.0,0.197,0.186,normal
1778051012.8609648,beam,116.46,5054,2,98.83,0.0,1.214,-1.625,racing
1778050817.3334882,beam,87.21,2268,3,0.0,0.0,-1.003,-4.537,racing
1778050628.8364894,beam,67.13,3188,2,100.0,0.0,1.522,0.969,racing
1778050497.0360649,beam,58.74,4760,2,59.77,0.0,0.629,0.968,racing
1778050231.768958,beam,70.14,1951,3,12.7,0.0,-0.133,1.805,normal
1778050092.174838,beam,83.1,2413,3,26.98,0.0,-0.048,-0.469,normal
1778050117.3682945,beam,90.33,2555,3,23.81,0.0,-0.048,0.289,normal
1778049978.8914683,beam,60.52,1648,3,7.54,0.0,-0.743,-1.941,normal
1778050870.0519652,beam,93.27,4141,2,100.0,0.0,1.212,1.819,racing
1778050122.3630702,beam,90.61,2593,3,27.78,0.0,0.072,0.842,normal
1778049922.2283113,beam,76.17,2262,3,26.98,0.0,0.12,-0.626,normal
1778050823.4404864,beam,71.29,2377,3,42.86,0.0,0.687,-1.454,racing
1778050531.9255722,beam,140.55,3994,3,89.06,0.0,0.367,0.654,racing
1778050005.9663618,beam,86.71,2536,3,31.35,0.0,-0.079,0.607,normal
1778050494.3818097,beam,43.61,3722,1,100.0,0.0,2.111,0.683,racing
1778050845.059188,beam,110.8,3310,3,100.0,0.0,1.307,-0.002,racing
1778050713.509308,beam,110.07,4798,2,100.0,0.0,0.965,0.341,racing
1778050266.2485566,beam,62.51,1786,3,14.29,0.0,0.462,-0.38,normal
1778050798.2596073,beam,85.99,3867,2,100.0,0.0,1.288,-0.176,racing
1778049828.142386,beam,61.26,2130,3,34.13,0.0,0.51,0.04,normal
1778049843.193115,beam,79.15,2374,3,31.35,0.0,-0.007,-2.755,normal
1778050990.808224,beam,80.7,2079,3,0.0,0.0,-0.935,-0.235,racing
1778049851.5634716,beam,84.81,2492,3,31.35,0.0,0.231,1.169,normal
1778050583.075965,beam,90.31,2467,3,14.29,0.0,-0.432,3.473,racing
1778051021.0763934,beam,36.03,774,2,0.0,0.0,0.108,16.216,racing
1778050827.7008653,beam,81.57,2656,3,57.81,0.0,0.723,0.769,racing
1778050970.5668914,beam,76.38,2669,3,100.0,0.0,0.876,-1.007,racing
1778050513.3346064,beam,117.03,5080,2,100.0,0.0,0.686,-1.526,racing
1778050737.638661,beam,127.71,3598,3,46.83,0.0,0.157,0.846,racing
1778050311.3025153,beam,51.28,902,3,0.0,0.0,-0.557,1.378,normal
1778049837.8457448,beam,74.96,2326,3,34.13,0.0,0.221,-1.997,normal
1778050984.2248323,beam,102.04,2700,3,0.0,52.34,-6.203,4.461,racing
1778050092.8425422,beam,83.33,2417,3,26.98,0.0,0.175,0.547,normal
1778050776.2763035,beam,96.19,2838,3,43.25,0.0,0.315,-0.826,racing
1778050817.0232842,beam,88.58,2320,3,0.0,38.49,-4.24,10.748,racing
1778050985.9141972,beam,93.03,2921,3,86.33,0.0,0.559,2.03,racing
1778050599.759385,beam,76.05,2654,3,68.75,0.0,0.686,-3.597,racing
1778050987.0286584,beam,95.42,2998,3,100.0,0.0,0.469,-2.384,racing
1778050150.038386,beam,62.86,1902,3,20.63,0.0,0.192,2.795,normal
1778050136.314167,beam,92.79,2650,3,29.76,0.0,0.039,-0.169,normal
1778050043.0380902,beam,50.79,1697,3,18.65,0.0,-0.689,-0.108,normal
1778049880.961361,beam,94.32,2699,3,30.16,0.0,0.041,-0.104,normal
1778050800.724532,beam,96.14,4255,2,100.0,0.0,1.157,0.175,racing
1778050085.3581166,beam,81.91,2354,3,23.81,0.0,-0.014,0.375,normal
1778050104.1675446,beam,87.09,2528,3,29.76,0.0,0.114,-0.311,normal
1778050846.4981568,beam,117.03,3451,3,100.0,0.0,1.183,-0.397,racing
1778050307.2523985,beam,61.39,1271,3,0.0,1.59,-0.796,1.689,normal
1778050857.9911182,beam,35.75,748,3,0.0,80.08,-11.804,-99.097,racing
1778050830.2711434,beam,88.63,2852,3,80.86,0.0,0.714,0.13,racing
1778050068.2121012,beam,74.08,2428,3,44.05,0.0,0.613,0.81,normal
1778050940.5842004,beam,101.1,3049,3,63.67,0.0,0.556,0.276,racing
1778050718.6806362,beam,124.14,5365,2,100.0,0.79,0.656,0.295,racing
1778050220.242929,beam,77.2,2236,3,23.02,0.0,0.326,2.634,normal
1778050604.392892,beam,86.02,2821,3,100.0,0.0,0.694,0.129,racing
1778050249.2853866,beam,56.02,1654,3,14.29,0.0,-0.492,-1.014,normal
1778050791.9283662,beam,72.01,1799,3,0.0,0.0,-0.681,0.962,racing
1778050285.6440463,beam,55.71,1776,3,20.63,0.0,0.128,0.379,normal
1778050976.0117908,beam,99.5,4383,2,100.0,0.0,1.184,0.287,racing
1778049975.6497548,beam,65.97,1820,3,11.51,0.0,-0.286,-0.23,normal
1778050075.5237384,beam,79.52,2318,3,26.59,0.0,0.312,3.08,normal
1778050248.3206253,beam,57.6,1684,3,14.29,0.0,-0.23,1.778,normal
1778049946.5730083,beam,79.35,2299,3,24.21,0.0,0.034,0.174,normal
1778050103.7215884,beam,86.91,2521,3,29.76,0.0,0.102,0.01,normal
1778050120.8305345,beam,90.43,2591,3,28.57,0.0,0.015,0.018,normal
1778050797.5700517,beam,82.75,3747,2,100.0,0.0,1.127,-1.768,racing
1778050116.1811082,beam,90.29,2592,3,28.97,0.0,0.115,1.602,normal
1778051007.8362305,beam,97.28,4314,2,100.0,0.0,0.961,-4.171,racing
1778050910.4447958,beam,111.61,4861,2,100.0,0.0,0.751,-0.759,racing
1778050279.2115133,beam,56.24,1704,3,16.67,0.0,-0.231,-0.654,normal
1778050870.158595,beam,93.71,4158,2,100.0,0.0,1.155,-0.533,racing
1778050147.65704,beam,64.09,1896,3,18.65,5.56,-0.004,2.408,normal
1778049819.1681714,beam,40.67,2160,2,35.32,0.0,0.964,-0.453,normal
1778051021.1774628,beam,35.83,771,2,0.0,0.0,-0.539,-6.406,racing
1778050002.4976883,beam,87.14,2548,3,31.74,0.0,0.08,-0.307,normal
1778050121.4976845,beam,90.51,2593,3,27.78,0.0,0.034,-0.025,normal
1778050685.4179356,beam,30.91,769,2,0.0,47.22,-5.586,-4.545,racing
1778050945.0832202,beam,95.87,2511,3,0.0,0.0,-1.092,32.33,racing
1778050801.7576723,beam,100.36,4417,2,100.0,0.0,1.116,-0.44,racing
1778050083.4233267,beam,81.71,2373,3,26.19,0.0,0.056,0.516,normal
1778050093.0571487,beam,83.4,2418,3,26.98,0.0,-0.004,-1.723,normal
1778051025.1765964,beam,31.53,768,2,0.0,5.56,-0.333,-0.323,racing
1778050230.458648,beam,71.1,1975,3,12.7,0.0,-0.24,-0.95,normal
1778050991.345215,beam,79.7,2346,3,39.68,0.0,0.247,5.6,racing
1778050921.2922528,beam,131.46,3753,3,68.36,0.0,0.33,0.231,racing
1778050010.063655,beam,87.27,2540,3,30.55,0.0,0.13,0.296,normal
1778049889.1942697,beam,87.16,2263,3,0.0,0.0,-0.841,-0.751,normal
1778050145.9777658,beam,66.38,1871,3,13.49,6.75,-0.822,-2.018,normal
1778050942.8867323,beam,103.98,2871,3,19.44,0.0,-0.302,-0.572,racing
1778050563.61981,beam,82.07,3708,2,82.81,0.0,1.374,0.92,racing
1778050890.5674467,beam,87.81,3946,2,100.0,0.0,0.975,-0.856,racing
1778050594.6278973,beam,78.21,3555,2,100.0,0.0,1.475,9.055,racing
1778050739.8901193,beam,128.39,3619,3,47.62,0.0,0.035,-0.676,racing
1778049819.84356,beam,43.04,2209,2,34.52,0.0,0.906,-0.117,normal
1778050655.149497,beam,124.39,3535,3,40.48,0.0,-0.039,0.013,racing
1778050311.8877754,beam,50.34,770,3,0.0,0.0,-0.545,0.375,normal
1778050637.5180802,beam,96.47,2919,3,55.86,0.0,0.372,0.4,racing
1778050525.847002,beam,132.62,3814,3,100.0,0.0,0.537,0.65,racing
1778050276.7465942,beam,58.48,1734,3,15.87,0.0,-0.19,0.953,normal
1778050554.016636,beam,130.16,3472,3,0.0,58.59,-7.023,-4.693,racing
1778050736.9871652,beam,127.52,3593,3,46.83,0.0,0.134,0.671,racing
1778049941.881374,beam,79.0,2301,3,25.0,0.0,-0.268,-3.138,normal
1778050700.5991223,beam,70.1,5694,1,100.0,1.59,1.471,-0.651,racing
1778050097.1735272,beam,84.93,2479,3,28.97,0.0,0.093,-0.449,normal
1778049934.5840805,beam,77.1,2261,3,25.0,0.0,-0.056,-1.104,normal
1778049947.5818214,beam,79.5,2303,3,24.21,0.0,0.022,-0.247,normal
1778050794.3391588,beam,70.66,2574,3,100.0,0.0,0.869,-0.095,racing
1778050218.362165,beam,74.64,2177,3,23.02,0.0,0.43,-1.757,normal
1778050069.8481212,beam,77.17,2476,3,44.05,0.0,0.51,-0.094,normal
1778050875.5907478,beam,113.35,4931,2,100.0,0.0,0.747,0.99,racing
1778050190.9513838,beam,51.46,1339,3,4.37,0.0,-0.429,-0.418,normal
1778050553.2564013,beam,145.35,3881,3,0.0,0.0,-1.0,1.132,racing
1778050719.3262858,beam,123.97,5280,2,30.55,0.0,-0.126,0.646,racing
1778050263.01339,beam,56.54,1657,3,14.29,0.0,0.3,-3.574,normal
1778050738.7060475,beam,128.02,3606,3,46.83,0.0,0.132,0.766,racing
1778049984.9125445,beam,51.94,1782,3,21.83,0.0,-0.089,-0.816,normal
1778050251.766744,beam,52.54,1587,3,14.29,0.0,-0.394,-0.863,normal
1778050232.2424617,beam,69.73,1946,3,13.49,0.0,-0.177,0.351,normal
1778050301.873275,beam,61.75,1926,3,22.62,0.0,0.134,0.737,normal
1778050644.4965272,beam,101.77,3027,3,55.47,0.0,0.414,0.508,racing
1778049958.995766,beam,89.57,2535,3,23.81,0.0,0.213,1.197,normal
1778051025.6205196,beam,29.12,771,2,0.0,19.44,-1.717,0.47,racing
1778050984.530804,beam,95.56,2530,3,0.0,51.17,-6.122,-6.244,racing
1778049860.0616894,beam,88.83,2569,3,29.76,0.0,0.059,-0.44,normal
1778050724.7724798,beam,129.19,3638,3,47.62,0.0,0.143,1.423,racing
1778049931.8255963,beam,77.84,2285,3,25.0,0.0,0.089,0.926,normal
1778050101.1027422,beam,86.06,2487,3,28.17,0.0,0.078,-0.095,normal
1778050824.986038,beam,74.74,2474,3,50.0,0.0,0.741,1.138,racing
1778049882.7987075,beam,94.69,2708,3,30.16,0.0,0.071,0.171,normal
1778049981.440432,beam,55.53,1674,3,15.87,0.0,-0.469,-0.616,normal
1778050887.6007354,beam,81.75,2757,2,82.81,0.0,-0.989,-7.689,racing
1778050890.3354578,beam,86.96,3912,2,100.0,0.0,0.936,0.306,racing
1778050124.6929655,beam,90.95,2607,3,28.57,0.0,0.11,0.933,normal
1778050207.4163084,beam,60.06,1899,3,22.62,0.0,0.221,1.331,normal
1778050980.3983138,beam,109.27,3241,3,69.53,0.0,0.532,0.528,racing
1778050741.291283,beam,128.92,3631,3,47.62,0.0,0.142,0.131,racing
1778049880.745016,beam,94.28,2698,3,30.16,0.0,0.028,-0.739,normal
1778050518.1178043,beam,129.09,5565,2,100.0,0.0,0.622,0.373,racing
1778049948.4970586,beam,79.68,2315,3,25.0,0.0,0.122,0.779,normal
1778050799.512606,beam,91.35,4074,2,100.0,0.0,1.038,-1.47,racing
1778049864.6633425,beam,89.98,2599,3,30.55,0.0,0.087,0.138,normal
1778049985.7195702,beam,51.87,1773,3,22.62,0.0,0.016,0.477,normal
1778050744.1235971,beam,100.09,2651,3,0.0,52.34,-5.32,-3.132,racing
1778050507.9158683,beam,98.88,4358,2,100.0,0.0,1.017,-1.759,racing
1778050695.615726,beam,42.17,3608,1,100.0,2.78,1.869,1.431,racing
1778049972.0561347,beam,74.04,1865,3,0.0,0.0,-0.784,-0.112,normal
1778050145.3042562,beam,68.2,1684,3,1.19,0.0,-1.036,-0.727,normal
1778050544.1752875,beam,148.64,4150,3,58.99,0.0,0.087,-1.316,racing
1778050895.5223453,beam,106.41,4652,2,100.0,0.0,1.073,1.835,racing
1778050762.749112,beam,118.76,3412,3,54.69,0.0,0.429,1.543,racing
1778050182.4297252,beam,68.1,1770,3,2.78,0.0,-0.554,1.362,normal
1778050787.530121,beam,88.3,2611,3,35.71,0.0,0.194,-0.341,racing
1778050227.2506008,beam,72.26,2003,3,12.7,0.0,-0.141,-1.566,normal
1778050727.1913097,beam,130.21,3669,3,49.6,0.0,0.081,-0.655,racing
1778050741.6256747,beam,129.06,3634,3,47.62,0.0,0.141,0.534,racing
1778050278.3139925,beam,56.97,1705,3,15.87,0.0,-0.225,0.606,normal
1778050999.7756567,beam,60.83,2460,3,98.83,0.0,1.071,1.258,racing
1778050824.768676,beam,74.2,2426,3,46.83,0.0,0.579,-0.553,racing
1778050538.206528,beam,147.36,4115,3,58.2,0.0,0.098,0.737,racing
1778050177.131595,beam,80.58,2194,3,9.52,0.0,-0.25,2.375,normal
1778049928.7457163,beam,77.62,2286,3,26.19,0.0,-0.11,-0.9,normal
1778050523.2237508,beam,127.9,3702,3,100.0,0.0,0.574,1.213,racing
1778050862.676762,beam,57.01,2869,2,100.0,0.0,1.567,1.004,racing
1778050100.4567478,beam,85.88,2483,3,27.78,0.0,0.068,0.037,normal
1778050743.6062105,beam,111.43,2966,3,0.0,68.36,-7.554,-3.886,racing
1778049994.2839155,beam,67.86,2175,3,31.74,0.0,0.961,0.544,normal
1778050625.5562844,beam,52.21,2378,3,86.33,0.0,1.263,1.473,racing
1778050078.0805972,beam,80.26,2345,3,26.59,0.0,0.089,0.526,normal
1778050551.604176,beam,148.66,4148,3,58.2,0.0,0.076,0.628,racing
1778050938.4015305,beam,99.63,4386,2,77.73,0.0,0.857,-3.041,racing
1778050642.2123272,beam,99.28,2977,3,55.86,0.0,0.162,-0.174,racing
1778050886.6846075,beam,82.53,2746,3,75.0,0.0,0.178,2.918,racing
1778050151.5546105,beam,62.36,1887,3,19.84,4.76,-0.246,2.455,normal
1778050259.455032,beam,50.8,1551,3,14.29,0.0,0.275,-0.892,normal
1778049947.799237,beam,79.52,2303,3,25.0,0.0,0.011,-0.412,normal
1778050857.7831244,beam,40.73,753,3,0.0,85.55,10.385,175.175,racing
1778049954.1964693,beam,85.44,2435,3,23.81,0.0,0.387,0.32,normal
1778050793.8921075,beam,69.45,2289,3,51.17,0.0,0.378,0.251,racing
1778050766.0488307,beam,97.48,2577,3,0.0,45.24,-5.109,-4.673,racing
1778050684.524068,beam,41.05,771,3,0.0,0.0,-1.229,0.038,racing
1778050853.3123958,beam,131.2,3783,3,100.0,0.0,0.385,0.548,racing
1778050730.2269423,beam,131.36,3694,3,48.41,0.0,0.057,-0.129,racing
1778050595.642755,beam,83.26,3763,2,100.0,0.0,1.288,-1.13,racing
1778049999.517773,beam,83.26,2464,3,32.54,0.0,0.639,-0.228,normal
1778050597.1981237,beam,90.52,4037,2,98.44,0.0,1.213,0.129,racing
1778050574.7819843,beam,106.82,3210,3,78.91,0.0,0.595,-1.032,racing
1778049966.1924295,beam,91.57,2585,3,23.81,0.0,-0.129,-0.03,normal
1778050014.573445,beam,87.58,2518,3,27.78,0.0,-0.043,-0.463,normal
1778050009.3800008,beam,86.98,2536,3,30.55,0.0,0.171,0.972,normal
1778050257.3176494,beam,49.1,1526,3,14.29,0.0,-0.017,-1.403,normal
1778049973.488968,beam,70.06,1728,3,0.0,0.0,-0.737,0.208,normal
1778050846.6077707,beam,117.49,3462,3,100.0,0.0,1.172,-0.103,racing
1778049815.780604,beam,25.76,2066,2,33.33,0.0,0.754,-1.229,normal
1778050887.9181728,beam,80.77,3217,2,86.33,0.0,-0.909,-0.313,racing
1778050701.7348957,beam,75.6,3482,2,100.0,4.76,1.243,0.589,racing
1778049860.4794316,beam,88.92,2570,3,29.76,0.0,0.104,0.874,normal
1778050070.9650245,beam,77.75,2250,3,25.4,0.0,-0.036,-0.556,normal
1778050963.1808383,beam,77.06,3083,2,58.59,0.0,0.089,2.86,racing
1778050224.0300736,beam,74.05,1861,3,0.0,0.0,-0.457,1.251,normal
1778050686.5388129,beam,24.04,770,2,0.0,0.0,-1.181,-0.149,racing
1778050768.4508176,beam,90.02,2641,3,32.54,0.0,0.079,-2.531,racing
1778050560.2812307,beam,70.57,2857,2,84.77,0.0,0.279,1.632,racing
1778050160.476087,beam,25.76,1678,2,44.05,0.0,0.822,5.421,normal
1778049952.641679,beam,83.01,2370,3,23.02,0.0,0.422,-0.214,normal
1778050866.0740037,beam,75.07,3462,2,100.0,0.0,1.39,-0.633,racing
1778050311.5383625,beam,51.08,776,3,0.0,0.0,-0.133,1.71,normal
1778050197.997167,beam,53.12,1786,3,21.83,0.0,0.201,-1.226,normal
1778050046.9137728,beam,43.84,1684,3,21.43,0.0,-0.329,-0.451,normal
1778050739.4684997,beam,128.26,3615,3,47.62,0.0,0.013,-0.455,racing
1778050100.987923,beam,86.03,2486,3,27.78,0.0,0.089,0.385,normal
1778050263.9007332,beam,58.28,1694,3,14.29,0.0,0.498,-0.754,normal
1778050272.9902976,beam,63.59,1451,3,0.0,0.0,-0.896,-1.342,normal
1778049996.616433,beam,75.4,2300,3,31.74,0.0,1.34,4.574,normal
1778050742.301844,beam,129.25,3639,3,47.62,0.0,0.083,0.138,racing
1778051001.2076323,beam,65.1,2955,2,100.0,0.0,0.734,3.4,racing
1778050850.065704,beam,127.5,3699,3,100.0,0.0,0.523,1.348,racing
1778050920.304203,beam,130.26,3722,3,67.97,0.0,0.466,1.234,racing
1778050627.1559973,beam,57.96,2860,2,100.0,0.0,1.869,5.829,racing
1778050809.257969,beam,123.38,5334,2,100.0,0.0,0.716,0.304,racing
1778050573.0468335,beam,103.0,3129,3,78.91,0.0,0.687,0.385,racing
1778050751.1177866,beam,97.61,3009,3,75.39,0.0,0.638,-1.423,racing
1778049997.784037,beam,78.92,2369,3,31.74,0.0,0.891,1.172,normal
1778050862.105133,beam,53.7,2778,2,100.0,0.0,1.691,-0.56,racing
1778050911.7892191,beam,115.72,5026,2,100.0,0.0,0.777,-0.11,racing
1778050221.977508,beam,78.65,2228,3,14.29,0.0,0.009,-0.613,normal
1778049852.5488513,beam,85.36,2504,3,31.35,0.0,0.146,0.109,normal
1778050779.2147467,beam,99.49,2907,3,42.86,0.0,0.318,1.152,racing
1778049916.9280405,beam,73.47,2207,3,26.98,0.0,0.126,-0.501,normal
1778050654.494421,beam,124.46,3549,3,54.69,0.0,0.05,0.043,racing
1778050592.5432668,beam,72.63,2559,3,100.0,0.0,0.736,-1.439,racing
1778050644.3805673,beam,101.6,3023,3,55.47,0.0,0.355,-1.046,racing
1778050530.496502,beam,138.89,3928,3,67.19,0.0,0.284,0.365,racing
1778050495.8673022,beam,53.93,4470,1,100.0,0.0,1.933,2.478,racing
1778049827.2608666,beam,59.66,2113,3,34.13,0.0,0.516,0.475,normal
1778050530.7283354,beam,139.11,3936,3,68.75,0.0,0.243,-0.389,racing
1778050308.6676106,beam,55.12,771,3,0.0,0.0,-0.553,0.848,normal
1778050989.0648572,beam,85.12,3559,2,0.0,0.0,-1.01,-1.56,racing
1778050926.5687296,beam,106.89,2819,3,0.0,0.0,-1.09,0.648,racing
1778049889.9827068,beam,84.82,2196,3,0.0,0.79,-0.945,-1.787,normal
1778050644.60184,beam,101.93,3029,3,55.47,0.0,0.405,-0.088,racing
1778050755.6802227,beam,107.8,3224,3,75.39,0.0,0.601,0.672,racing
1778050712.760266,beam,107.58,4698,2,100.0,0.0,1.03,0.093,racing
1778050569.4851818,beam,96.16,2681,3,22.62,0.0,-0.641,-2.17,racing
1778050173.071216,beam,87.84,2502,3,8.33,0.0,-0.226,0.341,normal
1778050961.651178,beam,73.82,2507,3,59.77,0.0,0.749,0.888,racing
1778050310.0053358,beam,52.84,798,3,6.75,0.0,-0.387,0.629,normal
1778050819.0987706,beam,73.85,1906,3,0.0,42.46,-4.737,-6.515,racing
1778050736.7729225,beam,127.44,3594,3,47.62,0.0,0.144,0.269,racing
1778049856.3463085,beam,87.43,2550,3,31.35,0.0,0.161,-0.095,normal
1778049814.1161766,beam,15.48,1965,1,33.33,0.0,2.424,-1.15,normal
1778049921.344457,beam,75.7,2253,3,26.98,0.0,0.09,0.802,normal
1778050821.1198535,beam,65.44,1804,3,20.63,0.0,-0.16,3.049,racing
1778050541.6409423,beam,148.12,4136,3,58.59,0.0,0.054,-0.013,racing
1778050076.577669,beam,79.77,2335,3,26.59,0.0,-0.108,-2.105,normal
1778050090.9586704,beam,82.8,2405,3,26.98,0.0,0.018,-1.425,normal
1778050874.9365375,beam,111.4,4853,2,100.0,0.0,0.889,-0.634,racing
1778050074.3451064,beam,79.06,2323,3,26.98,0.0,0.147,0.395,normal
1778050915.8458002,beam,126.31,5453,2,100.0,0.0,0.649,0.088,racing
1778049816.5305512,beam,29.34,2005,2,35.32,0.0,1.284,-1.113,normal
1778050122.2604718,beam,90.58,2592,3,27.78,0.0,-0.014,-0.273,normal
1778050637.4021263,beam,96.31,2915,3,55.86,0.0,0.325,-1.197,racing
1778050193.0683322,beam,49.49,1531,3,14.29,0.0,-0.037,0.024,normal
1778050143.3052642,beam,74.13,1870,3,0.0,0.0,-0.688,0.942,normal
1778050192.3156874,beam,49.64,1398,3,9.92,0.0,-0.156,0.691,normal
1778050306.4550798,beam,63.18,1479,3,0.0,0.0,-0.653,0.234,normal
1778050570.4788485,beam,97.44,2992,3,67.58,0.0,0.345,-1.86,racing
1778049813.1435344,beam,6.05,1773,1,30.55,0.0,2.765,-0.899,normal
1778050517.264329,beam,127.17,5486,2,100.0,0.0,0.611,-0.115,racing
1778049940.4290197,beam,78.64,2297,3,25.4,0.0,0.021,-0.503,normal
1778050805.447099,beam,113.03,4917,2,100.0,0.0,0.854,0.575,racing
1778050737.8545923,beam,127.77,3599,3,46.83,0.0,0.097,0.53,racing
1778050025.7082052,beam,87.62,2516,3,26.98,0.0,0.211,-3.402,normal
1778050086.2248492,beam,81.95,2360,3,24.21,0.0,0.071,0.947,normal
1778050952.4173162,beam,101.62,3099,3,78.91,0.0,0.548,-0.787,racing
1778050125.8836057,beam,91.15,2612,3,28.57,0.0,0.074,0.425,normal
1778050885.3654337,beam,83.93,2754,3,70.7,0.0,-0.573,-3.432,racing
1778050247.3133445,beam,59.14,1704,3,14.29,0.0,-0.493,-0.856,normal
1778050678.3923807,beam,89.49,2355,3,0.0,34.13,-4.363,8.92,racing
1778049923.7169669,beam,76.75,2270,3,26.59,0.0,0.12,-0.137,normal
1778050245.4536114,beam,61.65,1772,3,14.29,0.0,-0.454,-1.428,normal
1778050139.6411817,beam,85.06,2203,3,0.0,0.0,-0.825,0.499,normal
1778049916.726852,beam,73.36,2205,3,26.98,0.0,0.171,0.22,normal
1778050128.7141483,beam,91.66,2624,3,28.57,0.0,0.056,0.24,normal
1778050775.629684,beam,95.33,2820,3,43.65,0.0,0.321,-0.566,racing
1778050142.5081153,beam,76.78,1952,3,0.0,0.0,-0.697,1.094,normal
1778050763.8330548,beam,119.46,3358,3,38.09,0.0,0.019,0.692,racing
1778050189.543157,beam,53.42,1409,3,4.76,0.0,-0.437,-0.645,normal
1778050664.9056609,beam,109.76,3225,3,61.33,0.0,0.349,-1.502,racing
1778050680.2511911,beam,69.08,1706,3,0.0,0.0,-1.255,-1.169,racing
1778050860.1320062,beam,48.57,2394,3,100.0,0.0,1.133,2.056,racing
1778050700.9506066,beam,71.98,5280,2,100.0,2.38,1.727,3.471,racing
1778050826.5695703,beam,78.85,2585,3,53.52,0.0,0.705,-0.835,racing
1778049892.2489128,beam,66.45,1656,3,0.0,25.4,-2.982,0.666,normal
1778050306.5724287,beam,62.65,1451,3,0.0,0.0,-1.249,-5.08,normal
1778049969.6562834,beam,83.67,2164,3,0.0,3.57,-1.012,-2.239,normal
1778051000.761394,beam,64.44,2528,2,100.0,0.0,0.469,-6.052,racing
1778050979.5315523,beam,107.7,3179,3,61.33,0.0,0.418,-1.661,racing
1778050127.1822476,beam,91.38,2621,3,28.97,0.0,0.025,-0.802,normal
1778050260.5350628,beam,52.27,1576,3,14.29,0.0,0.422,-0.38,normal
1778049911.884356,beam,70.45,2151,3,26.98,0.0,0.176,2.481,normal
1778050933.388861,beam,94.34,2691,3,29.36,0.0,0.07,0.589,racing
1778050901.714287,beam,87.9,2286,3,0.0,0.0,-0.874,-0.2,racing
1778050272.1128936,beam,65.94,1596,3,0.0,0.0,-0.801,-1.94,normal
1778050984.4300106,beam,97.78,2588,3,0.0,53.91,-5.493,5.423,racing
1778050788.0790567,beam,88.72,2588,3,32.14,0.0,0.187,0.367,racing
1778050231.889738,beam,70.04,1948,3,12.7,0.0,-0.238,-0.869,normal
1778050115.948673,beam,90.27,2591,3,28.57,0.0,0.075,0.383,normal
1778049990.287101,beam,56.35,2064,3,33.73,0.0,0.678,-1.659,normal
1778049861.564466,beam,89.28,2579,3,29.76,0.0,0.038,0.191,normal
1778049901.6115515,beam,60.93,1888,3,21.43,0.0,0.154,-0.27,normal
1778049961.6565354,beam,90.68,2563,3,23.81,0.0,0.121,-0.647,normal
1778050230.336449,beam,71.21,1977,3,12.7,0.0,-0.124,-0.012,normal
1778051011.7596474,beam,111.64,4859,2,98.83,0.0,1.277,0.638,racing
1778049964.0060534,beam,91.65,2587,3,23.81,0.0,0.001,-1.088,normal
1778049904.8609445,beam,64.06,2042,3,26.98,0.0,0.233,-0.673,normal
1778050811.7869484,beam,130.72,5630,2,100.0,0.0,1.067,1.887,racing
1778049920.8977077,beam,75.53,2248,3,26.98,0.0,0.135,0.554,normal
1778050867.742784,beam,83.05,3755,2,100.0,0.0,1.419,1.211,racing
1778050868.5084298,beam,86.74,3894,2,100.0,0.0,1.272,0.108,racing
1778050274.866914,beam,60.42,1740,3,14.29,0.0,-0.249,0.696,normal
1778049991.740271,beam,60.06,2052,3,30.55,0.0,0.744,-0.624,normal
1778049995.0680175,beam,70.39,2225,3,32.54,0.0,0.985,0.304,normal
1778050498.4687755,beam,61.74,2945,2,60.94,0.0,0.528,-2.014,racing
1778050159.8231769,beam,26.05,771,2,0.0,0.0,-0.179,5.193,normal
1778050888.269779,beam,81.36,3712,2,98.83,0.0,0.761,-3.818,racing
1778049959.4446254,beam,89.55,2536,3,23.81,0.0,-0.136,-0.007,normal
1778050964.913627,beam,84.43,3792,2,78.12,0.0,1.068,-0.658,racing
1778049865.281814,beam,90.2,2603,3,30.16,0.0,0.043,-0.683,normal
1778050177.6844392,beam,79.65,2170,3,9.52,0.0,-0.717,-5.825,normal
1778050985.4906988,beam,92.25,2796,3,60.94,0.0,0.514,3.462,racing
1778050823.774047,beam,72.0,2368,3,40.48,0.0,0.544,0.032,racing
1778050895.070021,beam,104.8,4589,2,100.0,0.0,0.944,-0.427,racing
1778050880.6992395,beam,97.28,2885,3,0.0,0.0,0.709,42.353,racing
1778050519.744538,beam,132.47,5699,2,100.0,0.0,0.564,-0.003,racing
1778050565.6960795,beam,91.11,4053,2,82.03,0.0,1.11,0.561,racing
1778050177.9023976,beam,79.31,2160,3,8.33,0.0,-0.462,-0.413,normal
1778050620.1562936,beam,90.84,2384,3,0.0,20.63,-3.059,5.629,racing
1778050989.711522,beam,82.98,3059,3,13.49,0.0,-0.327,-1.112,racing
1778049888.7643044,beam,88.44,2302,3,0.0,0.0,-0.91,-3.773,normal
1778050554.4549608,beam,119.13,3160,3,0.0,67.58,-7.838,-7.601,racing
1778050912.3398302,beam,117.31,5090,2,100.0,0.0,0.863,0.546,racing
1778050184.4201248,beam,63.54,1595,3,1.19,0.0,-0.538,1.46,normal
1778050226.1188736,beam,72.37,2009,3,12.7,0.0,-0.115,0.74,normal
1778050076.272599,beam,79.72,2333,3,26.59,0.0,0.073,-1.068,normal
1778050983.7741306,beam,108.18,2860,3,0.0,0.0,-0.81,1.216,racing
1778049957.1966157,beam,89.18,2526,3,23.81,0.0,0.177,-1.957,normal
1778050988.8620503,beam,85.8,3586,2,0.0,22.62,-3.665,13.267,racing
1778050627.831987,beam,61.64,3007,2,100.0,0.0,1.436,-0.543,racing
1778050663.745968,beam,108.04,3175,3,58.99,0.0,0.406,-0.037,racing
1778050587.393845,beam,95.49,2849,3,42.86,0.0,-0.259,-5.554,racing
1778050881.032127,beam,91.73,2417,3,0.0,46.43,-5.638,19.777,racing
1778050925.4032338,beam,118.25,3140,3,0.0,0.0,-0.942,-0.837,racing
1778050855.0123997,beam,132.8,3560,3,0.0,0.0,-1.715,-17.828,racing
1778050662.379141,beam,106.2,3103,3,51.56,0.0,-0.227,-4.253,racing
1778050533.4230056,beam,142.49,4041,3,90.23,0.0,0.315,-0.462,racing
1778050310.9627645,beam,52.04,1184,3,0.0,0.0,-0.384,0.246,normal
1778050016.5391738,beam,87.44,2512,3,26.98,0.0,-0.022,-0.124,normal
1778049919.3778868,beam,74.71,2228,3,26.59,0.0,0.077,-0.485,normal
1778050508.667502,beam,101.81,4472,2,100.0,0.0,1.149,2.458,racing
1778050256.752315,beam,49.02,1520,3,14.29,0.0,-0.067,-0.926,normal
1778050750.3522458,beam,95.67,3497,3,75.39,0.0,0.333,-0.846,racing
1778050947.6185396,beam,91.85,2837,3,58.2,1.59,0.385,0.941,racing
1778050929.5560384,beam,99.32,2928,3,46.83,0.0,0.331,0.072,racing
1778051003.5576613,beam,77.59,3552,2,100.0,0.0,1.514,0.593,racing
1778050267.598775,beam,64.6,1834,3,14.29,0.0,0.292,-1.332,normal
1778050681.5577984,beam,57.39,1225,3,0.0,0.0,-1.335,-2.757,racing
1778050205.4825768,beam,58.79,1880,3,22.62,0.0,0.201,0.403,normal
1778050663.043826,beam,107.1,3134,3,53.52,0.0,0.335,-0.45,racing
1778050083.3224754,beam,81.69,2373,3,26.19,0.0,0.004,-0.716,normal
1778051015.1754482,beam,126.06,5441,2,98.83,0.0,0.996,-0.502,racing
1778050568.9177768,beam,96.23,2949,3,62.5,0.0,0.572,0.306,racing
1778050703.167218,beam,80.36,3654,2,100.0,4.76,0.838,-3.196,racing
1778050802.32587,beam,102.59,4503,2,100.0,0.0,1.177,1.236,racing
1778050248.217334,beam,57.68,1688,3,14.29,0.0,-0.414,0.598,normal
1778049942.7829728,beam,79.38,2306,3,25.0,0.0,0.901,9.039,normal
1778050282.322961,beam,55.36,1693,3,16.67,0.0,-0.049,-0.153,normal
1778049978.3408513,beam,61.74,1692,3,8.73,0.0,-0.531,0.023,normal
1778050930.441717,beam,98.97,2603,3,0.0,0.0,-0.884,2.615,racing
1778050595.194229,beam,81.03,3681,2,100.0,0.0,1.329,-0.681,racing
1778050742.1887298,beam,129.22,3638,3,47.62,0.0,0.067,-0.445,racing
1778050009.4860225,beam,87.0,2535,3,30.55,0.0,0.052,-1.128,normal
1778049922.447904,beam,76.22,2260,3,26.59,0.0,0.094,0.459,normal
1778049825.9605708,beam,57.17,2089,3,34.13,0.0,0.483,-1.371,normal
1778049961.324513,beam,90.52,2559,3,23.81,0.0,0.177,0.982,normal
1778050895.7477355,beam,107.21,4685,2,100.0,0.0,0.987,-0.062,racing
1778050781.8409848,beam,91.34,2403,3,0.0,40.87,-5.092,-16.365,racing
1778050314.3164403,beam,39.03,771,2,0.0,19.44,-2.135,1.928,normal
1778049909.216061,beam,68.55,2115,3,26.98,0.0,0.277,1.09,normal
1778050118.2307425,beam,90.25,2576,3,26.19,0.0,-0.005,-0.166,normal
1778050028.153587,beam,86.63,2253,3,0.0,0.0,-0.888,-0.37,normal
1778050592.7495284,beam,73.24,2613,3,100.0,0.0,0.825,-0.124,racing
1778050306.922358,beam,62.33,1365,3,0.0,0.0,-0.165,-0.557,normal
1778050626.104145,beam,54.57,2436,3,100.0,0.0,1.272,1.503,racing
1778050711.1115775,beam,102.46,4495,2,100.0,0.0,0.644,-2.008,racing
1778050685.6524642,beam,27.91,766,2,0.0,0.0,-2.127,24.474,racing
1778050253.6187465,beam,50.47,1517,3,13.49,0.0,-0.339,-0.893,normal
1778050588.1648967,beam,95.69,2835,3,44.05,0.0,0.126,-0.433,racing
1778050946.4190583,beam,91.64,2766,3,49.6,5.56,-0.121,1.287,racing
1778050179.7697694,beam,74.44,1949,3,2.78,0.0,-0.716,-0.676,normal
1778050715.798572,beam,116.59,5061,2,100.0,0.0,0.808,-0.069,racing
1778050723.2448711,beam,128.5,3671,3,62.11,0.0,0.261,-0.911,racing
1778050801.3070767,beam,98.54,4347,2,100.0,0.0,1.164,0.09,racing
1778050940.9064178,beam,101.76,3062,3,63.67,0.0,0.646,1.719,racing
1778050897.283911,beam,109.25,4588,2,0.0,11.51,-1.312,-1.845,racing
1778049943.8938746,beam,79.23,2306,3,25.0,0.0,-0.049,-0.394,normal
1778050247.6629171,beam,58.56,1705,3,14.29,0.0,-0.472,-0.262,normal
1778050814.6262064,beam,111.52,2955,3,0.0,0.0,-0.546,-1.242,racing
1778050969.8117917,beam,73.81,2624,3,86.72,0.0,0.873,-0.747,racing
1778050269.3778317,beam,66.58,1872,3,13.49,0.0,0.124,-0.939,normal
1778050944.2990675,beam,101.34,2671,3,0.0,0.0,-0.826,1.114,racing
1778050885.265306,beam,84.14,2753,3,67.97,0.0,-0.229,5.521,racing
1778049947.3474407,beam,79.47,2303,3,24.21,0.0,0.028,-0.243,normal
1778050063.2267802,beam,63.04,2297,3,44.44,0.0,0.758,1.216,normal
1778050112.385153,beam,89.47,2580,3,29.36,0.0,0.015,-0.352,normal
1778049842.0771637,beam,78.4,2349,3,30.55,0.0,0.057,-3.522,normal
1778050498.03662,beam,60.92,2918,2,59.77,0.0,0.763,4.367,racing
1778049924.6822145,beam,77.08,2280,3,26.59,0.0,0.091,0.268,normal
1778049946.2507524,beam,79.3,2299,3,24.21,0.0,-0.063,-2.848,normal
1778050744.5720844,beam,95.68,2507,3,0.0,0.0,-0.801,4.184,racing
1778049921.779451,beam,76.01,2257,3,26.98,0.0,0.347,2.84,normal
1778050573.5968168,beam,104.29,3156,3,78.91,0.0,0.744,2.01,racing
1778050954.400509,beam,103.7,2738,3,0.0,0.0,-0.82,-0.479,racing
1778050562.4370098,beam,76.8,3530,2,73.44,0.0,-0.218,-20.748,racing
1778050243.2014408,beam,63.5,1812,3,14.29,0.0,-0.035,1.791,normal
1778050089.5529532,beam,82.43,2390,3,26.59,0.0,0.001,-1.404,normal
1778050294.7235825,beam,58.91,1857,3,21.43,0.0,0.094,-0.035,normal
1778049927.180588,beam,77.55,2284,3,26.19,0.0,0.041,0.104,normal
1778050682.121989,beam,54.15,823,3,0.0,34.13,-3.754,-24.917,racing
1778050781.0590384,beam,96.48,2533,3,0.0,0.0,-0.859,0.532,racing
1778050867.209031,beam,80.38,3657,2,100.0,0.0,1.484,0.955,racing
1778049842.7343278,beam,78.85,2359,3,30.55,0.0,0.067,-0.912,normal
1778049925.577614,beam,77.29,2288,3,26.98,0.0,0.085,0.532,normal
1778049955.9642365,beam,87.94,2496,3,23.81,0.0,0.301,-3.289,normal
1778050724.989363,beam,129.24,3641,3,48.02,0.0,-0.002,-1.092,racing
1778049917.4481368,beam,73.77,2213,3,26.98,0.0,0.18,0.599,normal
1778050073.407072,beam,78.69,2311,3,26.59,0.0,0.111,-0.049,normal
1778050256.8607562,beam,48.98,1523,3,14.29,0.0,-0.087,-0.182,normal
1778050024.828026,beam,87.3,2509,3,26.98,0.0,-0.037,-0.41,normal
1778050839.7497122,beam,105.72,4624,2,100.0,0.0,0.677,0.988,racing
1778049951.3209157,beam,81.15,2328,3,23.81,0.0,0.479,0.542,normal
1778049879.5475426,beam,94.0,2691,3,30.16,0.0,0.014,-0.258,normal
1778050849.059473,beam,125.74,3654,3,100.0,0.0,0.717,-0.725,racing
1778050003.2418015,beam,87.37,2553,3,31.74,0.0,0.071,-0.151,normal
1778049964.2357368,beam,91.72,2588,3,23.81,0.0,0.082,0.091,normal
1778050054.0353758,beam,42.22,1677,3,21.43,0.0,0.296,1.427,normal
1778050646.8652885,beam,107.94,3160,3,55.47,0.0,0.816,-0.705,racing
1778049985.137766,beam,51.9,1775,3,21.83,0.0,-0.017,0.616,normal
1778049993.7373133,beam,66.08,2149,3,31.74,0.0,0.941,1.117,normal
1778050214.6791468,beam,67.71,2035,3,23.02,0.0,0.559,0.202,normal
1778050070.1938882,beam,77.69,2439,3,30.55,0.0,0.336,-1.165,normal
1778050054.9811325,beam,43.09,1764,3,25.0,0.0,0.256,-0.781,normal
1778050803.542549,beam,106.92,4672,2,100.0,0.0,0.995,0.201,racing
1778050666.108348,beam,111.85,3313,3,75.39,0.0,0.479,-0.008,racing
1778051023.6440473,beam,32.67,773,2,0.0,0.0,-0.335,2.224,racing
1778050658.8784454,beam,103.19,2989,3,40.48,0.0,0.251,1.671,racing
1778050160.3732584,beam,25.46,1431,2,33.33,0.0,0.264,5.026,normal
1778050173.5006454,beam,86.96,2347,3,7.54,0.0,-0.524,0.245,normal
1778049954.957221,beam,86.6,2463,3,23.81,0.0,0.407,-0.116,normal
1778050664.2106795,beam,108.71,3200,3,60.55,0.0,0.471,0.661,racing
1778050765.948748,beam,99.33,2626,3,0.0,40.48,-4.641,6.309,racing
1778049874.7768502,beam,92.93,2665,3,30.16,0.0,0.127,0.694,normal
1778050071.077914,beam,77.81,2276,3,26.59,0.0,0.156,1.7,normal
1778050725.2048495,beam,129.35,3645,3,48.41,0.0,0.122,-0.476,racing
1778050775.3979275,beam,95.04,2814,3,43.65,0.0,0.399,1.131,racing
1778050631.0513303,beam,78.85,3601,2,100.0,0.0,1.619,2.457,racing
1778050903.1951747,beam,88.01,2852,3,100.0,0.0,0.792,0.164,racing
1778050811.4767132,beam,129.65,5587,2,100.0,0.0,0.759,-2.592,racing
1778050879.356866,beam,112.69,4734,2,0.0,42.46,-5.953,-30.221,racing
1778049951.960894,beam,82.03,2355,3,23.02,0.0,0.213,-4.324,normal
1778051000.991512,beam,64.67,2656,2,100.0,0.0,0.356,1.363,racing
1778050538.5375822,beam,147.45,4116,3,57.81,0.0,0.094,-0.11,racing
1778050929.3540287,beam,99.08,2925,3,48.02,0.0,0.334,-0.114,racing
1778050641.682351,beam,98.96,2971,3,55.86,0.0,0.05,-1.183,racing
1778050622.398595,beam,69.3,1695,3,0.0,0.0,-0.503,0.871,racing
1778050030.8427367,beam,80.03,2181,3,9.92,0.0,-0.563,-1.601,normal
1778050101.3228395,beam,86.11,2491,3,28.57,0.0,0.084,0.405,normal
1778049841.4315262,beam,77.96,2340,3,30.55,0.0,0.344,2.644,normal
1778049880.6333168,beam,94.27,2697,3,30.16,0.0,0.111,0.11,normal
1778050865.858853,beam,73.97,3423,2,100.0,0.0,1.652,0.665,racing
1778050149.8084955,beam,62.83,1878,3,19.84,0.0,0.001,1.04,normal
1778050203.402887,beam,57.38,1858,3,22.62,0.0,0.407,0.661,normal
1778050700.4808974,beam,69.48,5644,1,100.0,1.59,1.548,-2.267,racing
1778050955.8863544,beam,98.94,2603,3,0.0,0.0,-0.794,2.099,racing
1778050769.5116024,beam,90.47,2705,3,43.65,0.0,0.304,0.947,racing
1778050306.137391,beam,63.95,1570,3,0.0,0.0,-0.647,0.809,normal
1778050264.6874275,beam,59.75,1724,3,14.29,0.0,0.414,-1.227,normal
1778050998.8097496,beam,59.31,771,3,5.95,0.0,-0.469,-0.037,racing
1778050602.3801346,beam,82.36,2732,3,73.05,0.0,0.96,-0.607,racing
1778050605.1540475,beam,87.32,3175,2,100.0,0.0,0.054,-0.379,racing
1778050036.77009,beam,64.32,1656,3,3.17,0.0,-0.782,3.752,normal
1778050301.636769,beam,61.67,1924,3,22.62,0.0,0.142,0.062,normal
1778050905.114076,beam,92.81,4114,2,80.08,0.0,1.009,-0.656,racing
1778050863.2303588,beam,59.95,2956,2,100.0,0.0,1.511,0.079,racing
1778050044.2558074,beam,48.24,1675,3,19.84,0.0,-0.417,2.007,normal
1778049814.9004056,beam,21.63,2105,1,32.54,0.0,2.024,0.946,normal
1778050036.1038425,beam,66.66,1641,3,1.98,0.0,-1.022,-0.007,normal
1778050254.146123,beam,50.05,1522,3,13.49,0.0,-0.197,0.416,normal
1778050134.0947087,beam,92.46,2643,3,28.57,0.0,-0.003,0.021,normal
1778050176.1480095,beam,82.2,2238,3,9.52,0.0,-0.697,-3.188,normal
1778050535.907163,beam,145.47,4114,3,90.23,0.0,0.299,-0.304,racing
1778050241.6537251,beam,64.19,1828,3,14.29,0.0,-0.132,0.008,normal
1778049826.067854,beam,57.39,2091,3,34.13,0.0,0.56,0.714,normal
1778050866.2909174,beam,76.08,3499,2,100.0,0.0,1.156,-2.537,racing
1778050664.7937262,beam,109.62,3217,3,60.55,0.0,0.517,1.272,racing
1778050062.031885,beam,59.98,2268,3,44.44,0.0,0.764,0.485,normal
1778050499.531946,beam,64.18,3091,2,87.11,0.0,0.423,-6.151,racing
1778049813.3650982,beam,8.11,1823,1,30.55,0.0,2.619,0.779,normal
1778050946.5207052,beam,91.54,2780,3,52.34,6.75,-0.267,-1.436,racing
1778050315.0131085,beam,36.22,773,2,0.0,16.27,-1.3,-1.292,normal
1778050647.3195374,beam,109.5,3193,3,55.08,0.0,1.023,1.645,racing
1778049979.1147234,beam,60.01,1635,3,7.54,0.0,-0.597,0.703,normal
1778050071.630152,beam,77.98,2294,3,26.98,0.0,0.076,-0.259,normal
1778050504.89982,beam,85.73,3855,2,100.0,0.0,1.221,-0.106,racing
1778050146.6561775,beam,64.85,1850,3,15.08,4.76,-0.735,-2.904,normal
1778050262.682322,beam,55.99,1645,3,14.29,0.0,0.6,-0.755,normal
1778050760.5496936,beam,116.33,3352,3,54.69,0.0,0.294,-0.402,racing
1778050068.8810012,beam,75.35,2448,3,44.05,0.0,0.492,-1.129,normal
1778049852.7785544,beam,85.51,2507,3,31.35,0.0,0.175,-0.097,normal
1778050852.0824869,beam,129.88,3754,3,100.0,0.0,0.308,3.029,racing
1778050705.7125523,beam,86.87,3898,2,100.0,5.56,0.854,2.953,racing
1778049869.3135393,beam,91.46,2632,3,30.16,0.0,0.079,-0.041,normal
1778049914.364501,beam,72.05,2179,3,26.98,0.0,0.128,-1.572,normal
1778050192.8527353,beam,49.52,1524,3,14.29,0.0,0.095,0.981,normal
1778050621.7255988,beam,70.76,1789,3,0.0,8.73,-1.56,21.82,racing
1778050496.714286,beam,57.81,4724,1,58.2,0.0,1.132,6.105,racing
1778050751.2373104,beam,97.85,3015,3,75.39,0.0,0.552,-0.722,racing
1778050047.9990804,beam,42.7,1683,3,21.43,0.0,-0.355,-1.063,normal
1778050217.1943476,beam,72.51,2132,3,23.02,0.0,0.609,0.351,normal
1778050531.2722309,beam,139.69,3972,3,90.23,0.0,0.4,1.222,racing
1778050976.2454455,beam,100.44,4419,2,100.0,0.0,1.087,-0.493,racing
1778050136.2064586,beam,92.77,2653,3,28.57,0.0,0.057,-0.011,normal
1778050671.2954032,beam,105.61,2800,3,0.0,42.46,-4.923,-0.417,racing
1778050220.6743815,beam,77.76,2250,3,23.02,0.0,-0.026,-5.458,normal
1778049869.7452655,beam,91.57,2631,3,29.76,0.0,0.073,0.271,normal
1778050985.076178,beam,92.68,2426,3,0.0,0.0,-1.034,-0.183,racing
1778050230.567443,beam,71.0,1973,3,12.7,0.0,-0.252,-0.11,normal
1778050902.2847853,beam,86.29,2340,3,26.19,0.0,-0.567,2.108,racing
1778050514.1002848,beam,119.26,5168,2,100.0,0.0,0.794,-0.392,racing
1778049950.749405,beam,80.36,2314,3,23.81,0.0,0.197,-1.593,normal
1778050293.390865,beam,58.34,1849,3,21.43,0.0,0.072,-0.03,normal
1778049964.6933098,beam,91.75,2590,3,23.81,0.0,0.042,0.745,normal
1778050527.0101,beam,134.56,3860,3,100.0,0.0,0.336,-1.415,racing
1778050263.1241562,beam,56.74,1661,3,14.29,0.0,0.505,1.855,normal
1778050305.4879093,beam,64.42,2048,3,26.98,0.0,0.24,0.348,normal
1778050009.2758625,beam,86.92,2538,3,31.35,0.0,0.07,-0.895,normal
1778050138.5466146,beam,88.35,2299,3,0.0,0.0,-0.934,-0.455,normal
1778049969.7765388,beam,83.18,2149,3,0.0,2.38,-1.145,-1.106,normal
1778050873.7090433,beam,107.41,4691,2,100.0,0.0,1.077,0.289,racing
1778050099.7902951,beam,85.69,2479,3,27.78,0.0,0.016,-0.308,normal
1778050241.3298924,beam,64.37,1831,3,14.29,0.0,-0.166,0.897,normal
1778050612.1187007,beam,61.3,2463,3,87.5,0.0,1.374,-0.402,racing
1778050875.707054,beam,113.68,4944,2,100.0,0.0,0.788,0.352,racing
1778050793.7738078,beam,69.29,2213,3,38.49,0.0,0.348,2.374,racing
1778049951.2158625,beam,80.97,2326,3,23.02,0.0,0.422,1.613,normal
1778050715.0274856,beam,114.33,4970,2,100.0,0.0,0.75,1.247,racing
1778050510.8938403,beam,109.65,4782,2,100.0,0.0,0.849,0.241,racing
1778050772.63262,beam,92.71,2767,3,43.65,0.0,0.146,0.301,racing
1778049999.9678984,beam,84.22,2486,3,32.14,0.0,0.565,0.725,normal
1778051001.5550818,beam,67.01,3180,2,100.0,0.0,1.562,0.363,racing
1778049916.076539,beam,72.99,2198,3,26.98,0.0,0.125,0.012,normal
1778050727.293903,beam,130.26,3670,3,49.6,0.0,0.143,0.598,racing
1778050865.64137,beam,72.7,3379,2,100.0,0.0,1.775,4.058,racing
1778050913.41899,beam,120.26,5206,2,100.0,0.0,0.78,0.346,racing
1778050962.6303878,beam,76.71,2663,3,98.83,0.0,1.083,3.26,racing
1778050982.3424318,beam,112.98,3309,3,31.35,0.0,0.411,-1.695,racing
1778050756.999769,beam,110.53,3284,3,75.39,0.0,0.618,0.677,racing
1778049856.015167,beam,87.26,2546,3,31.35,0.0,0.161,-0.025,normal
1778050039.5887609,beam,58.0,1803,3,19.44,0.0,-0.313,2.502,normal
1778050999.9774606,beam,61.63,2488,3,100.0,0.0,1.059,-0.759,racing
1778050029.052522,beam,83.94,2173,3,0.0,0.0,-0.815,0.685,normal
1778049829.2314842,beam,63.1,2151,3,34.13,0.0,0.456,0.211,normal
1778050635.7720034,beam,93.54,2858,3,55.86,0.0,0.504,0.189,racing
1778050763.284826,beam,119.29,3419,3,52.74,0.0,0.195,-0.914,racing
1778050249.8205776,beam,55.18,1638,3,14.29,0.0,-0.48,-1.216,normal
1778050592.331844,beam,72.01,2367,3,85.16,0.0,0.522,4.335,racing
1778049910.4118018,beam,69.48,2132,3,26.98,0.0,0.18,-0.51,normal
1778049850.379857,beam,84.09,2476,3,31.35,0.0,0.227,0.765,normal
1778050578.55133,beam,114.74,3383,3,79.3,0.0,0.563,-0.703,racing
1778050661.826686,beam,105.85,3086,3,49.6,0.0,0.11,-1.248,racing
1778050679.2753766,beam,73.71,1908,3,0.0,44.05,-4.447,5.832,racing
1778050493.200848,beam,33.9,3054,1,100.0,0.0,2.374,-0.237,racing
1778050276.6379294,beam,58.55,1736,3,15.87,0.0,-0.294,0.113,normal
1778049894.2973895,beam,58.96,1625,3,12.7,0.0,-0.364,3.22,normal
1778050634.5353262,beam,91.38,2794,3,53.13,0.0,0.454,0.333,racing
1778050137.656709,beam,91.03,2377,3,0.0,0.0,-0.778,0.334,normal
1778049929.8692577,beam,77.67,2287,3,26.19,0.0,0.018,0.823,normal
1778050132.143303,beam,92.21,2640,3,28.97,0.0,0.003,-0.454,normal
1778049846.026955,beam,81.21,2416,3,31.35,0.0,0.14,-0.825,normal
1778050819.66917,beam,71.6,1776,3,0.0,0.0,-0.581,-1.771,racing
1778050504.4472992,beam,83.61,3775,2,100.0,0.0,1.414,-0.986,racing
1778049884.1162431,beam,94.95,2714,3,30.16,0.0,0.075,0.126,normal
1778050768.9828672,beam,90.12,2621,3,34.13,0.0,0.022,-1.039,racing
1778050030.3949745,beam,80.86,2180,3,7.54,0.0,-0.415,-0.689,normal
1778050225.22474,beam,72.64,1963,3,7.54,0.0,-0.208,0.331,normal
1778049845.4472165,beam,80.86,2407,3,31.35,0.0,0.24,0.389,normal
1778050068.329727,beam,74.31,2432,3,44.05,0.0,0.552,-0.517,normal
1778050520.4919436,beam,133.19,4314,3,0.0,0.0,-0.304,-4.59,racing
1778050070.6433525,beam,77.75,2228,3,21.43,0.0,-0.071,-0.826,normal
1778050229.265774,beam,71.76,1983,3,11.91,0.0,-0.115,0.279,normal
1778050240.5712192,beam,65.03,1847,3,14.29,0.0,-0.192,-0.447,normal
1778050023.495727,beam,87.29,2509,3,26.98,0.0,0.028,0.536,normal
1778050957.9962423,beam,83.85,2166,3,0.0,0.0,-0.896,-2.677,racing
1778050199.162673,beam,54.12,1798,3,21.83,0.0,0.245,0.024,normal
1778049893.7455957,beam,60.06,1123,3,0.0,0.0,-0.671,-1.178,normal
1778050222.3116872,beam,77.8,1995,3,0.0,0.0,-0.885,-0.074,normal
1778050881.665511,beam,89.05,2459,3,23.81,0.0,-0.663,9.445,racing
1778050850.4130898,beam,128.12,3713,3,100.0,0.0,0.49,0.743,racing
1778049950.3990748,beam,80.0,2295,3,22.62,0.0,0.152,-1.191,normal
1778050855.2383628,beam,127.76,3405,3,0.0,64.84,-8.601,-42.64,racing
1778050886.369341,beam,82.63,2741,3,74.22,0.0,0.018,2.136,racing
1778050135.9916673,beam,92.73,2656,3,29.36,0.0,0.025,-0.004,normal
1778050217.6129851,beam,73.27,2148,3,23.02,0.0,0.527,1.068,normal
1778050046.5706131,beam,44.28,1679,3,20.63,0.0,-0.313,3.24,normal
1778050782.2937407,beam,86.96,2262,3,0.0,0.0,-0.8,10.89,racing
1778050779.8582554,beam,99.98,2850,3,18.25,0.0,-0.088,-3.629,racing
1778050776.0631678,beam,95.92,2835,3,43.65,0.0,0.403,1.549,racing
1778050550.2067516,beam,148.63,4148,3,58.2,0.0,0.026,0.95,racing
1778050274.3217769,beam,60.98,1725,3,12.3,0.0,-0.34,0.062,normal
1778050539.825371,beam,147.72,4127,3,59.77,0.0,0.199,2.138,racing
1778050532.8776126,beam,141.82,4025,3,91.02,0.0,0.402,1.062,racing
1778050794.8890057,beam,72.38,2616,3,100.0,0.0,0.868,-1.208,racing
1778049868.0990894,beam,91.09,2623,3,30.16,0.0,0.095,0.559,normal
1778049909.5450437,beam,68.84,2120,3,26.98,0.0,0.249,-0.369,normal
1778049856.680323,beam,87.6,2548,3,29.76,0.0,0.159,0.101,normal
1778051020.5529156,beam,36.23,776,2,0.0,58.2,-0.945,46.956,racing
1778051024.7266998,beam,31.84,769,2,0.0,0.0,-0.555,-2.637,racing
1778050202.8310575,beam,56.55,1853,3,22.62,0.0,-1.086,-2.399,normal
1778049910.0776372,beam,69.22,2128,3,26.98,0.0,0.146,-0.51,normal
1778049834.5939891,beam,70.99,2261,3,34.13,0.0,0.306,-0.631,normal
1778050565.16302,beam,89.08,3973,2,82.03,0.0,1.232,0.308,racing
1778049862.0315351,beam,89.47,2582,3,29.76,0.0,0.065,-0.009,normal
1778050037.6697836,beam,62.04,1745,3,11.91,0.0,-0.448,2.823,normal
1778050078.6101544,beam,80.42,2349,3,26.59,0.0,0.087,0.065,normal
1778049839.363682,beam,76.4,2329,3,32.54,0.0,0.085,-1.892,normal
1778050943.3192868,beam,103.62,2868,3,20.63,0.0,-0.262,0.359,racing
1778050590.7783086,beam,76.19,1978,3,0.0,44.84,-5.309,4.912,racing
1778049932.5839336,beam,77.47,2170,3,15.87,0.0,-0.229,-0.717,normal
1778050195.0348213,beam,50.49,1694,3,19.84,0.0,0.185,0.065,normal
1778050650.8304782,beam,120.77,3461,3,55.47,0.0,0.648,-0.873,racing
1778050000.078124,beam,84.46,2491,3,32.14,0.0,0.596,0.273,normal
1778050252.30049,beam,51.95,1576,3,14.29,0.0,-0.253,1.066,normal
1778050584.865775,beam,91.65,2855,3,62.5,0.0,0.647,1.732,racing
1778049890.0958638,beam,84.45,2185,3,0.0,0.0,-0.914,0.273,normal
1778050821.6825998,beam,66.43,2243,3,41.27,0.0,0.604,-0.251,racing
1778049872.2647943,beam,92.27,2650,3,30.16,0.0,0.072,0.237,normal
1778049969.5398223,beam,84.1,2175,3,0.0,0.0,-0.751,0.846,normal
1778050061.1835997,beam,57.59,2246,3,44.44,0.0,0.699,-1.394,normal
1778051010.9784412,beam,108.28,4725,2,98.83,0.0,1.336,1.803,racing
1778050156.707281,beam,57.66,772,3,0.0,0.0,-0.256,3.999,normal
1778050753.6002326,beam,103.23,3127,3,75.39,0.0,0.567,1.458,racing
1778050037.9023652,beam,61.54,1734,3,11.91,0.0,-0.741,-2.486,normal
1778050023.294964,beam,87.29,2509,3,26.98,0.0,-0.034,-0.885,normal
1778049881.1786025,beam,94.37,2700,3,30.16,0.0,0.054,-0.385,normal
1778050662.2622302,beam,106.3,3102,3,50.0,0.0,0.27,-0.033,racing
1778049846.5608673,beam,81.59,2423,3,31.35,0.0,0.182,-0.702,normal
1778050951.3000906,beam,99.14,3047,3,78.12,0.0,0.696,0.882,racing
1778050993.6960802,beam,84.93,3811,2,57.81,0.0,1.337,-2.657,racing
1778050589.360644,beam,89.18,2353,3,0.0,44.05,-6.572,-16.528,racing
1778049858.6615057,beam,88.34,2557,3,29.76,0.0,0.064,-0.545,normal
1778050867.310844,beam,80.85,3674,2,100.0,0.0,1.279,-2.01,racing
1778049823.4346197,beam,51.86,2044,3,34.13,0.0,0.482,-1.056,normal
1778050145.4083574,beam,67.99,1699,3,3.17,1.59,-0.551,4.661,normal
1778050288.609985,beam,56.88,1845,3,22.62,0.0,0.221,1.054,normal
1778050050.386261,beam,41.35,1673,3,21.43,0.0,-0.086,-0.165,normal
1778049999.633787,beam,83.54,2473,3,32.54,0.0,0.664,0.211,normal
1778049821.728371,beam,47.94,2044,3,33.73,0.0,0.761,2.288,normal
1778050764.2503035,beam,119.46,3331,3,22.62,0.0,-0.216,-2.813,racing
1778050799.2765534,beam,90.39,4037,2,100.0,0.0,1.105,-1.008,racing
1778050058.0896356,beam,49.5,1990,3,32.14,0.0,0.491,-0.532,normal
1778050159.9370823,beam,25.78,771,2,0.0,0.0,-0.66,-4.22,normal
1778050872.1180828,beam,101.41,4456,2,100.0,0.0,1.114,-0.253,racing
1778050681.7893183,beam,56.37,1093,3,0.0,0.0,-1.043,2.981,racing
1778050733.5213623,beam,129.98,3464,3,0.0,0.0,-1.24,-2.414,racing
1778050025.9483209,beam,87.53,2515,3,26.98,0.0,-0.106,-0.194,normal
1778050267.0579307,beam,63.81,1816,3,14.29,0.0,0.4,-0.224,normal
1778051011.088333,beam,108.75,4745,2,98.83,0.0,1.201,-1.223,racing
1778050124.2504995,beam,90.86,2606,3,28.57,0.0,0.009,-0.45,normal
1778050693.784664,beam,31.36,2905,1,100.0,13.49,1.471,0.501,racing
1778049812.06303,beam,0.5,744,1,0.0,0.0,0.867,-13.645,normal
1778050668.5393734,beam,116.25,3414,3,76.56,0.0,0.531,0.855,racing
1778050299.539128,beam,60.81,1910,3,22.62,0.0,0.133,-0.154,normal
1778050658.3267748,beam,102.93,2827,3,29.76,0.0,-0.38,5.124,racing
1778049913.9310267,beam,71.7,2175,3,26.98,0.0,-0.001,-0.934,normal
1778049889.8600912,beam,85.24,2207,3,0.0,0.0,-0.726,0.77,normal
1778050110.1886418,beam,88.89,2563,3,28.97,0.0,0.061,0.233,normal
1778051021.8337705,beam,35.09,766,2,0.0,0.0,-0.275,-1.836,racing
1778050565.3694448,beam,89.83,4003,2,82.03,0.0,0.894,-2.149,racing
1778050893.6024952,beam,99.24,4372,2,100.0,0.0,1.041,-0.483,racing
1778049876.516291,beam,93.33,2675,3,30.16,0.0,0.057,-0.238,normal
1778050831.9489973,beam,93.05,2932,3,80.86,0.0,0.725,0.633,racing
1778051007.5134563,beam,95.88,4241,2,99.22,0.0,1.134,0.034,racing
1778050876.4900792,beam,115.87,5031,2,100.0,0.0,0.797,0.311,racing
1778050133.8745725,beam,92.47,2643,3,28.57,0.0,0.085,1.075,normal
1778050971.7967262,beam,80.12,3646,2,100.0,0.0,1.297,-1.783,racing
1778050080.558288,beam,81.07,2360,3,26.19,0.0,0.073,-0.113,normal
1778049984.8065932,beam,51.97,1789,3,21.83,0.0,-0.002,0.137,normal
1778050916.739432,beam,128.38,5534,2,100.0,0.0,0.772,1.244,racing
1778050235.953794,beam,67.53,1896,3,13.49,0.0,-0.156,0.332,normal
1778049835.2669146,beam,71.88,2274,3,34.13,0.0,0.383,0.341,normal
1778049896.880015,beam,59.76,1780,3,16.67,0.0,-0.112,-0.964,normal
1778050598.9104364,beam,75.73,3149,2,0.0,0.0,-1.031,0.566,racing
1778050206.6722915,beam,59.56,1891,3,22.62,0.0,0.116,-0.163,normal
1778050904.7821996,beam,91.5,4066,2,100.0,0.0,1.493,5.174,racing
1778050036.4377272,beam,65.59,1642,3,1.59,0.0,-0.882,-0.313,normal
1778050999.6631434,beam,60.4,2429,3,92.58,0.0,0.929,0.265,racing
1778050975.797648,beam,98.6,4347,2,100.0,0.0,1.181,0.256,racing
1778050588.9146292,beam,94.81,2492,3,0.0,0.0,-1.3,-0.039,racing
1778050670.1773367,beam,115.76,3074,3,0.0,0.0,-1.071,-0.619,racing
1778049983.7982085,beam,52.53,1619,3,15.08,0.0,-0.247,0.266,normal
1778049830.031174,beam,64.4,2167,3,34.13,0.0,0.441,-0.015,normal
1778050510.7843497,beam,109.31,4767,2,100.0,0.0,0.823,-1.258,racing
1778050214.4465404,beam,67.26,2027,3,23.02,0.0,0.583,0.832,normal
1778050893.1479082,beam,97.39,4301,2,100.0,0.0,1.126,-0.139,racing
1778051000.195698,beam,62.46,2502,3,100.0,0.0,1.076,0.408,racing
1778050590.9940538,beam,75.22,1913,3,0.0,0.0,-0.746,9.512,racing
1778050033.100318,beam,77.27,2132,3,12.7,0.0,-0.42,-1.666,normal
1778049841.8676744,beam,78.22,2346,3,30.55,0.0,0.295,1.3,normal
1778050246.7718616,beam,60.0,1728,3,13.49,0.0,-0.371,-0.574,normal
1778050280.748284,beam,55.58,1707,3,17.06,0.0,-0.107,-0.228,normal
1778050912.7819276,beam,118.57,5140,2,100.0,0.0,0.833,1.33,racing
1778050238.7359688,beam,65.82,1866,3,14.29,0.0,-0.114,0.833,normal
1778050562.9686034,beam,78.88,3591,2,80.86,0.0,1.212,0.444,racing
1778049855.0136447,beam,86.74,2535,3,31.35,0.0,0.17,0.592,normal
1778049875.6496675,beam,93.12,2671,3,30.16,0.0,0.034,-0.097,normal
1778051017.612555,beam,111.2,2931,3,0.0,68.36,-8.903,4.847,racing
1778051025.3931563,beam,30.55,770,2,0.0,16.27,-1.614,-6.486,racing
1778049824.660825,beam,54.52,2066,3,34.13,0.0,0.476,-3.321,normal
1778050723.9118235,beam,128.87,3632,3,48.02,0.0,0.098,0.512,racing
1778050926.671828,beam,105.16,2789,3,0.0,39.28,-4.681,-34.824,racing
1778050748.4228888,beam,89.29,3682,2,73.05,0.0,0.031,1.182,racing
1778051021.6187222,beam,35.22,768,2,0.0,0.0,-0.492,2.272,racing
1778051019.7734473,beam,46.99,770,3,0.0,70.7,17.259,55.232,racing
1778050919.4271605,beam,129.13,3695,3,66.41,0.0,0.272,-5.995,racing
1778049868.7613678,beam,91.29,2628,3,30.16,0.0,0.051,-0.221,normal
1778050005.6465142,beam,86.83,2539,3,31.35,0.0,-0.126,-0.06,normal
1778050017.8795552,beam,87.4,2510,3,26.98,0.0,0.003,0.453,normal
1778050581.7462714,beam,97.57,2590,3,0.0,55.08,-5.784,2.883,racing
1778050258.2005396,beam,49.59,1528,3,13.49,0.0,0.286,0.328,normal
1778050190.1807065,beam,52.54,1391,3,4.76,0.0,-0.431,-0.976,normal
1778050718.898069,beam,124.49,5352,2,42.86,0.0,0.29,-2.921,racing
1778050059.3680444,beam,52.35,2163,3,44.05,0.0,0.776,0.607,normal
1778050749.2664423,beam,92.48,4088,2,75.0,0.0,0.998,-0.519,racing
1778050177.0180006,beam,80.69,2199,3,9.52,0.0,-0.519,0.596,normal
1778049869.4150786,beam,91.48,2632,3,30.16,0.0,0.044,-0.342,normal
1778050842.4650445,beam,111.38,4664,2,0.0,0.0,-0.568,11.303,racing
1778050980.8292067,beam,110.11,3264,3,71.09,0.0,0.582,0.902,racing
1778050134.9429247,beam,92.57,2646,3,28.57,0.0,0.016,0.56,normal
1778050314.6646545,beam,37.46,773,2,0.0,0.0,-0.531,4.633,normal
1778050250.9881558,beam,53.57,1606,3,14.29,0.0,-0.377,-0.52,normal
1778050614.790864,beam,75.75,3482,2,100.0,0.0,1.8,0.089,racing
1778049887.5765886,beam,92.69,2425,3,0.0,0.0,-0.893,-0.523,normal
1778050659.6795092,beam,103.53,3057,3,56.64,0.0,0.34,0.336,racing
1778049916.5149846,beam,73.24,2203,3,26.98,0.0,0.114,-0.28,normal
1778050311.421595,beam,51.14,794,3,0.0,0.0,-0.332,1.886,normal
1778050967.8469677,beam,80.75,2114,3,0.0,44.05,-5.566,-25.171,racing
1778050690.9199915,beam,28.02,2289,2,32.54,2.38,-1.01,4.701,racing
1778050667.6803374,beam,114.72,3379,3,76.56,0.0,0.528,0.654,racing
1778050221.7688708,beam,78.62,2269,3,22.62,0.0,0.208,1.054,normal
1778050631.3845904,beam,80.57,3664,2,100.0,0.0,1.614,1.478,racing
1778049926.3195758,beam,77.5,2291,3,26.98,0.0,0.189,0.353,normal
1778049876.4139123,beam,93.31,2675,3,30.16,0.0,0.082,0.153,normal
1778049868.6458223,beam,91.27,2627,3,30.16,0.0,0.077,-0.483,normal
1778050194.050459,beam,49.84,1652,3,18.65,0.0,0.18,0.622,normal
1778050226.458332,beam,72.41,2007,3,12.7,0.0,0.072,1.016,normal
1778050628.1551626,beam,63.42,3065,2,100.0,0.0,1.446,-1.641,racing
1778050927.8584256,beam,97.41,2634,3,17.86,0.0,-0.601,3.263,racing
1778050716.1278574,beam,117.48,5096,2,100.0,0.0,0.813,1.235,racing
1778050562.5493834,beam,77.25,3516,2,76.95,0.0,1.1,11.732,racing
1778049988.3549376,beam,53.41,1875,3,25.4,0.0,0.309,0.384,normal
1778050219.2275476,beam,75.98,2208,3,23.02,0.0,0.427,-0.956,normal
1778051001.8960302,beam,68.78,3243,2,100.0,0.0,1.409,-0.492,racing
1778050722.911101,beam,128.12,3663,3,64.06,0.0,0.354,-0.052,racing
1778051026.6804166,beam,19.01,772,1,0.0,42.06,-2.608,-2.21,racing
1778050010.6122313,beam,87.47,2544,3,30.55,0.0,0.078,-0.34,normal
1778050838.652034,beam,104.71,3213,2,100.0,0.0,-0.372,-5.8,racing
1778049898.2828636,beam,59.97,1809,3,18.65,0.0,0.1,0.775,normal
1778049898.398971,beam,59.96,1813,3,18.65,0.0,-0.024,-1.071,normal
1778050147.1090314,beam,64.34,1870,3,17.06,0.0,-0.184,0.532,normal
1778050015.6662412,beam,87.46,2513,3,26.98,0.0,-0.007,0.154,normal
1778050972.442427,beam,83.33,3765,2,99.22,0.0,1.329,-1.435,racing
1778050029.3854284,beam,83.0,2160,3,1.19,0.0,-0.804,-0.106,normal
1778050178.013227,beam,79.07,2146,3,7.54,0.0,-0.592,-1.174,normal
1778050217.9258502,beam,73.82,2161,3,23.02,0.0,0.488,0.438,normal
1778049913.714404,beam,71.66,2172,3,26.98,0.0,0.076,-1.526,normal
1778050257.9890723,beam,49.38,1530,3,14.29,0.0,0.056,0.138,normal
1778050868.856087,beam,88.26,3951,2,100.0,0.0,1.27,1.447,racing
1778050809.3670793,beam,123.68,5345,2,100.0,0.0,0.777,0.559,racing
1778050611.560382,beam,58.72,1859,3,62.11,0.0,0.535,5.339,racing
1778050598.3820844,beam,77.75,3235,2,0.0,0.0,-1.126,-3.742,racing
1778050830.8193023,beam,90.14,2878,3,80.86,0.0,0.743,0.077,racing
1778050661.143838,beam,105.27,3069,3,48.81,0.0,0.279,0.804,racing
1778049996.720234,beam,75.67,2306,3,31.74,0.0,0.723,-5.943,normal
1778050282.0914822,beam,55.4,1695,3,16.67,0.0,0.121,2.051,normal
1778050265.0184772,beam,60.34,1737,3,14.29,0.0,0.484,-0.034,normal
1778050963.6010797,beam,78.76,3586,2,92.19,0.0,1.327,-2.537,racing
1778050702.2996745,beam,77.48,3550,2,100.0,4.76,0.978,-0.18,racing
1778050275.0772154,beam,60.2,1739,3,14.29,0.0,-0.322,-0.524,normal
1778049919.5830734,beam,74.82,2233,3,26.98,0.0,0.197,0.909,normal
1778050847.648383,beam,121.55,3556,3,100.0,0.0,1.101,1.592,racing
1778050896.9638908,beam,110.87,4745,2,0.0,0.0,0.011,-7.847,racing
1778050943.102813,beam,103.84,2870,3,20.63,0.0,-0.143,0.811,racing
1778050201.9667115,beam,56.41,1846,3,22.62,0.0,0.32,2.188,normal
1778050129.462914,beam,91.78,2626,3,28.57,0.0,0.028,-0.484,normal
1778050237.6581898,beam,66.5,1882,3,14.29,0.0,-0.178,-0.622,normal
1778050615.1165988,beam,77.87,3559,2,100.0,0.0,1.921,2.481,racing
1778050936.3002784,beam,95.7,2912,3,57.81,0.0,0.534,0.176,racing
1778050151.1083498,beam,62.72,1886,3,19.44,0.0,-0.1,3.248,normal
1778050157.906746,beam,53.05,771,3,0.0,36.51,-3.715,-7.423,normal
1778050550.518305,beam,148.63,4148,3,58.2,0.0,-0.027,-1.178,racing
1778050631.503045,beam,81.17,3686,2,100.0,0.0,1.405,-1.768,racing
1778050174.4697173,beam,85.11,2301,3,8.73,0.0,-0.526,0.376,normal
1778050012.116514,beam,87.73,2517,3,26.59,0.0,0.008,-0.067,normal
1778050987.9980793,beam,94.14,3949,2,0.0,0.0,-1.581,-0.131,racing
1778049931.6116352,beam,77.81,2289,3,26.19,0.0,-0.084,-4.74,normal
1778050931.1760857,beam,96.68,2538,3,0.0,0.0,-0.796,1.376,racing
1778050123.8149931,beam,90.79,2600,3,28.57,0.0,0.046,-0.115,normal
1778049908.6804583,beam,68.06,2107,3,26.98,0.0,0.286,-0.164,normal
1778050189.9602623,beam,52.84,1399,3,4.76,0.0,-0.328,0.608,normal
1778049816.0947747,beam,27.22,1994,2,33.73,0.0,1.268,-4.522,normal
1778050834.7680857,beam,99.92,3068,3,81.25,0.0,0.631,0.465,racing
1778050712.5460644,beam,106.79,4667,2,100.0,0.0,1.061,0.747,racing
1778051022.3898127,beam,34.27,775,2,0.0,0.0,-0.297,-1.163,racing
1778050663.8632777,beam,108.19,3182,3,60.55,0.0,0.362,-0.377,racing
1778049868.211333,beam,91.14,2624,3,30.16,0.0,0.11,0.136,normal
1778050191.483462,beam,50.7,1319,3,3.97,0.0,-0.37,0.566,normal
1778050525.2085035,beam,131.51,3788,3,100.0,0.0,0.467,-0.497,racing
1778049971.0541978,beam,76.88,1958,3,0.0,0.0,-0.902,1.245,normal
1778050212.99357,beam,64.68,1981,3,23.02,0.0,0.403,0.008,normal
1778050219.1079175,beam,75.8,2204,3,23.02,0.0,0.542,2.36,normal
1778050994.792422,beam,76.76,3210,2,0.0,40.48,-4.984,1.75,racing
1778050506.7351773,beam,93.9,4164,2,100.0,0.0,1.145,-1.174,racing
1778050086.7725985,beam,82.01,2366,3,25.4,0.0,0.055,0.734,normal
1778050140.2114596,beam,83.41,2154,3,0.0,0.0,-0.9,-1.767,normal
1778050261.9944828,beam,54.68,1621,3,14.29,0.0,0.46,-0.501,normal
1778050677.7061107,beam,103.96,2762,3,0.0,24.6,-2.526,-17.26,racing
1778050997.3790236,beam,62.31,1356,3,0.0,0.0,-0.598,0.671,racing
1778050852.2997398,beam,130.14,3759,3,100.0,0.0,0.318,-0.457,racing
1778051016.2290163,beam,129.57,5581,2,98.44,0.0,0.698,-3.125,racing
1778049910.8290715,beam,69.78,2138,3,26.98,0.0,0.146,-1.753,normal
1778049815.001812,beam,22.15,2128,1,32.54,0.0,1.443,-5.723,normal
1778050946.7339003,beam,91.53,2809,3,55.86,6.75,0.151,2.967,racing
1778050086.8765726,beam,82.02,2370,3,25.4,0.0,0.006,-0.475,normal
1778050078.395635,beam,80.36,2347,3,26.59,0.0,0.103,-0.38,normal
1778050547.7197704,beam,148.72,4150,3,58.99,0.0,0.023,0.409,racing
1778050580.7649963,beam,110.07,2915,3,0.0,0.0,-0.857,0.187,racing
1778049895.1441746,beam,59.04,1813,3,19.84,0.0,-0.138,-4.194,normal
1778050234.2769442,beam,68.52,1931,3,14.29,0.0,-0.169,-0.306,normal
1778050522.7815502,beam,127.11,3684,3,100.0,0.0,0.52,-0.481,racing
1778049843.0796432,beam,79.15,2369,3,31.35,0.0,0.306,1.617,normal
1778049886.911601,beam,94.68,2483,3,0.0,0.0,-1.053,-2.835,normal
1778050521.4631565,beam,129.5,3451,3,0.0,0.0,-0.976,2.56,racing
1778050810.793356,beam,127.3,5492,2,100.0,0.0,0.943,-1.603,racing
1778050070.3131857,beam,77.78,2340,3,22.62,0.0,0.202,-1.126,normal
1778050692.119133,beam,28.53,2373,2,100.0,11.51,0.467,4.006,racing
1778050173.3985934,beam,87.15,2352,3,7.54,0.0,-0.549,0.32,normal
1778050496.2850337,beam,56.11,4647,1,97.66,0.0,0.874,-6.802,racing
1778049814.2318048,beam,16.5,1984,1,33.33,0.0,2.445,0.183,normal
1778050113.7305582,beam,89.82,2581,3,28.57,0.0,0.035,-0.378,normal
1778049908.5779464,beam,67.95,2105,3,26.98,0.0,0.303,0.155,normal
1778050956.2307076,beam,97.89,2572,3,0.0,0.0,-0.756,2.176,racing
1778049911.9949498,beam,70.57,2152,3,26.98,0.0,0.291,1.037,normal
1778050904.5463898,beam,90.49,3709,2,100.0,0.0,0.078,0.285,racing
1778049925.2466576,beam,77.23,2286,3,26.98,0.0,0.085,0.198,normal
1778050690.1993804,beam,33.14,2583,1,0.0,10.32,-2.311,-5.382,racing
1778050524.4279509,beam,130.1,3754,3,100.0,0.0,0.529,0.198,racing
1778050816.5910337,beam,97.15,2576,3,0.0,52.34,-5.704,-1.484,racing
1778049950.282726,beam,79.94,2290,3,22.62,0.0,0.291,1.521,normal
1778050497.3674634,beam,59.39,3633,2,58.99,0.0,0.293,-5.392,racing
1778050950.8695638,beam,98.14,3026,3,78.12,0.0,0.617,0.434,racing
1778050769.1960049,beam,90.25,2675,3,40.08,0.0,0.215,0.743,racing
1778050988.327521,beam,92.93,3891,2,0.0,0.0,-1.067,-0.614,racing
1778049842.293717,beam,78.57,2353,3,30.55,0.0,0.074,-2.569,normal
1778050552.152956,beam,148.68,4148,3,58.2,0.0,0.007,0.471,racing
1778050041.0535831,beam,55.18,1744,3,18.65,0.0,-0.474,2.908,normal
1778049948.0298734,beam,79.59,2315,3,25.4,0.0,0.098,0.337,normal
1778050073.511006,beam,78.72,2312,3,26.59,0.0,0.057,-0.525,normal
1778049874.3170276,beam,92.83,2663,3,30.16,0.0,0.068,0.191,normal
1778049969.1225526,beam,85.39,2213,3,0.0,0.0,-0.732,1.199,normal
1778050251.3117993,beam,53.15,1598,3,14.29,0.0,-0.281,0.554,normal
1778050552.7023404,beam,147.51,3941,3,0.0,0.0,-1.634,-3.389,racing
1778049948.2645109,beam,79.62,2318,3,25.0,0.0,-0.014,-0.833,normal
1778050876.1420858,beam,114.89,4993,2,100.0,0.0,0.848,0.549,racing
1778050508.4514558,beam,101.02,4440,2,100.0,0.0,1.208,2.282,racing
1778050209.9544024,beam,61.55,1935,3,22.62,0.0,0.241,0.484,normal
1778050714.361469,beam,112.7,4903,2,100.0,1.59,0.893,0.171,racing
1778050087.6425765,beam,82.12,2374,3,25.4,0.0,0.073,1.45,normal
1778050591.67723,beam,73.03,1836,3,0.0,0.0,-0.825,-0.965,racing
1778049921.6663444,beam,75.87,2256,3,26.98,0.0,0.026,-0.812,normal
1778050518.3490205,beam,129.61,5584,2,100.0,0.0,0.599,-0.418,racing
1778050709.0347908,beam,97.0,4283,2,100.0,4.37,0.895,1.861,racing
1778050762.6350312,beam,118.59,3409,3,54.69,0.0,0.253,0.593,racing
1778050493.521942,beam,36.67,3241,1,100.0,0.0,2.299,-0.288,racing
1778050879.5866158,beam,110.91,4660,2,0.0,0.0,-0.09,35.885,racing
1778050904.6650205,beam,90.87,3985,2,100.0,0.0,0.887,6.822,racing
1778050982.680392,beam,111.74,2961,3,0.0,0.0,-0.894,2.528,racing
1778050312.663144,beam,47.7,773,3,0.0,15.48,-1.77,-3.723,normal
1778050038.8225763,beam,59.37,1763,3,19.44,0.0,-0.611,-1.276,normal
1778050581.4133325,beam,104.4,2764,3,0.0,50.39,-6.51,-20.11,racing
1778049935.7698212,beam,77.36,2265,3,25.0,0.0,0.027,0.137,normal
1778049997.5790238,beam,78.3,2357,3,31.74,0.0,0.507,-4.281,normal
1778050153.7026122,beam,61.71,1849,3,18.65,0.79,0.176,0.001,normal
1778050976.3515985,beam,100.83,4433,2,100.0,0.0,1.017,-0.658,racing
1778050580.444054,beam,111.11,2947,3,0.0,0.0,-0.922,-0.392,racing
1778050029.9423587,beam,81.64,2185,3,5.95,0.0,-0.463,2.209,normal
1778049844.1470816,beam,79.89,2378,3,30.16,0.0,0.2,1.266,normal
1778049981.5480917,beam,55.38,1675,3,15.87,0.0,-0.392,0.715,normal
1778050032.9951096,beam,77.43,2136,3,12.7,0.0,-0.245,-0.324,normal
1778049876.2107968,beam,93.26,2674,3,30.16,0.0,0.047,-0.415,normal
1778050860.2465029,beam,49.06,2399,3,100.0,0.0,1.176,0.371,racing
1778050188.5512097,beam,54.97,1418,3,3.97,0.0,-0.602,-2.311,normal
1778050075.727172,beam,79.58,2328,3,26.59,0.0,0.429,6.802,normal
1778050046.017414,beam,44.97,1694,3,20.63,0.0,-0.689,-2.267,normal
1778050261.8829598,beam,54.5,1617,3,14.29,0.0,0.516,-2.741,normal
1778049984.588074,beam,51.98,1784,3,22.62,0.0,-0.005,0.997,normal
1778050233.5746672,beam,68.89,1939,3,14.29,0.0,-0.117,0.083,normal
1778050207.962629,beam,60.4,1904,3,22.62,0.0,0.186,0.213,normal
1778050946.1988251,beam,91.79,2736,3,45.24,7.94,-0.614,1.033,racing
1778050110.0708344,beam,88.87,2563,3,28.97,0.0,0.033,0.142,normal
1778050968.062817,beam,76.47,1985,3,0.0,40.87,-5.187,5.824,racing
1778050320.147329,beam,0.01,745,1,0.0,28.17,-0.006,-0.023,normal
1778050727.6274486,beam,130.41,3674,3,49.6,0.0,0.11,-0.421,racing
1778050559.4174726,beam,68.86,2481,3,58.99,0.0,0.757,0.014,racing
1778050119.830732,beam,90.32,2585,3,26.98,0.0,-0.006,-0.047,normal
1778050979.6428895,beam,107.9,3186,3,61.72,0.0,0.518,0.903,racing
1778049872.7013268,beam,92.38,2653,3,30.16,0.0,0.067,0.049,normal
1778050863.447571,beam,61.04,2988,2,100.0,0.0,1.377,-0.306,racing
1778050683.6298065,beam,44.86,771,3,0.0,0.0,-0.848,0.64,racing
1778050915.7411838,beam,126.07,5443,2,100.0,0.0,0.64,-0.63,racing
1778050521.0241537,beam,131.23,3499,3,0.0,0.0,-1.01,-0.895,racing
1778050082.7951117,beam,81.57,2370,3,26.19,0.0,0.074,0.333,normal
1778050233.2407267,beam,69.06,1943,3,14.29,0.0,-0.204,-0.89,normal
1778050293.9408631,beam,58.57,1852,3,21.43,0.0,0.135,1.094,normal
1778050927.3379357,beam,99.02,2599,3,0.0,0.0,-1.018,0.073,racing
1778050574.5639572,beam,106.31,3200,3,78.91,0.0,0.48,-0.747,racing
1778050000.4013317,beam,85.1,2505,3,32.14,0.0,0.562,-0.215,normal
1778050818.8755434,beam,77.37,1993,3,0.0,34.13,-3.388,3.617,racing
1778050097.5021317,beam,85.06,2474,3,28.17,0.0,0.159,1.086,normal
1778049851.4484017,beam,84.72,2490,3,31.35,0.0,0.097,-0.462,normal
1778050754.366927,beam,104.97,3162,3,75.39,0.0,0.549,1.934,racing
1778049999.0838604,beam,82.29,2439,3,31.74,0.0,0.706,-1.399,normal
1778050758.2345085,beam,112.88,3319,3,67.58,0.0,0.487,-0.785,racing
1778050843.9517822,beam,107.24,4490,3,0.0,0.0,-0.593,2.397,racing
1778050731.5399628,beam,131.79,3704,3,48.41,0.0,0.054,-0.511,racing
1778050707.7805114,beam,93.1,4133,2,100.0,4.76,0.79,0.572,racing
1778050047.1313584,beam,43.61,1687,3,21.43,0.0,-0.39,-1.701,normal
1778050178.6700025,beam,77.47,2035,3,2.78,0.0,-0.665,0.361,normal
1778050073.612944,beam,78.77,2313,3,26.59,0.0,0.157,0.985,normal
1778050797.126957,beam,80.75,3671,2,100.0,0.0,1.357,-0.02,racing
1778050296.671835,beam,59.75,1878,3,21.43,0.0,0.149,0.404,normal
1778049952.5319538,beam,82.84,2366,3,23.02,0.0,0.445,0.707,normal
1778049955.5364652,beam,87.26,2479,3,23.81,0.0,0.182,0.917,normal
1778050638.431265,beam,97.52,2940,3,55.86,0.0,0.348,1.202,racing
1778050031.19226,beam,79.52,2175,3,10.71,0.0,-0.501,-1.522,normal
1778050254.3540938,beam,49.89,1518,3,13.49,0.0,-0.166,0.878,normal
1778050673.436818,beam,101.34,3003,3,54.3,0.0,0.283,0.5,racing
1778050651.483722,beam,122.27,3498,3,55.47,0.0,0.473,-2.693,racing
1778050883.5870318,beam,86.66,2723,3,51.56,0.0,-0.377,1.717,racing
1778049986.5027397,beam,51.96,1796,3,23.02,0.0,-0.044,-1.191,normal
1778050993.810133,beam,84.87,3649,2,0.0,0.0,-0.133,-12.891,racing
1778050963.919609,beam,80.22,3645,2,89.06,0.0,1.405,2.611,racing
1778050049.6150684,beam,41.59,1675,3,21.43,0.0,-0.266,-1.974,normal
1778050074.9799583,beam,79.35,2324,3,26.19,0.0,0.113,-1.295,normal
1778049846.6614225,beam,81.67,2425,3,31.35,0.0,0.216,0.334,normal
1778050693.6819303,beam,30.82,2872,1,100.0,14.68,1.42,-0.531,racing
1778050969.709904,beam,73.49,2611,3,93.75,0.0,0.949,0.761,racing
1778050153.0573642,beam,61.91,1855,3,18.65,2.38,-0.146,0.974,normal
1778050568.3949163,beam,95.74,2763,3,32.94,0.0,-0.204,-2.057,racing
1778050509.2305207,beam,103.92,4553,2,100.0,0.0,0.908,-1.591,racing
1778050550.415996,beam,148.64,4148,3,58.2,0.0,0.093,1.3,racing
1778050266.1330554,beam,62.32,1781,3,14.29,0.0,0.506,0.606,normal
1778049898.7338223,beam,60.08,1833,3,19.44,0.0,0.063,-0.459,normal
1778050143.0883863,beam,74.71,1890,3,0.0,0.79,-1.222,-1.121,normal
1778049999.8521812,beam,83.99,2481,3,32.14,0.0,0.481,-1.594,normal
1778050194.815225,beam,50.35,1673,3,19.44,0.0,0.169,-0.33,normal
1778049815.8839962,beam,26.07,2028,2,33.73,0.0,0.851,0.94,normal
1778050494.1678789,beam,42.01,3606,1,100.0,0.0,2.137,-2.474,racing
1778049911.5814524,beam,70.26,2147,3,26.98,0.0,0.167,0.614,normal
1778050622.0516083,beam,70.0,1729,3,0.0,0.0,-0.667,-0.809,racing
1778050575.217306,beam,107.81,3232,3,79.3,0.0,0.675,0.543,racing
1778050258.994784,beam,50.25,1542,3,14.29,0.0,0.17,-1.14,normal
1778050583.4143174,beam,90.07,2579,3,29.36,0.0,0.008,2.498,racing
1778050705.049528,beam,85.35,3843,2,100.0,3.57,0.605,-3.208,racing
1778050276.9646072,beam,58.27,1730,3,15.87,0.0,-0.199,1.208,normal
1778049918.0795405,beam,74.11,2220,3,26.98,0.0,0.151,0.451,normal
1778050794.5473006,beam,71.27,2597,3,100.0,0.0,0.736,-1.335,racing
1778049919.0450137,beam,74.55,2224,3,26.59,0.0,0.073,-0.366,normal
1778050805.99447,beam,114.39,4974,2,100.0,0.0,0.13,5.146,racing
1778049915.9679923,beam,72.94,2197,3,26.98,0.0,0.124,-0.28,normal
1778049967.293331,beam,90.81,2421,3,0.0,0.0,-0.733,-4.609,normal
1778050809.8070247,beam,124.72,5388,2,100.0,0.0,0.647,-0.381,racing
1778049983.015949,beam,53.5,1624,3,15.08,0.0,-0.311,0.247,normal
1778050277.175648,beam,58.06,1717,3,15.87,0.0,-0.301,-0.349,normal
1778050606.706666,beam,93.45,4149,2,100.0,0.0,1.206,0.072,racing
1778050501.3986988,beam,70.5,3311,2,100.0,0.0,1.149,2.765,racing
1778050291.6340318,beam,57.64,1821,3,21.43,0.0,-0.086,-3.097,normal
1778049960.3214495,beam,90.04,2548,3,23.81,0.0,0.196,1.103,normal
1778050955.3152635,beam,100.8,2656,3,0.0,0.0,-0.85,0.234,racing
1778050544.820624,beam,148.74,4151,3,58.99,0.0,0.145,0.685,racing
1778050999.1265223,beam,58.88,1819,3,49.6,0.0,0.006,5.8,racing
1778050852.6471145,beam,130.42,3766,3,100.0,0.0,0.507,2.995,racing
1778050840.5357044,beam,107.82,4707,2,100.0,0.0,0.812,1.25,racing
1778049919.4828558,beam,74.75,2230,3,26.98,0.0,0.106,0.27,normal
1778050106.0200424,beam,87.79,2539,3,29.36,0.0,0.095,-0.141,normal
1778050816.4750936,beam,99.53,2642,3,0.0,52.34,-5.532,-2.353,racing
1778050548.1350086,beam,148.71,4149,3,58.59,0.0,0.075,1.091,racing
1778049992.0710323,beam,60.96,2073,3,32.14,0.0,0.761,0.2,normal
1778049953.090274,beam,83.68,2393,3,23.81,0.0,0.406,-0.318,normal
1778050227.029529,beam,72.3,2005,3,12.7,0.0,-0.093,1.326,normal
1778049963.1252708,beam,91.36,2580,3,23.81,0.0,0.109,-0.198,normal
1778050024.1625562,beam,87.3,2509,3,26.98,0.0,0.026,0.06,normal
1778050507.8144135,beam,98.51,4343,2,100.0,0.0,1.195,0.995,racing
1778050072.8622372,beam,78.48,2307,3,26.59,0.0,0.102,-0.154,normal
1778050158.423427,beam,46.07,772,3,0.0,36.51,-3.86,-0.094,normal
1778050034.971807,beam,70.48,1758,3,0.0,0.0,-0.954,6.259,normal
1778049909.3317468,beam,68.63,2117,3,26.98,0.0,0.21,-0.576,normal
1778050794.1106567,beam,69.94,2489,3,99.22,0.0,0.669,0.717,racing
1778050529.8409996,beam,138.39,3893,3,55.47,0.0,0.093,-1.186,racing
1778050269.8227985,beam,66.87,1879,3,13.49,0.0,0.138,0.852,normal
1778050862.563453,beam,56.37,2852,2,100.0,0.0,1.453,-1.607,racing
1778050290.5048387,beam,57.51,1818,3,20.63,0.0,0.069,-0.095,normal
1778049812.1676714,beam,0.77,744,1,0.0,0.0,0.696,-1.631,normal
1778050929.8867817,beam,99.73,2931,3,47.62,0.0,0.406,1.044,racing
1778050963.0691278,beam,77.02,2867,2,53.13,0.0,-0.231,-2.765,racing
1778050043.8182418,beam,49.1,1682,3,19.44,0.0,-0.316,4.129,normal
1778049904.7462728,beam,63.96,2040,3,26.98,0.0,0.31,-0.491,normal
1778050112.051988,beam,89.41,2578,3,29.36,0.0,0.053,-0.001,normal
1778050082.478715,beam,81.5,2360,3,25.4,0.0,0.083,0.474,normal
1778050834.8830564,beam,100.17,3074,3,81.25,0.0,0.599,-0.274,racing
1778050022.128473,beam,87.31,2509,3,26.98,0.0,0.021,0.125,normal
1778049987.0871062,beam,52.27,1882,3,26.98,0.0,0.128,-0.053,normal
1778050638.8777988,beam,97.82,2944,3,55.08,0.0,0.119,-1.069,racing
1778050022.0117276,beam,87.3,2509,3,26.98,0.0,0.007,-0.003,normal
1778050558.2147696,beam,66.52,1827,3,17.46,3.57,-0.283,2.534,racing
1778050995.460786,beam,70.99,2939,3,0.0,0.0,-0.745,2.306,racing
1778050613.122272,beam,66.65,2544,3,100.0,0.0,1.462,-0.736,racing
1778050111.9386697,beam,89.39,2577,3,29.36,0.0,0.053,-0.301,normal
1778049891.2975795,beam,76.05,1944,3,0.0,14.68,-1.949,10.659,normal
1778050786.1121025,beam,87.06,2587,3,36.51,0.0,0.308,0.622,racing
1778049817.7147782,beam,34.84,2096,2,35.71,0.0,1.209,-0.856,normal
1778050009.173943,beam,86.89,2538,3,31.35,0.0,0.161,-0.13,normal
1778050837.8707051,beam,104.23,3160,3,80.86,0.0,0.222,0.228,racing
1778050245.0996287,beam,62.12,1781,3,14.29,0.0,-0.16,-0.25,normal
1778050653.930663,beam,124.53,3550,3,54.69,0.0,0.206,2.319,racing
1778050697.4539418,beam,54.07,4477,1,100.0,3.57,1.673,-0.01,racing
1778050091.824805,beam,82.99,2411,3,26.98,0.0,0.067,1.805,normal
1778050118.9643612,beam,90.27,2578,3,26.98,0.0,0.004,-0.208,normal
1778049914.0479784,beam,71.79,2176,3,26.98,0.0,0.215,1.848,normal
1778050060.648738,beam,56.11,2231,3,44.05,0.0,0.751,-1.205,normal
1778049901.9432168,beam,61.12,1892,3,21.43,0.0,0.121,-0.646,normal
1778050297.765867,beam,60.16,1884,3,21.83,0.0,0.034,-1.435,normal
1778050792.6741076,beam,70.42,1923,3,8.73,0.0,-0.302,0.497,racing
1778050196.3647254,beam,51.67,1759,3,21.43,0.0,0.277,0.505,normal
1778049964.1263535,beam,91.69,2588,3,23.81,0.0,0.072,0.585,normal
1778050214.2385051,beam,66.85,2020,3,23.02,0.0,0.404,-0.657,normal
1778050807.8243427,beam,119.64,5184,2,100.0,0.0,0.695,-0.936,racing
1778049908.46777,beam,67.83,2104,3,26.98,0.0,0.286,0.933,normal
1778050589.893099,beam,84.87,2203,3,0.0,0.0,-0.976,-10.12,racing
1778050844.384039,beam,107.82,3546,3,71.09,0.0,0.732,4.153,racing
1778050875.917321,beam,114.22,4967,2,100.0,0.0,0.861,2.747,racing
1778050853.872361,beam,132.01,3801,3,100.0,0.0,0.386,-0.433,racing
1778050618.60407,beam,95.46,4105,3,62.11,0.0,0.353,-4.467,racing
1778050859.4654205,beam,46.11,2272,3,100.0,0.0,1.017,-0.411,racing
1778050017.1274548,beam,87.44,2512,3,26.98,0.0,-0.012,-0.122,normal
1778050816.0491407,beam,107.98,2856,3,0.0,0.0,-0.838,2.756,racing
1778049899.9458053,beam,60.29,1840,3,19.44,0.0,0.09,2.821,normal
1778050522.133282,beam,126.96,3381,3,0.0,0.0,-1.089,-0.464,racing
1778050939.0520723,beam,97.9,4196,2,48.02,0.0,0.001,8.641,racing
1778050818.7658598,beam,78.71,2033,3,0.0,33.33,-3.784,-6.899,racing
1778050879.019576,beam,116.64,4895,2,0.0,0.0,-1.8,14.621,racing
1778050316.986662,beam,16.18,772,1,0.0,27.78,-3.468,-3.141,normal
1778050100.5680604,beam,85.91,2484,3,27.78,0.0,0.072,0.029,normal
1778050913.1061454,beam,119.39,5174,2,100.0,0.0,0.695,-0.122,racing
1778050854.4470875,beam,132.77,3819,3,100.0,0.0,0.435,0.547,racing
1778050305.2745414,beam,64.25,2041,3,26.98,0.0,0.252,0.471,normal
1778049827.8147175,beam,60.67,2124,3,34.13,0.0,0.466,-0.273,normal
1778050704.5996788,beam,84.34,3801,2,100.0,0.0,1.465,2.343,racing
1778050035.308816,beam,69.43,1713,3,0.0,0.0,-0.954,0.29,normal
1778049939.0668566,beam,78.32,2289,3,25.4,0.0,0.272,2.365,normal
1778050037.2049932,beam,63.06,1737,3,10.71,0.0,-0.592,2.933,normal
1778050235.7417278,beam,67.67,1899,3,13.49,0.0,-0.108,0.704,normal
1778050310.422518,beam,52.4,1649,3,19.44,0.0,0.01,1.406,normal
1778050199.4798074,beam,54.38,1802,3,21.83,0.0,0.127,-1.707,normal
1778050893.702641,beam,99.6,4387,2,100.0,0.0,1.002,-0.394,racing
1778050897.9656155,beam,101.29,4240,2,0.0,0.0,-1.308,-3.896,racing
1778050770.3176384,beam,91.12,2725,3,42.06,0.0,0.14,-0.631,racing
1778050302.1915338,beam,61.88,1948,3,25.4,0.0,0.173,1.463,normal
1778050006.4981036,beam,86.54,2532,3,31.35,0.0,-0.077,-0.207,normal
1778050208.2794,beam,60.56,1907,3,22.62,0.0,0.046,-1.694,normal
1778049841.660669,beam,78.05,2343,3,30.55,0.0,0.231,2.133,normal
1778050035.1898894,beam,69.84,1729,3,0.0,0.0,-0.989,-3.144,normal
1778050992.1960535,beam,81.44,2743,3,100.0,0.0,0.799,2.08,racing
1778050241.224369,beam,64.43,1830,3,14.29,0.0,-0.261,0.034,normal
1778050300.5138652,beam,61.21,1917,3,23.02,0.0,0.146,0.275,normal
1778049871.5001688,beam,92.09,2646,3,30.16,0.0,0.155,1.203,normal
1778050178.8862517,beam,76.84,2011,3,1.98,0.0,-0.743,1.13,normal
1778050824.6565497,beam,73.97,2405,3,44.05,0.0,0.64,0.478,racing
1778049912.3107772,beam,70.77,2156,3,26.98,0.0,0.201,1.303,normal
1778051018.4736936,beam,51.99,1704,3,0.0,69.53,-19.143,48.683,racing
1778050723.473397,beam,128.71,3670,3,58.59,0.0,0.337,1.314,racing
1778050838.9870963,beam,104.04,4061,2,100.0,0.0,-0.462,0.792,racing
1778050898.0791442,beam,100.81,4218,2,0.0,0.0,-1.172,1.202,racing
1778050776.592636,beam,96.56,2841,3,43.65,0.0,0.328,0.219,racing
1778050293.058599,beam,58.21,1847,3,21.43,0.0,0.134,1.18,normal
1778050138.972328,beam,87.08,2261,3,0.0,0.0,-0.838,-0.616,normal
1778049826.178624,beam,57.62,2093,3,34.13,0.0,0.582,0.197,normal
1778050870.6929784,beam,95.94,4244,2,100.0,0.0,1.18,-0.183,racing
1778050104.3817732,beam,87.18,2530,3,29.76,0.0,0.15,0.71,normal
1778050777.8327177,beam,98.04,2875,3,43.25,0.0,0.373,1.038,racing
1778050176.9041996,beam,80.9,2204,3,9.52,0.0,-0.587,-0.212,normal
1778050838.86826,beam,104.24,3707,2,100.0,0.0,-0.557,0.807,racing
1778050585.831677,beam,93.5,2911,3,69.14,0.0,0.604,-0.067,racing
1778049879.0169635,beam,93.89,2689,3,30.16,0.0,0.065,-0.25,normal
1778051016.771155,beam,129.59,4184,3,0.0,0.0,-0.315,2.185,racing
1778049972.501519,beam,72.79,1823,3,0.0,0.0,-0.764,0.459,normal
1778050317.3340306,beam,11.88,768,1,0.0,28.57,-2.897,5.172,normal
1778050145.524772,beam,67.63,1756,3,6.75,2.78,-0.877,-2.802,normal
1778050077.4301171,beam,80.06,2341,3,26.59,0.0,0.133,1.449,normal
1778050552.2664764,beam,148.67,4148,3,58.2,0.0,-0.036,-0.383,racing
1778050184.7516427,beam,62.71,1546,3,1.59,0.0,-0.751,-0.779,normal
1778050734.0697007,beam,127.93,3412,3,5.16,0.0,-0.95,1.249,racing
1778049976.333048,beam,65.28,1784,3,8.73,0.0,-0.421,-1.673,normal
1778049978.6676114,beam,61.03,1666,3,7.54,0.0,-0.568,-0.058,normal
1778050935.3378258,beam,94.57,2700,3,29.76,0.0,0.027,-0.032,racing
1778050287.9436116,beam,56.52,1796,3,21.43,0.0,0.102,-0.175,normal
1778050838.085476,beam,104.43,3164,3,80.86,0.0,0.249,-0.224,racing
1778050309.885227,beam,53.0,767,3,0.0,0.0,-0.463,0.278,normal
1778049854.5651195,beam,86.48,2529,3,31.35,0.0,0.098,-0.695,normal
1778051012.1905289,beam,113.56,4938,2,98.83,0.0,1.227,0.648,racing
1778050776.391631,beam,96.33,2838,3,42.86,0.0,0.34,0.211,racing
1778050643.4653673,beam,100.43,2997,3,55.47,0.0,0.383,0.78,racing
1778050522.2403002,beam,126.58,3370,3,0.0,0.0,-1.008,0.759,racing
1778050918.8735452,beam,128.5,5098,3,65.24,0.0,0.35,1.73,racing
1778050898.9454567,beam,98.14,3586,3,0.0,0.0,-0.425,-2.236,racing
1778050877.6915035,beam,118.81,5153,2,100.0,0.0,0.751,1.352,racing
1778050261.350114,beam,53.54,1599,3,14.29,0.0,0.558,1.752,normal
1778050980.9430215,beam,110.33,3270,3,71.09,0.0,0.54,-0.37,racing
1778050720.0945425,beam,124.73,3620,3,62.11,0.0,0.764,6.069,racing
1778050577.7996235,beam,113.19,3349,3,79.3,0.0,0.572,1.108,racing
1778050775.8459983,beam,95.67,2828,3,44.05,0.0,0.432,0.06,racing
1778050077.6445074,beam,80.13,2342,3,26.59,0.0,0.055,-0.671,normal
1778050609.1588557,beam,104.21,4503,2,0.0,0.0,0.831,-4.866,racing
1778050004.1470633,beam,87.35,2550,3,31.35,0.0,-0.086,-0.723,normal
1778050950.9714024,beam,98.36,3031,3,78.12,0.0,0.626,0.091,racing
1778050997.8123038,beam,61.24,1215,3,0.0,0.0,-0.635,0.285,racing
1778049848.8956037,beam,83.14,2456,3,31.35,0.0,0.201,-0.053,normal
1778049958.7785754,beam,89.46,2533,3,23.81,0.0,-0.104,0.748,normal
1778050980.194557,beam,108.9,3231,3,68.75,0.0,0.556,0.484,racing
1778050870.9087665,beam,96.73,4275,2,100.0,0.0,0.974,-0.761,racing
1778050222.5246584,beam,77.3,1969,3,0.0,0.0,-0.588,1.167,normal
1778049847.929832,beam,82.53,2442,3,31.35,0.0,0.179,-0.305,normal
1778050905.9148667,beam,95.21,4191,2,72.66,0.0,1.072,0.582,racing
1778050141.3115697,beam,80.24,2059,3,0.0,0.0,-0.579,2.468,normal
1778050758.3468242,beam,113.06,3324,3,67.97,0.0,0.446,-0.364,racing
1778050272.2319987,beam,65.62,1574,3,0.0,0.0,-0.749,0.439,normal
1778050066.900074,beam,71.41,2391,3,44.05,0.0,0.604,0.374,normal
1778050726.3930752,beam,129.88,3661,3,49.6,0.0,0.204,1.781,racing
1778050763.7290397,beam,119.45,3358,3,36.9,0.0,-0.053,-0.375,racing
1778050284.0962462,beam,55.49,1703,3,17.06,0.0,0.026,0.438,normal
1778050212.5437868,beam,64.07,1982,3,23.02,0.0,0.452,0.44,normal
1778050284.7771883,beam,55.51,1697,3,17.46,0.0,-0.005,1.018,normal
1778051013.5195978,beam,119.45,5172,2,98.83,0.0,1.14,-1.13,racing
1778050916.9778695,beam,128.83,5555,2,100.0,0.0,0.476,-0.912,racing
1778050673.6413178,beam,101.61,3021,3,55.86,0.0,0.316,-1.078,racing
1778049991.9518456,beam,60.63,2066,3,31.35,0.0,0.737,-0.164,normal
1778049818.5002916,beam,38.18,2140,2,36.11,0.0,1.137,-0.041,normal
1778049947.4573808,beam,79.49,2302,3,24.21,0.0,0.052,0.219,normal
1778050626.4294977,beam,55.9,2448,3,100.0,0.0,1.025,-0.738,racing
1778050557.8828795,beam,67.12,1624,3,1.19,0.0,-0.784,-0.609,racing
1778050069.211861,beam,75.95,2457,3,44.05,0.0,0.371,-3.05,normal
1778050045.0333495,beam,46.73,1666,3,19.84,0.0,-0.477,-1.422,normal
1778049979.0090578,beam,60.23,1641,3,7.54,0.0,-0.671,0.611,normal
1778050830.4848368,beam,89.23,2863,3,80.86,0.0,0.71,-1.321,racing
1778049828.6971123,beam,62.21,2141,3,34.13,0.0,0.441,-0.646,normal
1778049864.548164,beam,89.95,2599,3,30.55,0.0,0.071,-0.074,normal
1778050666.744781,beam,113.05,3338,3,75.39,0.0,0.416,-2.208,racing
1778050836.7687194,beam,103.09,3138,3,82.03,0.0,0.215,-0.979,racing
1778050773.861999,beam,93.35,2775,3,42.86,0.0,0.208,0.632,racing
1778050005.5284266,beam,86.89,2540,3,31.35,0.0,-0.119,0.121,normal
1778050841.3252192,beam,110.04,4796,2,100.0,0.0,0.834,0.771,racing
1778050931.5092475,beam,95.66,2509,3,0.0,0.0,-0.805,0.673,racing
1778050815.2675643,beam,109.96,2909,3,0.0,0.0,-0.595,3.327,racing
1778050676.5907762,beam,105.79,3126,3,57.81,0.0,0.462,-0.283,racing
1778050527.341434,beam,135.09,3872,3,100.0,0.0,0.318,-1.23,racing
1778050109.1991434,beam,88.66,2555,3,28.57,0.0,0.022,-0.991,normal
1778050737.2018106,beam,127.58,3594,3,46.83,0.0,0.186,1.932,racing
1778050278.8882356,beam,56.48,1697,3,15.87,0.0,-0.276,-0.858,normal
1778049957.860414,beam,89.48,2533,3,23.81,0.0,0.378,3.556,normal
1778050964.1478088,beam,81.22,3664,2,75.39,0.0,1.214,0.041,racing
1778050996.695963,beam,63.99,1496,3,0.0,0.0,-0.69,1.022,racing
1778050935.7682405,beam,94.77,2763,3,42.86,0.0,0.214,0.815,racing
1778050245.6816766,beam,61.41,1766,3,14.29,0.0,-0.314,-0.369,normal
1778050275.9723773,beam,59.22,1726,3,15.08,0.0,-0.335,-0.257,normal
1778050956.6803858,beam,96.49,2532,3,0.0,0.0,-0.864,-0.142,racing
1778050520.274802,beam,133.23,5226,3,64.84,0.0,0.129,-1.853,racing
1778050126.2129204,beam,91.19,2619,3,28.97,0.0,-0.008,-0.792,normal
1778049963.7751887,beam,91.6,2586,3,23.81,0.0,0.117,0.219,normal
1778050646.6457624,beam,107.27,3144,3,55.47,0.0,0.961,0.294,racing
1778050148.2932067,beam,63.38,1884,3,18.65,4.37,-0.256,-0.828,normal
1778050929.126515,beam,98.8,2940,3,48.81,0.0,0.404,-0.638,racing
1778050221.3277075,beam,78.31,2260,3,23.02,0.0,0.408,1.366,normal
1778050970.682859,beam,76.88,2675,3,100.0,0.0,1.196,2.759,racing
1778050918.3126166,beam,128.88,5414,2,0.0,0.0,-1.173,1.041,racing
1778050143.9583745,beam,72.03,1797,3,0.0,0.0,-0.705,1.401,normal
1778050137.4264448,beam,91.69,2397,3,0.0,0.0,-0.833,0.801,normal
1778050668.2276678,beam,115.71,3401,3,76.56,0.0,0.582,1.161,racing
1778050291.4062676,beam,57.57,1825,3,20.63,0.0,-0.322,-4.249,normal
1778049882.3654678,beam,94.59,2705,3,30.16,0.0,0.043,0.012,normal
1778050991.0298858,beam,80.1,2058,3,3.17,0.0,-0.721,0.688,racing
1778050039.923246,beam,57.36,1794,3,19.44,0.0,-0.686,-0.127,normal
1778049849.2143514,beam,83.34,2460,3,31.35,0.0,0.169,0.109,normal
1778050877.3759143,beam,118.06,5122,2,100.0,0.0,0.61,-1.785,racing
1778049990.0544782,beam,55.7,2031,3,33.33,0.0,0.447,0.653,normal
1778050778.1580498,beam,98.38,2884,3,43.65,0.0,0.304,0.499,racing
1778050630.4128876,beam,75.46,3479,2,100.0,0.0,1.293,-2.343,racing
1778050782.8448324,beam,85.18,2206,3,0.0,0.0,-0.83,0.293,racing
1778050898.3020089,beam,99.98,4182,2,0.0,0.0,-1.165,-2.255,racing
1778050594.955872,beam,79.85,3638,2,100.0,0.0,1.234,-1.528,racing
1778050949.4201384,beam,94.64,2956,3,78.12,0.0,0.678,-0.115,racing
1778049820.050555,beam,43.74,2221,2,34.52,0.0,0.912,-0.502,normal
1778050946.9707563,beam,91.4,2825,3,57.42,6.75,-0.014,2.437,racing
1778050037.3230455,beam,62.86,1751,3,11.51,0.0,-0.472,1.014,normal
1778050090.5257225,beam,82.63,2403,3,26.98,0.0,-0.082,-2.058,normal
1778049954.3049903,beam,85.64,2439,3,23.81,0.0,0.512,1.151,normal
1778050639.436092,beam,98.13,2950,3,55.08,0.0,0.089,-0.714,racing
1778050803.2233791,beam,105.75,4630,2,100.0,0.0,1.048,1.465,racing
1778049954.6257763,beam,86.13,2451,3,23.81,0.0,0.498,0.719,normal
1778050932.957409,beam,94.33,2664,3,26.98,0.0,-0.119,-0.078,racing
1778050096.9530826,beam,84.83,2472,3,29.76,0.0,0.087,-1.136,normal
1778050094.076209,beam,83.65,2424,3,26.98,0.0,0.076,-0.007,normal
1778050172.866697,beam,88.01,3013,3,9.52,0.0,-0.226,0.09,normal
1778050115.5183256,beam,90.16,2586,3,28.17,0.0,0.045,0.068,normal
1778050524.9821296,beam,131.11,3778,3,100.0,0.0,0.455,-0.792,racing
1778050286.9424496,beam,56.22,1771,3,19.44,0.0,0.069,-0.145,normal
1778050990.5792685,beam,81.46,2114,3,0.0,0.0,-0.86,-1.83,racing
1778050043.4734623,beam,49.87,1690,3,19.44,0.0,-0.988,-5.33,normal
1778050105.6869533,beam,87.64,2537,3,29.36,0.0,0.106,0.033,normal
1778049963.8944948,beam,91.65,2587,3,23.81,0.0,0.123,0.047,normal
1778050916.393505,beam,127.54,5503,2,100.0,0.0,0.604,-0.432,racing
1778050991.6595242,beam,80.24,2616,3,65.24,0.0,0.839,3.356,racing
1778050771.8699667,beam,92.2,2748,3,42.46,0.0,0.202,-0.089,racing
1778049951.860666,beam,81.95,2351,3,23.81,0.0,0.647,3.92,normal
1778049899.732758,beam,60.34,1839,3,19.44,0.0,0.135,1.458,normal
1778049982.439609,beam,54.22,1638,3,15.08,0.0,-0.427,-0.858,normal
1778050973.8441844,beam,89.87,4011,2,98.83,0.0,1.209,-0.132,racing
1778050495.9808118,beam,54.65,4521,1,100.0,0.0,1.746,-1.653,racing
1778050992.7280626,beam,82.96,2770,3,100.0,0.0,0.896,0.897,racing
1778050526.0592203,beam,133.0,3823,3,100.0,0.0,0.494,-0.069,racing
1778050217.509987,beam,73.08,2144,3,23.02,0.0,0.417,-1.679,normal
1778050656.9939232,beam,115.99,3086,3,0.0,29.36,-3.632,-23.33,racing
1778050746.5370686,beam,86.18,2584,3,41.27,0.0,0.368,-0.494,racing
1778050281.8881528,beam,55.39,1702,3,16.67,0.0,-0.036,0.708,normal
1778049955.076161,beam,86.79,2467,3,23.81,0.0,0.451,0.369,normal
1778050201.8637345,beam,56.29,1845,3,22.62,0.0,0.094,-1.49,normal
1778050228.5415692,beam,72.02,1993,3,12.3,0.0,-0.09,0.154,normal
1778050289.0574062,beam,57.11,1833,3,21.43,0.0,0.163,0.67,normal
1778050053.482122,beam,41.87,1675,3,21.43,0.0,0.165,-0.519,normal
1778050309.3201425,beam,53.96,763,3,0.0,0.0,-0.494,-0.489,normal
1778050669.744604,beam,117.07,3157,3,7.54,0.0,-1.01,-1.211,racing
1778049914.8006797,beam,72.29,2184,3,26.98,0.0,0.204,0.31,normal
1778049901.7160163,beam,60.99,1889,3,21.43,0.0,0.164,0.093,normal
1778050543.6532974,beam,148.42,4145,3,58.99,0.0,-0.056,-2.176,racing
1778050720.4096038,beam,125.1,3585,3,61.72,0.0,0.344,0.652,racing
1778050912.0085866,beam,116.35,5052,2,100.0,0.0,0.81,0.396,racing
1778050610.7842028,beam,55.3,893,2,0.0,19.05,35.278,132.861,racing
1778050493.9390917,beam,40.13,3472,1,100.0,0.0,2.382,1.868,racing
1778050090.2020755,beam,82.58,2398,3,26.98,0.0,0.103,0.685,normal
1778050565.5849924,beam,90.67,4036,2,82.03,0.0,1.047,-0.516,racing
1778050976.8966722,beam,102.92,4515,2,100.0,0.0,1.05,-0.334,racing
1778050924.1123536,beam,134.83,3834,3,69.14,0.0,0.326,0.126,racing
1778050146.873944,beam,64.52,1859,3,15.87,5.56,-0.377,0.945,normal
1778050226.33763,beam,72.38,2008,3,12.7,0.0,-0.051,-1.162,normal
1778050848.1823344,beam,123.29,3597,3,100.0,0.0,0.614,-5.691,racing
1778050786.5623355,beam,87.47,2596,3,36.51,0.0,0.235,0.18,racing
1778050732.4091828,beam,132.03,3710,3,48.41,0.0,0.011,-0.957,racing
1778050185.413318,beam,61.29,1568,3,1.98,0.0,-0.548,-0.141,normal
1778050186.497052,beam,58.93,1462,3,1.98,0.0,-0.68,-1.035,normal
1778050786.8933954,beam,87.78,2602,3,36.11,0.0,0.231,-0.284,racing
1778050648.075756,beam,112.12,3253,3,55.08,0.0,1.038,0.005,racing
1778049902.8438327,beam,61.86,1993,3,26.98,0.0,0.373,0.723,normal
1778050202.9495938,beam,56.65,1851,3,22.62,0.0,0.241,11.198,normal
1778050833.3525426,beam,96.56,3000,3,81.25,0.0,0.712,-0.173,racing
1778049817.8316624,beam,35.36,2098,2,36.11,0.0,1.234,0.208,normal
1778050201.7584183,beam,56.26,1844,3,22.62,0.0,0.251,0.511,normal
1778050686.8836422,beam,22.83,773,1,0.0,0.0,-1.017,-0.487,racing
1778049974.1555765,beam,68.27,1662,3,0.0,0.0,-0.753,-0.482,normal
1778050529.5300696,beam,138.17,3897,3,60.94,0.0,0.228,0.385,racing
1778050877.05187,beam,117.28,5089,2,100.0,0.0,0.611,-2.158,racing
1778050189.2181573,beam,53.9,1409,3,3.97,0.0,-0.39,1.182,normal
1778050654.9409616,beam,124.42,3548,3,54.69,0.0,-0.138,-1.964,racing
1778050535.19168,beam,144.64,4094,3,90.23,0.0,0.347,-0.01,racing
1778050630.5196955,beam,76.06,3499,2,100.0,0.0,1.55,2.413,racing
1778051009.6449234,beam,103.3,4530,2,98.44,0.0,1.071,1.605,racing
1778050552.0411837,beam,148.68,4148,3,58.2,0.0,-0.046,-0.948,racing
1778050724.0230362,beam,128.91,3633,3,48.02,0.0,0.105,0.066,racing
1778050596.6298509,beam,87.96,3941,2,100.0,0.0,1.295,-0.607,racing
1778049895.7823436,beam,59.44,1849,3,20.63,0.0,0.048,-2.032,normal
1778050038.9367144,beam,59.07,1801,3,19.44,0.0,-0.736,-1.096,normal
1778050975.3797655,beam,96.83,4278,2,100.0,0.0,1.042,-1.638,racing
1778050796.7972405,beam,79.14,3612,2,100.0,0.0,1.378,-0.574,racing
1778050491.4831965,beam,17.12,2371,1,80.86,0.0,3.365,-1.424,racing
1778050109.8675551,beam,88.85,2562,3,28.97,0.0,0.104,0.064,normal
1778050040.5019145,beam,56.25,1777,3,19.44,0.0,-0.625,1.163,normal
1778049915.6625445,beam,72.76,2194,3,26.98,0.0,0.177,0.195,normal
1778050879.2396207,beam,115.2,4846,2,0.0,23.81,-2.409,-10.783,racing
1778050084.1763804,beam,81.88,2377,3,26.19,0.0,0.036,-0.436,normal
1778050005.1811786,beam,87.04,2543,3,31.35,0.0,-0.084,0.518,normal
1778050308.9871624,beam,54.52,769,3,0.0,0.0,-0.483,0.354,normal
1778050730.4558532,beam,131.44,3696,3,48.41,0.0,0.126,0.396,racing
1778050562.8666642,beam,78.44,3574,2,80.86,0.0,1.167,1.821,racing
1778050229.1615732,beam,71.8,1986,3,11.91,0.0,-0.144,-0.302,normal
1778050289.1734753,beam,57.22,1832,3,21.83,0.0,0.263,0.859,normal
1778049887.131975,beam,94.04,2464,3,0.0,0.0,-0.807,-0.143,normal
1778050199.69822,beam,54.55,1808,3,22.62,0.0,0.224,-0.031,normal
1778050537.1081038,beam,146.79,4146,3,90.23,0.0,0.267,-0.343,racing
1778049917.233634,beam,73.65,2211,3,26.98,0.0,0.199,1.155,normal
1778050973.62927,beam,88.93,3975,2,98.83,0.0,1.305,0.398,racing
1778050109.4167593,beam,88.76,2556,3,28.57,0.0,0.129,-0.056,normal
1778050516.9464629,beam,126.45,5458,2,100.0,0.0,0.604,-0.821,racing
1778050980.2977192,beam,109.08,3237,3,69.14,0.0,0.479,-0.754,racing
1778050688.549719,beam,28.45,2741,1,100.0,0.0,2.37,-1.119,racing
1778050650.4003515,beam,119.66,3434,3,55.47,0.0,0.859,0.089,racing
1778050215.120474,beam,68.55,2052,3,23.02,0.0,0.684,1.943,normal
1778050575.647456,beam,108.75,3252,3,79.3,0.0,0.607,0.933,racing
1778050030.5051308,beam,80.62,2177,3,8.73,0.0,-0.614,-1.805,normal
1778049943.5659485,beam,79.19,2303,3,25.0,0.0,0.308,-0.438,normal
1778050540.0429077,beam,147.81,4129,3,59.77,0.0,0.164,1.019,racing
1778050739.0258594,beam,128.13,3609,3,46.83,0.0,0.112,0.121,racing
1778050218.146055,beam,74.23,2169,3,23.02,0.0,0.598,1.421,normal
1778050707.132874,beam,91.26,4062,2,100.0,4.37,0.837,2.37,racing
1778050880.5878725,beam,97.0,3213,3,0.0,19.44,-4.008,10.057,racing
1778050869.9450552,beam,92.8,4124,2,100.0,0.0,1.017,-0.464,racing
1778049990.4016497,beam,56.62,2072,3,33.73,0.0,0.671,-0.063,normal
1778049870.5117035,beam,91.81,2639,3,30.16,0.0,0.109,0.913,normal
1778050869.6289885,beam,91.55,4075,2,100.0,0.0,1.207,-1.176,racing
1778050285.7546985,beam,55.76,1786,3,20.63,0.0,0.124,-0.041,normal
1778050703.3803496,beam,81.1,3682,2,100.0,6.75,0.878,-1.691,racing
1778050207.8483691,beam,60.32,1903,3,22.62,0.0,0.162,0.228,normal
1778050916.0576189,beam,126.76,5471,2,100.0,0.0,0.566,-0.521,racing
1778050775.0833876,beam,94.58,2806,3,43.65,0.0,0.175,-0.693,racing
1778050108.8847568,beam,88.57,2552,3,28.57,0.0,-0.044,-2.121,normal
1778050546.43758,beam,148.7,4149,3,58.59,0.0,-0.119,-1.635,racing
1778050709.698423,beam,98.83,4354,2,100.0,4.76,0.669,-1.388,racing
1778050506.4184318,beam,92.56,4113,2,100.0,0.0,1.251,-0.292,racing
1778050264.4649718,beam,59.36,1715,3,14.29,0.0,0.548,0.107,normal
1778050015.5479553,beam,87.47,2513,3,26.98,0.0,-0.025,-0.832,normal
1778050978.01026,beam,105.22,4024,3,57.81,0.0,0.308,-0.846,racing
1778050126.8654325,beam,91.3,2620,3,28.97,0.0,0.002,-0.44,normal
1778050144.176864,beam,71.33,1776,3,0.0,0.0,-0.876,0.351,normal
1778049992.6214435,beam,62.61,2107,3,31.74,0.0,0.857,-0.271,normal
1778050198.099342,beam,53.22,1787,3,21.83,0.0,0.28,0.775,normal
1778050204.4805312,beam,58.09,1873,3,22.62,0.0,0.216,0.555,normal
1778050981.0465884,beam,110.53,3274,3,71.09,0.0,0.541,0.015,racing
1778050008.7303772,beam,86.68,2533,3,31.35,0.0,0.139,0.573,normal
1778050239.7679677,beam,65.44,1856,3,14.29,0.0,-0.025,1.249,normal
1778050192.7492585,beam,49.49,1513,3,14.29,0.0,-0.006,1.494,normal
1778050784.1900277,beam,85.18,2540,3,35.71,0.0,0.258,-0.025,racing
1778050989.9298403,beam,82.71,2562,3,14.29,0.0,-0.365,-0.257,racing
1778050554.8858194,beam,105.59,2788,3,0.0,89.84,-9.919,-8.18,racing
1778050655.7963886,beam,121.83,3243,3,0.0,0.0,-1.181,-0.893,racing
1778050953.94888,beam,105.03,3165,3,52.74,0.0,0.693,0.932,racing
1778049825.748533,beam,56.75,2085,3,34.13,0.0,0.529,0.084,normal
1778050648.6341653,beam,114.03,3301,3,55.86,0.0,0.933,0.01,racing
1778050248.551515,beam,57.13,1677,3,14.29,0.0,-0.463,1.77,normal
1778050312.2299445,beam,49.89,770,3,0.0,2.78,-0.597,-3.122,normal
1778050778.792927,beam,99.03,2898,3,43.25,0.0,0.319,0.701,racing
1778050210.543226,beam,61.91,1949,3,24.21,0.0,0.149,-0.241,normal
1778049902.2830722,beam,61.31,1903,3,22.62,0.0,0.143,-0.782,normal
1778050849.7459798,beam,126.97,3688,3,100.0,0.0,0.266,-1.748,racing
1778049919.1475658,beam,74.62,2225,3,26.59,0.0,0.183,1.068,normal
1778050848.949812,beam,125.45,3647,3,100.0,0.0,0.796,4.14,racing
1778050080.012442,beam,80.89,2363,3,26.98,0.0,0.079,-0.005,normal
1778049849.6327777,beam,83.62,2466,3,31.35,0.0,0.273,1.948,normal
1778049900.8290086,beam,60.51,1844,3,19.44,0.0,0.108,1.237,normal
1778050671.5101876,beam,102.43,2705,3,0.0,27.78,-2.952,21.585,racing
1778050628.4886055,beam,65.23,3124,2,100.0,0.0,1.414,-1.957,racing
1778050044.5975742,beam,47.6,1673,3,19.84,0.0,-0.306,1.874,normal
1778049898.499286,beam,60.0,1820,3,19.44,0.0,0.11,1.341,normal
1778050751.5406897,beam,98.57,3029,3,75.39,0.0,0.785,1.717,racing
1778050105.1358905,beam,87.45,2533,3,29.36,0.0,0.102,0.294,normal
1778049822.2783568,beam,49.24,2017,3,33.33,0.0,0.666,0.729,normal
1778050287.160222,beam,56.27,1772,3,19.44,0.0,0.057,-0.012,normal
1778050235.3083808,beam,67.9,1906,3,13.49,0.0,-0.24,-0.854,normal
1778050128.9419286,beam,91.7,2625,3,28.57,0.0,0.086,0.606,normal
1778050072.2941873,beam,78.26,2306,3,26.98,0.0,-0.001,-0.663,normal
1778050964.0322404,beam,80.71,3655,2,75.39,0.0,1.209,-1.739,racing
1778050177.46906,beam,79.97,2179,3,9.52,0.0,-0.521,1.415,normal
1778050857.889608,beam,40.06,755,3,0.0,84.77,-1.745,-113.911,racing
1778050692.7862487,beam,29.86,2384,2,100.0,11.51,0.838,-0.132,racing
1778050943.4316237,beam,103.51,2865,3,20.63,0.0,-0.265,-0.03,racing
1778050798.494388,beam,87.05,3906,2,100.0,0.0,1.14,-1.769,racing
1778050656.249436,beam,119.98,3190,3,0.0,0.0,-1.214,-2.698,racing
1778050016.7791193,beam,87.43,2512,3,26.98,0.0,-0.032,-0.366,normal
1778050500.9364831,beam,68.85,3253,2,100.0,0.0,0.885,-0.478,racing
1778050101.9710069,beam,86.35,2504,3,28.97,0.0,0.119,-0.006,normal
1778050058.2976916,beam,49.97,1991,3,31.74,0.0,0.599,-0.378,normal
1778050583.7453802,beam,90.1,2609,3,33.33,0.0,0.003,-0.537,racing
1778050068.4301538,beam,74.48,2435,3,44.05,0.0,0.473,-0.785,normal
1778049915.56075,beam,72.7,2192,3,26.98,0.0,0.157,0.587,normal
1778049934.012823,beam,77.06,2259,3,25.0,0.0,0.051,0.385,normal
1778050054.1453495,beam,42.31,1678,3,21.43,0.0,0.228,-0.614,normal
1778049857.7760613,beam,88.04,2550,3,29.76,0.0,0.127,0.149,normal
1778049912.5273042,beam,70.9,2158,3,26.98,0.0,0.169,-0.04,normal
1778050587.627289,beam,95.5,2828,3,43.65,0.0,0.125,1.863,racing
1778050629.5061622,beam,70.78,3311,2,100.0,0.0,1.613,1.522,racing
1778050624.422962,beam,50.21,770,3,0.0,0.0,-0.295,0.482,racing
1778050835.9861166,beam,102.07,3116,3,81.25,0.0,0.263,-1.687,racing
1778050605.044811,beam,87.29,2949,2,100.0,0.0,0.095,0.245,racing
1778050887.701307,beam,81.47,2823,2,83.2,0.0,-0.766,2.221,racing
1778049943.2191424,beam,78.78,2296,3,25.0,0.0,-0.113,6.411,normal
1778050626.9505558,beam,56.8,2670,2,100.0,0.0,0.46,0.002,racing
1778050915.6275988,beam,125.81,5433,2,100.0,0.0,0.712,1.048,racing
1778050028.275801,beam,86.29,2242,3,0.0,0.0,-0.779,0.896,normal
1778050264.1176374,beam,58.67,1709,3,14.29,0.0,0.48,-0.3,normal
1778050227.6772072,beam,72.19,2011,3,13.49,0.0,-0.091,-0.054,normal
1778050031.294376,beam,79.42,2171,3,9.92,0.0,-0.278,2.183,normal
1778050265.7949138,beam,61.75,1768,3,14.29,0.0,0.504,-0.023,normal
1778049948.384771,beam,79.63,2316,3,25.0,0.0,0.034,0.398,normal
1778050052.8329303,beam,41.54,1673,3,21.43,0.0,-0.032,-2.401,normal
1778050109.3025644,beam,88.71,2554,3,28.57,0.0,0.135,1.092,normal
1778050052.615776,beam,41.46,1673,3,21.43,0.0,0.031,-0.104,normal
1778050507.2803285,beam,96.3,4257,2,100.0,0.0,1.238,0.517,racing
1778050558.5372632,beam,66.63,2176,3,42.06,0.0,0.41,3.36,racing
1778050651.3754203,beam,122.09,3493,3,55.47,0.0,0.764,2.383,racing
1778050715.2468944,beam,114.95,4995,2,100.0,0.0,0.778,-0.042,racing
1778050851.3321023,beam,129.22,3739,3,100.0,0.0,0.258,-0.53,racing
1778050756.4487765,beam,109.34,3259,3,75.39,0.0,0.458,0.115,racing
1778050046.8012233,beam,43.97,1680,3,21.43,0.0,-0.278,1.586,normal
1778049927.952109,beam,77.6,2284,3,26.19,0.0,0.003,-0.76,normal
1778049877.4830751,beam,93.57,2681,3,30.16,0.0,0.064,-0.138,normal
1778050287.3716877,beam,56.34,1773,3,19.44,0.0,0.11,0.371,normal
1778050826.121599,beam,77.7,2576,3,53.52,0.0,0.666,-0.306,racing
1778049820.383733,beam,44.87,2247,2,34.52,0.0,0.931,-0.318,normal
1778050822.6665716,beam,69.18,2350,3,43.65,0.0,0.833,0.53,racing
1778050129.698459,beam,91.81,2627,3,28.57,0.0,0.013,-0.421,normal
1778050523.7624886,beam,128.88,3726,3,100.0,0.0,0.496,0.065,racing
1778050954.8656828,beam,102.25,2696,3,0.0,0.0,-0.76,1.988,racing
1778050698.668931,beam,60.89,4986,1,100.0,3.57,1.434,1.161,racing
1778050873.607727,beam,107.02,4675,2,100.0,0.0,1.048,0.108,racing
1778050594.157664,beam,77.24,2750,2,100.0,0.0,-0.037,-2.856,racing
1778050647.7494273,beam,110.96,3227,3,55.08,0.0,0.872,-0.814,racing
1778050195.2612395,beam,50.68,1714,3,20.63,0.0,0.233,0.122,normal
1778050588.3764195,beam,95.82,2844,3,44.44,0.0,0.131,-0.86,racing
1778050092.6185272,beam,83.22,2416,3,26.98,0.0,0.084,0.491,normal
1778050890.6821525,beam,88.07,3959,2,100.0,0.0,0.615,-3.135,racing
1778050100.8833823,beam,85.99,2485,3,27.78,0.0,0.049,-0.011,normal
1778050570.9143832,beam,98.23,3005,3,67.19,0.0,0.546,1.567,racing
1778050210.422995,beam,61.85,1946,3,23.81,0.0,0.178,0.094,normal
1778050935.0192838,beam,94.54,2698,3,29.36,0.0,0.033,0.163,racing
1778050021.4780383,beam,87.31,2509,3,26.98,0.0,-0.019,-0.503,normal
1778049837.7340782,beam,74.87,2324,3,34.13,0.0,0.444,0.991,normal
1778049988.0187235,beam,53.08,1872,3,25.4,0.0,0.177,-1.028,normal
1778050871.1462474,beam,97.64,4310,2,100.0,0.0,1.077,0.26,racing
1778050206.0289395,beam,59.18,1885,3,22.62,0.0,0.241,1.05,normal
1778050030.9570982,beam,79.87,2178,3,9.92,0.0,-0.4,1.426,normal
1778050121.5976925,beam,90.53,2592,3,27.78,0.0,0.043,0.094,normal
1778050952.9824452,beam,102.85,3125,3,78.91,0.0,0.662,-0.17,racing
1778049958.8863084,beam,89.49,2534,3,23.81,0.0,0.082,1.729,normal
1778050929.0243382,beam,98.66,2961,3,51.56,0.0,0.469,-1.292,racing
1778049989.7106664,beam,55.15,1960,3,29.36,0.0,0.679,3.775,normal
1778050574.348015,beam,105.91,3190,3,78.91,0.0,0.671,1.201,racing
1778050038.3567548,beam,60.45,1709,3,11.91,0.0,-0.812,-3.793,normal
1778051021.9347713,beam,34.83,767,2,0.0,0.0,-0.702,-4.234,racing
1778050055.7316654,beam,44.18,1883,3,32.14,0.0,0.307,-1.791,normal
1778050657.3247852,beam,110.13,2926,3,0.0,44.05,-4.954,-1.419,racing
1778049840.45144,beam,77.25,2316,3,29.36,0.0,0.248,0.009,normal
1778050979.212499,beam,107.15,3159,3,58.99,0.0,0.283,-1.736,racing
1778050233.926252,beam,68.7,1935,3,14.29,0.0,-0.146,0.137,normal
1778050034.52278,beam,72.95,1842,3,0.0,7.94,-1.768,-4.771,normal
1778050761.4150376,beam,117.33,3379,3,55.08,0.0,0.201,-1.31,racing
1778050288.1549354,beam,56.61,1819,3,22.62,0.0,0.114,-0.31,normal
1778050022.4575677,beam,87.3,2509,3,26.98,0.0,-0.007,0.382,normal
1778050012.6783214,beam,87.71,2515,3,26.59,0.0,-0.011,-0.116,normal
1778050678.9569693,beam,79.59,2079,3,0.0,50.0,-5.742,0.373,racing
1778050958.1012514,beam,83.52,2155,3,0.0,0.0,-0.882,0.136,racing
1778050684.4169488,beam,41.52,771,3,0.0,0.0,-1.233,-1.02,racing
1778050285.3271549,beam,55.58,1724,3,18.65,0.0,-0.093,-1.605,normal
1778049836.4956188,beam,73.41,2299,3,34.13,0.0,0.382,0.378,normal
1778050704.8170514,beam,84.69,3816,2,100.0,9.52,0.454,0.335,racing
1778050966.6666703,beam,83.12,3112,3,63.67,0.0,0.388,1.884,racing
1778049904.410648,beam,63.54,2034,3,26.98,0.0,0.3,0.738,normal
1778050294.2559507,beam,58.7,1854,3,21.43,0.0,-0.052,-1.43,normal
1778050604.2928383,beam,85.77,2816,3,100.0,0.0,0.681,-0.961,racing
1778050091.6187725,beam,83.01,2410,3,26.98,0.0,0.162,1.524,normal
1778049824.766804,beam,54.8,2068,3,34.13,0.0,0.744,2.536,normal
1778050649.4154315,beam,116.64,3363,3,55.47,0.0,0.908,0.309,racing
1778050894.231121,beam,101.69,4468,2,100.0,0.0,1.103,0.19,racing
1778050816.3537362,beam,101.95,2706,3,0.0,51.56,-5.247,6.938,racing
1778049812.5002446,beam,1.43,761,1,10.71,0.0,0.476,-1.428,normal
1778050580.3332486,beam,111.48,2951,3,0.0,0.0,-0.879,0.996,racing
1778050298.0918903,beam,60.28,1887,3,21.83,0.0,0.108,0.247,normal
1778049927.7375467,beam,77.56,2284,3,26.19,0.0,0.139,0.982,normal
1778050095.971274,beam,84.42,2468,3,30.16,0.0,0.079,-0.496,normal
1778050920.643566,beam,130.69,3732,3,67.97,0.0,0.417,0.627,racing
1778050232.9206226,beam,69.28,1938,3,13.49,0.0,-0.128,1.014,normal
1778050208.9469397,beam,61.04,1913,3,22.62,0.0,0.228,-0.748,normal
1778050761.1967232,beam,117.12,3373,3,55.08,0.0,0.376,0.03,racing
1778050737.306322,beam,127.6,3595,3,46.83,0.0,0.052,-1.283,racing
1778050611.1109085,beam,58.54,774,3,0.0,0.0,0.163,-6.495,racing
1778049988.1338382,beam,53.18,1873,3,25.4,0.0,0.24,0.541,normal
1778050002.2771451,beam,87.06,2547,3,31.74,0.0,0.068,-1.4,normal
1778050959.081636,beam,80.6,2069,3,0.0,0.0,-0.815,0.419,racing
1778050241.4327958,beam,64.29,1830,3,14.29,0.0,-0.196,-0.291,normal
1778050988.110352,beam,93.74,3930,2,0.0,0.0,-0.999,5.184,racing
1778050005.4132404,beam,86.93,2541,3,31.35,0.0,-0.133,-0.169,normal
1778050586.8470285,beam,95.1,2931,3,64.06,0.0,0.223,-1.943,racing
1778050112.2701278,beam,89.47,2579,3,29.36,0.0,0.055,-0.324,normal
1778050083.1118174,beam,81.66,2372,3,26.19,0.0,0.064,-0.23,normal
1778050734.177687,beam,127.65,3452,3,14.29,0.0,-0.698,2.333,racing
1778050750.8001127,beam,96.86,3001,3,75.39,0.0,0.605,-1.863,racing
1778050866.6410122,beam,77.65,3556,2,100.0,0.0,1.394,1.16,racing
1778050285.104543,beam,55.58,1713,3,17.46,0.0,0.047,0.033,normal
1778050694.1190407,beam,32.96,3006,1,100.0,11.91,1.439,1.23,racing
1778049837.377354,beam,74.43,2318,3,34.13,0.0,0.297,-0.732,normal
1778050901.1509018,beam,89.59,2335,3,0.0,0.0,-0.923,-0.405,racing
1778050824.3239071,beam,73.28,2385,3,41.27,0.0,0.643,0.465,racing
1778050671.7442205,beam,101.79,2685,3,0.0,0.0,-0.759,-0.083,racing
1778050217.713091,beam,73.46,2152,3,23.02,0.0,0.52,-0.075,normal
1778050684.9727502,beam,39.0,773,2,0.0,24.6,-2.044,-10.687,racing
1778050503.1506133,beam,77.5,3555,2,100.0,0.0,1.127,-0.796,racing
1778049825.6306996,beam,56.52,2083,3,34.13,0.0,0.519,-0.023,normal
1778050833.1334102,beam,95.99,2989,3,81.25,0.0,0.71,0.818,racing
1778050678.5057485,beam,88.5,2314,3,0.0,19.44,-2.413,17.198,racing
1778049953.7454028,beam,84.76,2418,3,23.81,0.0,0.395,-0.752,normal
1778050028.944107,beam,84.26,2183,3,0.0,0.0,-0.889,-0.664,normal
1778050973.1989794,beam,87.0,3903,2,98.83,0.0,1.341,1.01,racing
1778050625.3381538,beam,51.28,2295,3,73.83,0.0,1.009,0.487,racing
1778050889.5676508,beam,84.27,3806,2,100.0,0.0,0.917,2.011,racing
1778050150.3413453,beam,62.85,1908,3,20.63,0.0,0.022,0.398,normal
1778050951.9700334,beam,100.71,3078,3,78.12,0.0,0.718,0.171,racing
1778050749.803432,beam,94.6,4172,2,75.39,0.0,1.095,0.191,racing
1778050955.1985846,beam,101.16,2666,3,0.0,0.0,-0.877,0.85,racing
1778050836.661074,beam,103.0,3135,3,82.03,0.0,0.321,-0.681,racing
1778050190.2807603,beam,52.38,1387,3,4.76,0.0,-0.435,-0.037,normal
1778050891.753808,beam,91.61,4084,2,100.0,0.0,1.091,0.234,racing
1778050967.5286863,beam,84.37,2256,3,0.0,0.0,-1.018,-12.179,racing
1778050638.6520257,beam,97.67,2944,3,55.86,0.0,0.197,0.037,racing
1778050708.8182223,beam,96.38,4259,2,100.0,4.76,0.824,0.472,racing
1778050118.6482675,beam,90.27,2579,3,26.98,0.0,0.045,0.549,normal
1778049912.0973554,beam,70.67,2153,3,26.98,0.0,0.275,-0.157,normal
1778049992.7275712,beam,62.93,2109,3,31.74,0.0,0.856,-0.016,normal
1778050556.3177671,beam,74.95,1896,3,0.0,0.0,-1.076,-2.402,racing
1778050556.7651863,beam,73.64,1847,3,0.0,0.0,-0.774,0.181,racing
1778050501.9523072,beam,72.65,3384,2,100.0,0.0,1.036,-1.135,racing
1778050741.854671,beam,129.12,3636,3,47.62,0.0,0.095,0.387,racing
1778049851.6779983,beam,84.87,2493,3,31.35,0.0,0.136,-0.837,normal
1778050045.571815,beam,45.7,1685,3,20.63,0.0,-0.377,0.968,normal
1778050889.3503654,beam,83.64,3786,2,100.0,0.0,0.734,0.316,racing
1778049817.943468,beam,35.86,2105,2,36.11,0.0,1.241,0.07,normal
1778049881.614909,beam,94.46,2702,3,30.16,0.0,0.082,0.573,normal
1778049845.000778,beam,80.52,2401,3,31.35,0.0,0.148,-0.9,normal
1778050632.0867476,beam,84.03,3793,2,100.0,0.0,1.271,-1.102,racing
1778049951.5288322,beam,81.41,2340,3,23.81,0.0,0.363,0.397,normal
1778050310.1129053,beam,52.65,976,3,9.92,0.0,-0.473,-0.793,normal
1778050222.961444,beam,76.43,1943,3,0.0,0.0,-0.779,-1.584,normal
1778050278.078902,beam,57.19,1710,3,15.87,0.0,-0.2,1.183,normal
1778050127.5131495,beam,91.45,2622,3,28.97,0.0,0.061,-0.035,normal
1778050707.435377,beam,92.11,4095,2,100.0,4.37,0.854,1.318,racing
1778050569.1494656,beam,96.57,2943,3,50.78,0.0,0.52,1.987,racing
1778050966.1019397,beam,83.3,3537,2,14.29,0.0,-0.66,-1.151,racing
1778050755.7847705,beam,108.01,3228,3,75.39,0.0,0.549,-0.495,racing
1778050788.9950802,beam,88.5,2494,3,21.83,0.0,-0.052,0.792,racing
1778050096.2907288,beam,84.57,2469,3,29.36,0.0,0.151,1.554,normal
1778050074.6621008,beam,79.16,2326,3,26.98,0.0,0.116,0.279,normal
1778049869.1116817,beam,91.4,2630,3,30.16,0.0,0.052,-0.408,normal
1778050694.6501212,beam,35.95,3189,1,100.0,5.95,1.812,2.025,racing
1778050760.651598,beam,116.45,3357,3,55.08,0.0,0.344,0.487,racing
1778050727.522739,beam,130.37,3673,3,49.6,0.0,0.154,0.372,racing
1778050251.1025896,beam,53.38,1603,3,14.29,0.0,-0.449,-0.627,normal
1778051014.8693836,beam,124.92,5395,2,98.83,0.0,1.009,-1.307,racing
1778050607.0536478,beam,94.99,4209,2,100.0,0.0,1.149,-1.339,racing
1778050961.1282876,beam,73.06,2043,3,17.86,0.0,-0.154,-1.294,racing
1778050868.056772,beam,84.59,3814,2,100.0,0.0,1.33,0.717,racing
1778050825.3417857,beam,75.66,2531,3,54.69,0.0,0.758,-0.532,racing
1778050738.401853,beam,127.9,3604,3,46.83,0.0,-0.018,-0.673,racing
1778049885.2301505,beam,95.14,2719,3,30.16,0.0,-0.035,-1.669,normal
1778050283.0762968,beam,55.38,1693,3,16.67,0.0,0.071,0.968,normal
1778049884.6780033,beam,95.06,2716,3,30.16,0.0,0.111,0.904,normal
1778050181.66623,beam,69.88,1829,3,3.17,0.0,-0.711,-0.338,normal
1778050019.1926882,beam,87.35,2510,3,26.98,0.0,0.003,0.06,normal
1778050924.7562306,beam,127.39,3397,3,0.0,55.47,-5.432,14.827,racing
1778050838.192495,beam,104.54,3166,3,80.86,0.0,0.288,0.36,racing
1778050656.5650165,beam,118.67,3151,3,0.0,0.0,-1.04,0.888,racing
1778050663.1619265,beam,107.23,3139,3,54.3,0.0,0.293,-0.355,racing
1778050679.5027204,beam,72.05,1817,3,0.0,0.0,-0.651,24.202,racing
1778050801.1919425,beam,98.06,4327,2,100.0,0.0,1.153,0.379,racing
1778050854.2119484,beam,132.43,3811,3,100.0,0.0,0.411,0.637,racing
1778049894.9177215,beam,58.96,1796,3,19.44,0.0,-0.303,-7.551,normal
1778050681.232961,beam,58.68,1378,3,0.0,0.0,-1.231,22.759,racing
1778050021.2759593,beam,87.31,2509,3,26.98,0.0,0.016,0.494,normal
1778050242.098477,beam,63.99,1823,3,14.29,0.0,-0.012,1.592,normal
1778050682.87281,beam,47.7,770,3,0.0,0.0,-0.969,2.991,racing
1778050295.475098,beam,59.19,1884,3,22.62,0.0,0.169,0.925,normal
1778050605.2765172,beam,87.38,3451,2,100.0,0.0,0.138,0.691,racing
1778050866.4098165,beam,76.55,3516,2,100.0,0.0,1.102,-0.456,racing
1778050280.403887,beam,55.69,1708,3,17.06,0.0,-0.106,-0.507,normal
1778050649.9765422,beam,118.43,3405,3,55.47,0.0,0.812,-0.14,racing
1778050215.876437,beam,70.0,2081,3,23.02,0.0,0.465,-1.661,normal
1778050122.483828,beam,90.63,2593,3,27.78,0.0,0.04,-0.271,normal
1778050592.1301455,beam,71.79,1836,3,25.4,0.0,-0.762,0.235,racing
1778050204.0450034,beam,57.75,1865,3,22.62,0.0,0.206,-0.353,normal
1778050689.3214817,beam,34.92,3117,1,93.36,0.0,2.302,-0.919,racing
1778049826.9169085,beam,59.06,2107,3,34.13,0.0,0.597,0.378,normal
1778050767.4669394,beam,89.4,2421,3,14.29,0.0,-0.573,3.626,racing
1778050531.5951111,beam,140.13,3986,3,90.23,0.0,0.339,-0.906,racing
1778050051.5665302,beam,41.28,1672,3,21.43,0.0,0.004,-0.625,normal
1778050843.0328822,beam,109.64,4590,2,0.0,0.0,-0.962,-2.254,racing
1778050160.2674148,beam,25.36,1048,2,26.98,0.0,-0.268,1.116,normal
1778050527.4470758,beam,135.24,3876,3,100.0,0.0,0.392,0.697,racing
1778050503.6798143,beam,79.91,3640,2,100.0,0.0,1.318,0.538,racing
1778050555.5339944,beam,86.92,2284,3,0.0,74.61,-7.327,2.757,racing
1778050833.8870268,beam,97.82,3025,3,81.25,0.0,0.678,0.369,racing
1778050291.1771264,beam,57.63,1823,3,21.43,0.0,0.123,2.042,normal
1778049957.6475775,beam,89.33,2530,3,23.81,0.0,0.043,0.491,normal
1778050762.963369,beam,119.02,3418,3,54.69,0.0,0.412,1.451,racing
1778050756.2295756,beam,108.98,3249,3,75.39,0.0,0.551,0.392,racing
1778050874.7102482,beam,110.65,4824,2,100.0,0.0,0.877,-0.74,racing
1778050679.82341,beam,70.79,1768,3,0.0,0.0,-1.213,-1.477,racing
1778051025.5098112,beam,29.8,771,2,0.0,15.87,-1.769,-1.329,racing
1778050749.6874304,beam,94.15,4155,2,75.39,0.0,1.073,0.318,racing
1778050492.1383872,beam,24.4,2561,1,87.89,0.0,2.877,-1.398,racing
1778050507.6012683,beam,97.63,4309,2,100.0,0.0,1.1,-1.385,racing
1778050762.3063214,beam,118.32,3400,3,54.69,0.0,0.164,-1.597,racing
1778049948.850225,beam,79.75,2316,3,25.0,0.0,0.042,-0.355,normal
1778050193.399032,beam,49.55,1565,3,15.87,0.0,0.046,0.168,normal
1778050120.5016026,beam,90.39,2591,3,28.17,0.0,0.04,0.037,normal
1778050512.665434,beam,115.14,5003,2,100.0,0.0,0.742,-0.716,racing
1778050712.9649124,beam,108.3,4726,2,100.0,0.0,1.067,1.586,racing
1778050527.891148,beam,135.96,3892,3,100.0,0.0,0.469,0.607,racing
1778050862.0034974,beam,53.08,2762,2,100.0,0.0,1.748,2.957,racing
1778050936.4032714,beam,95.88,2915,3,58.2,0.0,0.493,-0.402,racing
1778050919.8745732,beam,129.71,3706,3,67.58,0.0,0.362,0.042,racing
1778049929.3317227,beam,77.7,2287,3,26.19,0.0,0.049,0.236,normal
1778050302.40335,beam,62.02,1976,3,25.0,0.0,0.178,-0.168,normal
1778049896.0158627,beam,59.5,1849,3,20.63,0.0,0.032,-0.556,normal
1778049839.260877,beam,76.37,2327,3,32.14,0.0,0.279,1.506,normal
1778050788.8792915,beam,88.52,2493,3,21.43,0.0,-0.144,0.032,racing
1778050198.3131294,beam,53.41,1789,3,21.83,0.0,0.303,1.053,normal
1778050540.5698614,beam,147.95,4133,3,59.77,0.0,-0.01,-1.407,racing
1778050493.6326275,beam,37.58,3302,1,100.0,0.0,2.295,-0.034,racing
1778050604.826141,beam,87.23,2842,3,100.0,0.0,0.677,-1.613,racing
1778050866.189999,beam,75.66,3484,2,100.0,0.0,1.412,0.196,racing
1778049890.1985836,beam,84.12,2175,3,0.0,0.79,-0.891,0.224,normal
1778050990.927789,beam,80.36,2068,3,0.0,0.0,-0.792,1.195,racing
1778050036.9728324,beam,63.69,1677,3,5.56,0.0,-0.952,-1.888,normal
1778050652.8294363,beam,123.92,3539,3,55.47,0.0,0.122,0.233,racing
1778050719.1087668,beam,124.1,5282,2,30.16,0.0,-0.416,1.861,racing
1778050789.5443113,beam,87.98,2348,3,0.0,0.0,-0.824,-6.008,racing
1778050281.989919,beam,55.35,1698,3,16.67,0.0,-0.088,-0.509,normal
1778050522.5626702,beam,126.68,3613,3,86.72,0.0,0.447,0.192,racing
1778050973.4265285,beam,88.0,3941,2,98.83,0.0,1.112,-1.809,racing
1778050778.047429,beam,98.25,2880,3,43.25,0.0,0.248,-0.417,racing
1778050783.5249093,beam,84.52,2526,3,38.89,0.0,0.251,0.268,racing
1778049971.834108,beam,74.66,1885,3,0.0,0.0,-0.785,0.13,normal
1778050651.9281693,beam,123.03,3517,3,55.47,0.0,0.285,-3.018,racing
1778050031.6255174,beam,78.93,2154,3,11.51,0.0,-0.453,0.038,normal
1778050892.086468,beam,92.91,4131,2,100.0,0.0,1.045,-0.971,racing
1778049856.127371,beam,87.3,2548,3,31.35,0.0,0.096,-0.58,normal
1778049853.8941913,beam,86.12,2521,3,31.35,0.0,0.126,-0.374,normal
1778050970.0304923,beam,74.59,2639,3,94.14,0.0,1.03,0.877,racing
1778050973.9480095,beam,90.38,4030,2,98.83,0.0,1.348,1.342,racing
1778049991.2997775,beam,58.95,2042,3,30.55,0.0,0.946,1.775,normal
1778050981.37943,beam,111.13,3288,3,71.09,0.0,0.455,-0.396,racing
1778050519.8492906,beam,132.68,5707,2,100.0,0.0,0.561,-0.031,racing
1778050970.7935202,beam,77.2,2680,3,100.0,0.0,0.806,-3.529,racing
1778050759.4465616,beam,115.03,3370,3,67.58,0.0,0.354,-1.655,racing
1778050253.830031,beam,50.3,1523,3,13.49,0.0,-0.2,0.336,normal
1778050279.7708237,beam,55.93,1704,3,17.06,0.0,-0.059,1.126,normal
1778050812.1234035,beam,131.91,5173,3,69.14,0.0,0.911,0.543,racing
1778050918.54055,beam,128.11,5424,2,34.13,0.0,-0.768,3.153,racing
1778050052.936194,beam,41.62,1674,3,21.43,0.0,0.222,2.467,normal
1778049922.560559,beam,76.3,2260,3,26.59,0.0,0.206,0.994,normal
1778050556.5384262,beam,74.28,1868,3,0.0,0.0,-0.992,-2.756,racing
1778050808.6933496,beam,121.96,5277,2,100.0,0.0,0.699,-0.313,racing
1778050807.7204454,beam,119.38,5173,2,100.0,0.0,0.792,0.418,racing
1778050126.7620976,beam,91.3,2619,3,29.36,0.0,0.047,-0.058,normal
1778049812.9320035,beam,3.91,1601,1,30.16,0.0,2.007,-1.404,normal
1778050013.8080251,beam,87.61,2516,3,26.98,0.0,-0.107,-0.256,normal
1778050522.0146308,beam,127.43,3393,3,0.0,0.0,-1.034,-1.255,racing
1778049839.8843665,beam,76.78,2305,3,29.76,0.0,-0.005,-1.15,normal
1778050765.5987442,beam,105.9,2810,3,0.0,46.03,-5.371,-3.565,racing
1778050621.1571116,beam,79.08,2058,3,0.0,42.86,-4.678,3.246,racing
1778050188.03473,beam,55.92,1412,3,2.78,0.0,-0.504,-0.051,normal
1778050841.2184803,beam,109.72,4783,2,100.0,0.0,0.752,-0.761,racing
1778049985.371688,beam,51.88,1774,3,21.83,0.0,-0.057,-0.557,normal
1778049912.7473762,beam,71.03,2161,3,26.98,0.0,0.126,-0.617,normal
1778050116.7167432,beam,90.41,2595,3,27.78,0.0,0.072,0.533,normal
1778050860.9127707,beam,48.85,2436,2,100.0,0.0,-2.87,-7.513,racing
1778050667.7909906,beam,114.94,3384,3,76.56,0.0,0.554,0.231,racing
1778050577.913301,beam,113.41,3354,3,79.3,0.0,0.542,-0.269,racing
1778050796.9098463,beam,79.69,3632,2,100.0,0.0,1.367,-0.1,racing
1778050773.9769127,beam,93.46,2777,3,42.86,0.0,0.265,0.504,racing
1778050657.7808263,beam,104.6,2753,3,0.0,0.0,-0.464,25.624,racing
1778050237.333427,beam,66.67,1886,3,14.29,0.0,-0.186,-0.393,normal
1778050525.4252012,beam,131.87,3796,3,100.0,0.0,0.465,0.118,racing
1778050539.3031726,beam,147.6,4121,3,58.59,0.0,0.158,1.953,racing
1778049870.8597474,beam,91.9,2642,3,30.16,0.0,0.078,-0.337,normal
1778050815.7259636,beam,109.07,2945,3,10.71,0.0,-0.49,0.792,racing
1778050112.9469922,beam,89.62,2583,3,28.97,0.0,0.062,-0.026,normal
1778050231.1168242,beam,70.67,1964,3,12.7,0.0,-0.234,-1.772,normal
1778050742.972473,beam,127.71,3403,3,0.0,9.52,-1.071,-0.403,racing
1778050314.0836122,beam,40.91,771,3,0.0,17.86,-1.585,-9.668,normal
1778049884.7814636,beam,95.05,2717,3,30.16,0.0,-0.017,-1.241,normal
1778050825.8849926,beam,77.12,2572,3,54.69,0.0,0.727,-0.353,racing
1778050933.0588875,beam,94.32,2674,3,26.98,0.0,-0.017,1.006,racing
1778050549.8738496,beam,148.65,4148,3,58.2,0.0,0.02,0.348,racing
1778049960.1052785,beam,89.94,2545,3,23.81,0.0,0.187,0.994,normal
1778050775.2976234,beam,94.89,2812,3,43.65,0.0,0.285,-2.152,racing
1778051003.4440253,beam,76.97,3530,2,100.0,0.0,1.447,0.779,racing
1778050945.399975,beam,94.55,2479,3,0.0,2.78,-1.457,-2.726,racing
1778050108.354009,beam,88.47,2549,3,28.57,0.0,0.06,-0.15,normal
1778050188.6678643,beam,54.78,1423,3,3.97,0.0,-0.445,1.348,normal
1778050878.701396,beam,119.11,5003,2,0.0,0.0,0.655,31.574,racing
1778050216.4303188,beam,71.06,2103,3,23.02,0.0,0.517,0.735,normal
1778050969.381686,beam,72.44,2427,3,80.86,0.0,0.665,2.324,racing
1778050613.693468,beam,68.34,3043,2,100.0,0.0,0.974,2.33,racing
1778050193.6013243,beam,49.63,1602,3,17.46,0.0,0.062,-0.781,normal
1778049949.2952332,beam,79.66,2267,3,19.44,0.0,-0.096,-0.221,normal
1778050674.1597204,beam,102.32,3049,3,57.42,0.0,0.571,2.731,racing
1778050580.9953203,beam,109.32,2892,3,0.0,0.0,-0.992,-1.455,racing
1778050281.6551502,beam,55.45,1703,3,17.06,0.0,0.088,0.563,normal
1778050533.524279,beam,142.6,4044,3,90.23,0.0,0.307,-0.079,racing
1778050015.3463836,beam,87.46,2514,3,26.98,0.0,0.017,-0.566,normal
1778050688.0890107,beam,24.17,2531,1,96.48,0.0,2.128,-2.312,racing
1778051018.9036183,beam,40.05,838,3,0.0,68.75,-2.533,3.91,racing
1778050043.3731327,beam,50.22,1691,3,19.44,0.0,-0.453,-1.997,normal
1778049826.495182,beam,58.23,2099,3,34.13,0.0,0.467,-0.697,normal
1778050546.2230434,beam,148.73,4149,3,58.59,0.0,0.118,2.131,racing
1778049913.1809628,beam,71.39,2166,3,26.98,0.0,0.339,0.454,normal
1778049901.8299143,beam,61.07,1891,3,21.43,0.0,0.194,0.267,normal
1778050826.0048485,beam,77.42,2574,3,54.3,0.0,0.702,-0.213,racing
1778049979.7742789,beam,58.5,1607,3,8.73,0.0,-0.673,-0.226,normal
1778049944.5779428,beam,79.29,2295,3,23.81,0.0,0.037,-0.289,normal
1778049867.011942,beam,90.77,2615,3,30.16,0.0,0.084,0.024,normal
1778050711.466927,beam,103.39,4533,2,100.0,4.76,0.702,-0.006,racing
1778050148.8556583,beam,63.05,1876,3,18.65,0.0,-0.051,-1.367,normal
1778050943.751675,beam,103.15,2816,3,7.14,0.0,-0.357,-0.751,racing
1778050721.157286,beam,125.97,3606,3,61.72,0.0,0.34,0.106,racing
1778050230.0048685,beam,71.36,1982,3,12.7,0.0,-0.259,-1.812,normal
1778050526.892337,beam,134.42,3855,3,100.0,0.0,0.503,0.215,racing
1778050515.9446158,beam,124.03,5360,2,100.0,0.0,0.676,-0.021,racing
1778050291.958747,beam,57.78,1845,3,21.43,0.0,0.176,0.197,normal
1778051014.3427272,beam,122.85,5311,2,98.83,0.0,1.11,0.366,racing
1778050282.8626845,beam,55.37,1693,3,16.67,0.0,-0.059,-0.894,normal
1778050575.8520083,beam,109.22,3262,3,79.3,0.0,0.64,0.115,racing
1778050132.4938233,beam,92.27,2641,3,28.57,0.0,-0.003,-0.967,normal
1778050717.8081193,beam,121.96,5276,2,100.0,0.0,0.668,-0.504,racing
1778050010.7314022,beam,87.5,2545,3,30.55,0.0,0.066,-0.102,normal
1778050205.5979664,beam,58.85,1881,3,22.62,0.0,0.157,-0.377,normal
1778050808.808401,beam,122.28,5289,2,100.0,0.0,0.76,0.537,racing
1778050156.3746445,beam,58.08,771,3,0.0,0.0,-0.588,-1.934,normal
1778049956.8626363,beam,88.76,2515,3,23.81,0.0,0.289,3.979,normal
1778050296.7732613,beam,59.82,1879,3,22.62,0.0,0.171,0.221,normal
1778050816.9095018,beam,90.32,2372,3,0.0,50.39,-5.463,8.724,racing
1778050949.8706625,beam,95.76,2978,3,78.12,0.0,0.854,2.586,racing
1778050948.6366456,beam,93.27,2934,3,78.91,4.37,0.362,-0.204,racing
1778050975.681852,beam,98.11,4328,2,100.0,0.0,1.151,-0.287,racing
1778050602.1591585,beam,81.57,2717,3,72.27,0.0,0.528,4.137,racing
1778050672.194122,beam,100.05,2726,3,29.36,0.0,-0.433,6.246,racing
1778049980.7704182,beam,56.53,1617,3,13.49,0.0,-0.475,0.928,normal
1778050105.9144218,beam,87.75,2539,3,29.36,0.0,0.11,-0.337,normal
1778051014.769323,beam,124.55,5379,2,98.83,0.0,1.14,0.366,racing
1778050687.753533,beam,21.42,2256,1,70.7,0.0,1.896,6.633,racing
1778049941.996106,beam,79.08,2301,3,25.0,0.0,0.186,3.957,normal
1778050575.0131333,beam,107.34,3221,3,79.3,0.0,0.632,0.21,racing
1778049980.9917765,beam,56.2,1652,3,14.29,0.0,-0.356,1.012,normal
1778050768.866372,beam,90.11,2612,3,31.74,0.0,0.143,1.396,racing
1778050090.3094964,beam,82.61,2401,3,26.98,0.0,0.06,-0.402,normal
1778049915.8667438,beam,72.9,2196,3,26.98,0.0,0.152,-0.572,normal
1778050789.111674,beam,88.44,2495,3,21.83,0.0,-0.144,-0.791,racing
1778050733.4094107,beam,130.48,3511,3,1.19,0.0,-0.97,-5.72,racing
1778050526.5791366,beam,133.87,3843,3,100.0,0.0,0.508,0.635,racing
1778050740.9701142,beam,128.79,3628,3,47.62,0.0,0.022,-1.737,racing
1778050873.9336472,beam,108.24,4724,2,100.0,0.0,1.041,0.367,racing
1778050298.7558117,beam,60.51,1890,3,21.83,0.0,0.055,-0.996,normal
1778050579.4790292,beam,114.42,3037,3,0.0,0.0,-0.914,0.48,racing
1778050798.9291596,beam,88.91,3978,2,100.0,0.0,1.212,0.567,racing
1778050513.767118,beam,118.33,5132,2,100.0,0.0,0.815,-0.282,racing
1778050712.6581428,beam,107.2,4683,2,100.0,0.0,1.02,-0.361,racing
1778050576.279499,beam,110.11,3281,3,79.3,0.0,0.556,-0.934,racing
1778050560.602868,beam,71.68,3320,2,86.33,0.0,1.649,6.681,racing
1778050857.5558507,beam,40.28,749,3,0.0,85.55,-11.884,15.226,racing
1778050048.9686131,beam,41.99,1677,3,21.43,0.0,-0.13,0.17,normal
1778049927.627467,beam,77.51,2284,3,26.19,0.0,0.031,1.382,normal
1778049939.2939413,beam,78.33,2290,3,25.4,0.0,0.108,1.656,normal
1778050222.087172,beam,78.51,2137,3,0.0,0.0,-0.346,-3.239,normal
1778050834.217243,beam,98.64,3042,3,81.25,0.0,0.717,0.375,racing
1778050607.393314,beam,96.39,4263,2,100.0,0.0,1.13,0.235,racing
1778050783.7446213,beam,84.73,2556,3,38.49,0.0,0.208,-1.08,racing
1778050316.6486115,beam,20.0,771,1,0.0,24.6,-2.655,0.078,normal
1778050791.8250687,beam,72.27,1809,3,0.0,0.0,-0.781,0.102,racing
1778050540.9913862,beam,148.05,4135,3,58.99,0.0,0.065,-0.11,racing
1778050909.6834347,beam,109.19,4763,2,100.0,0.0,0.873,-0.491,racing
1778051021.724629,beam,35.2,770,2,0.0,0.0,-0.074,3.944,racing
1778050537.3233182,beam,147.03,4151,3,89.45,0.0,0.305,-0.084,racing
1778050117.0362296,beam,90.4,2569,3,25.0,0.0,-0.011,0.331,normal
1778049890.2988644,beam,83.88,2167,3,0.0,0.79,-0.678,2.128,normal
1778050086.3409753,beam,81.98,2363,3,25.0,0.0,0.064,-0.056,normal
1778050302.0834572,beam,61.81,1930,3,24.21,0.0,0.015,-1.356,normal
1778050281.2106829,beam,55.48,1703,3,17.06,0.0,-0.022,0.21,normal
1778050881.8720598,beam,88.49,2514,3,25.0,0.0,-0.783,-0.539,racing
1778051002.129494,beam,70.06,3286,2,100.0,0.0,1.505,-0.294,racing
1778049855.1146524,beam,86.77,2536,3,31.35,0.0,0.094,-0.75,normal
1778050783.062946,beam,84.56,2188,3,0.0,0.0,-0.842,-0.961,racing
1778051008.6081915,beam,99.78,4399,2,98.05,0.0,1.055,-0.659,racing
1778050316.7649815,beam,18.81,771,1,0.0,24.6,-2.835,-1.543,normal
1778049961.428078,beam,90.55,2560,3,23.81,0.0,0.101,-0.729,normal
1778050978.2300208,beam,105.42,3436,3,58.59,0.0,0.2,-0.769,racing
1778050959.3027103,beam,78.34,2024,3,0.0,31.35,-3.764,-16.76,racing
1778050643.91477,beam,100.93,3008,3,55.47,0.0,0.388,1.682,racing
1778050539.72023,beam,147.65,4126,3,59.77,0.0,-0.026,-1.187,racing
1778050131.4624956,beam,92.09,2637,3,28.97,0.0,0.039,-0.465,normal
1778050613.5745373,beam,67.92,2839,2,100.0,0.0,0.697,-0.449,racing
1778050236.3889544,beam,67.27,1899,3,13.49,0.0,-0.158,0.071,normal
1778050200.5676265,beam,55.32,1833,3,22.62,0.0,0.277,0.43,normal
1778050801.9938931,beam,101.26,4452,2,100.0,0.0,1.194,2.226,racing
1778050741.5182233,beam,129.0,3633,3,47.62,0.0,0.084,-0.283,racing
1778050047.5673833,beam,43.14,1690,3,21.43,0.0,-0.231,0.654,normal
1778050554.3512251,beam,122.05,3243,3,0.0,65.63,-7.049,-0.048,racing
1778050550.9532037,beam,148.68,4148,3,58.2,0.0,-0.005,-0.33,racing
1778049984.2511168,beam,52.08,1694,3,21.83,0.0,-0.175,0.926,normal
1778050270.9564526,beam,67.24,1891,3,14.29,0.0,0.003,-0.052,normal
1778049934.2487411,beam,77.07,2260,3,25.0,0.0,-0.015,-0.436,normal
1778050117.483378,beam,90.29,2554,3,23.81,0.0,-0.092,-0.385,normal
1778050137.1968892,beam,92.42,2551,3,7.14,0.0,-0.281,-1.592,normal
1778050086.5539749,beam,82.0,2359,3,24.21,0.0,0.062,0.64,normal
1778050651.825189,beam,122.93,3514,3,55.47,0.0,0.596,1.254,racing
1778050967.948728,beam,78.6,2047,3,0.0,44.84,-5.852,-2.811,racing
1778050780.6276922,beam,97.84,2573,3,0.0,0.0,-0.925,-1.019,racing
1778049891.4989808,beam,74.46,1896,3,0.0,16.27,-2.437,-4.944,normal
1778050827.2557995,beam,80.45,2632,3,57.03,0.0,0.634,0.239,racing
1778050822.3481605,beam,68.27,2332,3,43.25,0.0,0.78,-0.97,racing
1778049857.0273502,beam,87.72,2546,3,30.16,0.0,0.106,0.199,normal
1778050624.766649,beam,49.84,1292,3,30.16,0.0,-0.316,0.305,racing
1778050836.1013052,beam,102.25,3119,3,81.25,0.0,0.443,1.561,racing
1778049902.0502355,beam,61.16,1893,3,21.83,0.0,0.094,-0.249,normal
1778050181.7806394,beam,69.61,1821,3,3.17,0.0,-0.656,0.478,normal
1778050259.2364447,beam,50.55,1547,3,14.29,0.0,0.413,1.213,normal
1778050961.5479732,beam,73.54,2459,3,57.81,0.0,0.657,1.041,racing
1778050906.5602417,beam,97.8,4315,2,100.0,0.0,1.028,-2.065,racing
1778049857.5646849,beam,87.95,2551,3,30.16,0.0,0.141,0.667,normal
1778050735.2392132,beam,127.09,3559,3,40.48,0.0,0.009,0.708,racing
1778050978.892621,beam,106.65,3148,3,58.59,0.0,0.415,0.462,racing
1778050040.834877,beam,55.68,1764,3,18.65,0.0,-0.72,-3.414,normal
1778050976.4607136,beam,101.25,4450,2,100.0,0.0,1.066,0.443,racing
1778050193.2966154,beam,49.54,1551,3,15.87,0.0,0.029,-0.375,normal
1778050622.6266031,beam,67.16,1658,3,0.0,32.54,-3.015,-7.113,racing
1778050274.091152,beam,61.27,1738,3,12.3,0.0,-0.276,-0.998,normal
1778050304.3564637,beam,63.57,2032,3,26.98,0.0,0.254,0.15,normal
1778050842.2327285,beam,112.4,4787,2,0.0,0.0,0.114,-6.399,racing
1778049928.0667396,beam,77.59,2285,3,26.19,0.0,-0.006,-0.077,normal
1778050252.5193858,beam,51.71,1572,3,14.29,0.0,-0.33,-0.432,normal
1778050601.6395876,beam,80.96,2719,3,80.08,0.0,0.947,0.828,racing
1778050873.0892613,beam,105.1,4600,2,100.0,0.0,1.282,4.552,racing
1778050585.295485,beam,92.41,2879,3,65.24,0.0,0.576,0.605,racing
1778050623.3095224,beam,58.99,1381,3,0.0,40.87,-3.496,-19.683,racing
1778050112.1658542,beam,89.44,2578,3,29.36,0.0,0.089,0.316,normal
1778050548.683764,beam,148.68,4149,3,58.59,0.0,0.089,1.135,racing
1778050262.1010602,beam,54.84,1625,3,14.29,0.0,0.411,-0.464,normal
1778050078.29279,beam,80.32,2347,3,26.59,0.0,0.142,1.163,normal
1778050744.4678097,beam,95.98,2514,3,0.0,0.0,-1.237,24.493,racing
1778049997.245139,beam,77.25,2337,3,31.74,0.0,0.788,1.805,normal
1778049904.9621265,beam,64.2,2044,3,26.98,0.0,0.379,1.447,normal
1778050686.6553805,beam,23.64,769,1,0.0,0.0,-0.962,1.879,racing
1778050639.547192,beam,98.18,2951,3,55.08,0.0,0.13,0.365,racing
1778050930.6598046,beam,98.3,2585,3,0.0,0.0,-0.92,-1.213,racing
1778050123.2646377,beam,90.7,2595,3,27.78,0.0,0.004,-0.118,normal
1778050500.8294168,beam,68.51,3241,2,100.0,0.0,0.937,-1.605,racing
1778050084.9244108,beam,81.92,2335,3,22.62,0.0,-0.048,0.484,normal
1778050752.2818975,beam,100.27,3064,3,75.39,0.0,0.627,-0.438,racing
1778050805.653592,beam,113.52,4940,2,100.0,0.0,0.792,2.475,racing
1778050124.360922,beam,90.87,2606,3,28.57,0.0,0.037,0.256,normal
1778050726.1784296,beam,129.79,3659,3,49.6,0.0,0.095,-0.257,racing
1778050639.8809786,beam,98.32,2954,3,55.08,0.0,0.037,-1.372,racing
1778050312.3307247,beam,49.46,770,3,0.0,7.94,-1.185,-5.827,normal
1778050809.0337274,beam,122.81,5312,2,100.0,0.0,0.644,-0.272,racing
1778050706.4791565,beam,89.46,3996,2,100.0,5.95,1.001,2.66,racing
1778050083.8417542,beam,81.79,2375,3,26.19,0.0,0.006,-0.911,normal
1778050720.9452195,beam,125.72,3600,3,61.72,0.0,0.294,-0.369,racing
1778050047.35035,beam,43.35,1691,3,21.83,0.0,-0.226,1.779,normal
1778050563.5189352,beam,81.57,3690,2,82.03,0.0,1.281,-0.465,racing
1778050112.8320584,beam,89.6,2582,3,29.36,0.0,0.065,0.203,normal
1778050790.4113743,beam,78.64,2045,3,0.0,34.92,-4.249,9.878,racing
1778050207.7465622,beam,60.26,1902,3,22.62,0.0,0.138,-0.419,normal
1778049996.3967545,beam,74.54,2287,3,31.74,0.0,0.514,-3.873,normal
1778050289.851433,beam,57.33,1822,3,20.63,0.0,0.09,-0.679,normal
1778050157.0241368,beam,57.16,768,3,0.0,0.0,-0.487,-2.193,normal
1778050887.15217,beam,82.25,2749,3,77.73,0.0,-0.256,-2.893,racing
1778050763.1846356,beam,119.22,3422,3,53.52,0.0,0.287,0.612,racing
1778049875.3264203,beam,93.06,2669,3,30.16,0.0,0.037,-0.247,normal
1778050269.9307055,beam,66.96,1881,3,13.49,0.0,0.246,0.999,normal
1778050190.060475,beam,52.73,1396,3,4.76,0.0,-0.314,0.139,normal
1778050807.1733031,beam,117.88,5112,2,100.0,0.0,0.764,-0.4,racing
1778050226.0104854,beam,72.41,2009,3,12.7,0.0,-0.196,-0.364,normal
1778049873.0274842,beam,92.5,2655,3,30.16,0.0,0.118,0.302,normal
1778050568.813938,beam,96.02,2934,3,63.67,0.0,0.54,1.894,racing
1778050851.4380417,beam,129.33,3742,3,100.0,0.0,0.306,0.461,racing
1778049867.8796165,beam,91.04,2622,3,30.16,0.0,0.115,0.677,normal
1778049929.7647555,beam,77.66,2287,3,26.19,0.0,-0.068,-0.639,normal
1778049994.7437992,beam,69.31,2204,3,32.54,0.0,0.833,-1.222,normal
1778050023.9443233,beam,87.28,2509,3,26.98,0.0,-0.043,-0.595,normal
1778050992.4063325,beam,82.05,2756,3,100.0,0.0,0.765,-0.696,racing
1778049937.3835125,beam,77.83,2275,3,25.0,0.0,0.082,0.387,normal
1778050123.1509948,beam,90.69,2595,3,27.78,0.0,0.017,-0.295,normal
1778050647.5356045,beam,110.26,3210,3,55.08,0.0,1.026,1.041,racing
1778050906.7761075,beam,98.63,4348,2,100.0,0.0,0.92,-2.71,racing
1778050975.047424,beam,95.41,4224,2,100.0,0.0,1.155,-1.362,racing
1778050562.3334403,beam,76.88,3525,2,73.05,0.0,1.93,6.448,racing
1778049902.6159797,beam,61.58,1970,3,26.19,0.0,0.29,1.098,normal
1778050907.095457,beam,99.87,4395,2,100.0,0.0,1.069,0.659,racing
1778050516.3933055,beam,125.16,5405,2,100.0,0.0,0.68,-0.27,racing
1778050998.147169,beam,60.51,1034,3,0.0,0.0,-0.59,0.462,racing
1778049881.2932403,beam,94.39,2700,3,30.16,0.0,0.037,-0.145,normal
1778050313.770054,beam,42.03,769,3,0.0,4.37,-0.657,-2.559,normal
1778050740.7512271,beam,128.7,3626,3,47.62,0.0,0.08,-0.742,racing
1778050871.4723742,beam,98.93,4360,2,100.0,0.0,1.125,-0.106,racing
1778050771.4142444,beam,91.85,2742,3,42.86,0.0,0.371,2.377,racing
1778050759.0181403,beam,114.3,3353,3,68.36,0.0,0.598,1.716,racing
1778050277.977371,beam,57.26,1712,3,15.87,0.0,-0.32,-0.478,normal
1778050765.717021,beam,103.5,2743,3,0.0,48.02,-5.638,-2.261,racing
1778049907.6285086,beam,67.02,2090,3,26.98,0.0,0.232,-0.463,normal
1778050529.0769916,beam,137.8,3932,3,83.59,0.0,0.4,-0.279,racing
1778050577.36573,beam,112.36,3330,3,79.3,0.0,0.602,0.184,racing
1778050567.2139702,beam,96.03,4067,3,81.25,0.0,0.316,-1.662,racing
1778049812.393076,beam,1.25,750,1,1.98,0.0,0.629,0.66,normal
1778050146.5421083,beam,65.16,1846,3,14.29,3.57,-0.404,1.575,normal
1778050618.7077494,beam,95.62,3878,3,62.11,0.0,0.427,0.711,racing
1778050154.4862783,beam,61.72,1830,3,8.33,0.0,0.077,-0.639,normal
1778050085.1416142,beam,81.93,2345,3,23.81,0.0,-0.047,-1.157,normal
1778050246.1304142,beam,60.81,1755,3,14.29,0.0,-0.584,-2.889,normal
1778050519.099115,beam,131.18,5647,2,100.0,0.0,0.578,0.095,racing
1778050818.560018,beam,81.25,2087,3,0.0,4.37,-0.666,2.458,racing
1778050703.499962,beam,81.38,3692,2,100.0,7.54,0.65,-1.905,racing
1778050685.5367112,beam,28.79,770,2,0.0,28.57,-4.96,5.273,racing
1778049937.14858,beam,77.78,2273,3,25.0,0.0,0.071,-0.322,normal
1778049874.663184,beam,92.88,2665,3,30.16,0.0,0.048,0.05,normal
1778050236.7011874,beam,67.05,1885,3,13.49,0.0,-0.161,0.296,normal
1778050278.4239166,beam,56.89,1704,3,15.87,0.0,-0.195,0.278,normal
1778049905.1800623,beam,64.43,2048,3,26.98,0.0,0.337,0.624,normal
1778050644.151501,beam,101.26,3015,3,55.47,0.0,0.388,0.008,racing
1778050720.6257763,beam,125.36,3591,3,61.72,0.0,0.329,-0.072,racing
1778050653.381049,beam,124.29,3546,3,55.08,0.0,0.062,-1.575,racing
1778050317.1004531,beam,14.57,772,1,0.0,28.97,-3.941,-4.156,normal
1778050891.8651123,beam,92.03,4100,2,100.0,0.0,1.046,-0.406,racing
1778050725.0896916,beam,129.3,3643,3,48.81,0.0,0.177,1.789,racing
1778050071.9632533,beam,78.11,2300,3,26.19,0.0,0.127,0.1,normal
1778050519.4155223,beam,131.81,5673,2,100.0,0.0,0.514,-0.304,racing
1778050872.0122874,beam,100.98,4439,2,100.0,0.0,1.141,1.22,racing
1778050135.3639536,beam,92.63,2649,3,29.36,0.0,0.073,0.868,normal
1778050611.4525375,beam,58.51,1335,3,44.44,0.0,-0.041,0.185,racing
1778050759.5534203,beam,115.24,3372,3,66.8,0.0,0.546,1.804,racing
1778050951.4184248,beam,99.45,3053,3,78.12,0.0,0.718,0.188,racing
1778050014.1276882,beam,87.6,2518,3,26.98,0.0,-0.023,0.064,normal
1778050651.598267,beam,122.5,3504,3,55.47,0.0,0.548,0.66,racing
1778049870.6346664,beam,91.83,2640,3,30.16,0.0,0.039,-0.568,normal
1778050119.6141703,beam,90.32,2582,3,26.98,0.0,0.033,-0.186,normal
1778050630.9510777,beam,78.27,3581,2,100.0,0.0,1.372,-0.536,racing
1778050608.290691,beam,100.26,4411,2,100.0,0.0,1.387,0.442,racing
1778050785.277722,beam,86.26,2573,3,36.51,0.0,0.327,0.509,racing
1778050800.394606,beam,94.84,4207,2,100.0,0.0,1.124,0.471,racing
1778050824.2206602,beam,73.04,2381,3,41.27,0.0,0.595,-0.185,racing
1778050883.3681445,beam,87.03,2735,3,53.52,0.0,-0.117,1.676,racing
1778049897.544582,beam,59.88,1793,3,17.86,0.0,-0.012,-0.161,normal
1778049966.3024735,beam,91.56,2585,3,23.02,0.0,-0.037,0.841,normal
1778049828.8125236,beam,62.42,2143,3,34.13,0.0,0.509,0.588,normal
1778050851.5440395,beam,129.4,3744,3,100.0,0.0,0.185,-1.15,racing
1778050141.8587997,beam,78.62,2009,3,0.0,0.0,-0.838,-0.383,normal
1778049997.1430037,beam,76.96,2331,3,31.74,0.0,0.603,-6.291,normal
1778050263.6677055,beam,57.83,1692,3,14.29,0.0,0.577,0.439,normal
1778050812.7529914,beam,129.54,3460,3,0.0,40.48,-4.811,-39.892,racing
1778050247.101381,beam,59.49,1723,3,14.29,0.0,-0.536,-0.509,normal
1778050111.6175616,beam,89.3,2575,3,29.36,0.0,0.038,-0.829,normal
1778050020.0705862,beam,87.34,2510,3,26.98,0.0,-0.008,0.216,normal
1778050591.347355,beam,73.98,1869,3,0.0,0.0,-0.997,-0.177,racing
1778049874.0966876,beam,92.78,2662,3,30.16,0.0,0.095,0.186,normal
1778050730.9933891,beam,131.62,3700,3,48.81,0.0,0.131,0.295,racing
1778050636.866849,beam,95.46,2895,3,55.47,0.0,0.506,0.682,racing
1778050011.3780055,beam,87.72,2550,3,29.76,0.0,0.117,0.072,normal
1778050907.94796,beam,103.08,4521,2,100.0,0.0,0.952,-1.262,racing
1778050195.5810068,beam,50.93,1735,3,21.43,0.0,0.229,0.021,normal
1778050188.3480017,beam,55.32,1398,3,3.17,0.0,-0.554,-0.856,normal
1778051024.9567134,beam,31.78,767,2,0.0,0.0,0.093,2.826,racing
1778050664.5620315,beam,109.25,3212,3,58.99,0.0,0.417,0.216,racing
1778050138.112643,beam,89.63,2336,3,0.0,0.0,-0.893,-0.227,normal
1778049918.732851,beam,74.46,2222,3,26.59,0.0,0.111,-0.675,normal
1778049832.760362,beam,68.51,2223,3,34.52,0.0,0.387,0.644,normal
1778050552.6002324,beam,148.11,3990,3,0.0,0.0,-1.288,-10.389,racing
1778049888.3155026,beam,90.1,2353,3,0.0,5.95,-1.422,-3.003,normal
1778051002.012529,beam,69.43,3264,2,100.0,0.0,1.54,1.122,racing
1778049878.1346965,beam,93.7,2684,3,30.16,0.0,0.037,-0.441,normal
1778049844.899938,beam,80.47,2399,3,31.35,0.0,0.239,0.444,normal
1778050198.4141078,beam,53.49,1790,3,21.83,0.0,0.215,-0.877,normal
1778051006.6280038,beam,92.0,4092,2,100.0,0.0,1.264,1.034,racing
1778049927.3991215,beam,77.55,2284,3,26.19,0.0,0.045,0.918,normal
1778050200.9998076,beam,55.64,1837,3,22.62,0.0,0.249,0.108,normal
1778049928.4024873,beam,77.63,2285,3,26.19,0.0,0.048,0.651,normal
1778050054.2493432,beam,42.36,1678,3,21.43,0.0,0.126,-0.988,normal
1778050799.9391332,beam,93.04,4139,2,100.0,0.0,1.043,-0.708,racing
1778050895.6358008,beam,106.81,4669,2,100.0,0.0,0.994,-0.696,racing
1778050837.3260534,beam,103.73,3151,3,81.25,0.0,0.279,-0.265,racing
1778050504.2156408,beam,82.38,3731,2,100.0,0.0,1.227,-0.121,racing
1778050837.7634227,beam,104.14,3158,3,80.86,0.0,0.197,-0.774,racing
1778050983.2158985,beam,109.98,2913,3,0.0,0.0,-1.063,-2.304,racing
1778050872.4424498,beam,102.68,4506,2,100.0,0.0,1.077,-0.45,racing
1778050608.712741,beam,102.27,4488,2,100.0,0.0,1.341,0.859,racing
1778050765.1489055,beam,113.43,3007,3,0.0,30.95,-3.179,8.845,racing
1778050531.71205,beam,140.3,3988,3,89.06,0.0,0.39,0.442,racing
1778049836.610594,beam,73.51,2301,3,34.13,0.0,0.256,-1.1,normal
1778050191.2792058,beam,51.0,1337,3,3.97,0.0,-0.437,-0.512,normal
1778050641.4504852,beam,98.86,2968,3,55.86,0.0,0.119,0.447,racing
1778050955.650653,beam,99.72,2625,3,0.0,0.0,-0.866,-0.34,racing
1778050200.1253457,beam,54.92,1827,3,22.62,0.0,0.22,0.201,normal
1778049997.886112,beam,79.1,2374,3,31.74,0.0,0.493,-3.899,normal
1778050751.0169587,beam,97.38,3005,3,75.39,0.0,0.782,2.314,racing
1778049925.7968464,beam,77.31,2288,3,26.98,0.0,-0.063,-1.648,normal
1778050201.2310965,beam,55.85,1839,3,22.62,0.0,0.217,-0.657,normal
1778050878.3726647,beam,120.38,5213,2,80.86,0.0,0.654,-0.709,racing
1778050998.3781822,beam,60.02,835,3,0.0,0.0,-0.586,0.12,racing
1778051024.8411243,beam,31.74,768,2,0.0,0.0,-0.234,2.809,racing
1778050514.450216,beam,120.21,5206,2,100.0,0.0,0.794,0.432,racing
1778050317.2186134,beam,13.08,770,1,0.0,28.57,-3.494,3.789,normal
1778049945.0308623,beam,79.28,2293,3,23.81,0.0,0.011,-0.434,normal
1778050654.8343754,beam,124.47,3548,3,54.69,0.0,0.071,1.235,racing
1778050260.644342,beam,52.42,1579,3,14.29,0.0,0.374,-0.44,normal
1778050533.6257498,beam,142.73,4047,3,90.23,0.0,0.355,0.475,racing
1778050316.8827803,beam,17.48,772,1,0.0,25.4,-3.142,-2.609,normal
1778050756.5545475,beam,109.6,3264,3,75.39,0.0,0.68,2.106,racing
1778050619.5920074,beam,96.37,2534,3,0.0,0.0,-0.66,2.502,racing
1778050911.5470994,beam,115.04,4999,2,100.0,0.0,0.807,-0.065,racing
1778049916.1844575,beam,73.07,2199,3,26.98,0.0,0.218,0.859,normal
1778050126.5438302,beam,91.26,2618,3,28.97,0.0,0.062,0.196,normal
1778050310.213621,beam,52.45,1252,3,19.84,0.0,-0.564,-0.904,normal
1778050540.2552102,beam,147.84,4131,3,59.77,0.0,0.07,0.504,racing
1778050136.5270257,beam,92.77,2631,3,25.0,0.0,-0.044,-0.411,normal
1778050053.6997886,beam,42.04,1676,3,21.43,0.0,0.182,-0.488,normal
1778049822.6808546,beam,50.21,2018,3,33.33,0.0,0.809,3.05,normal
1778051011.5392838,beam,110.65,4819,2,98.83,0.0,1.18,-0.221,racing
1778050092.2861662,beam,83.15,2414,3,26.98,0.0,0.135,1.645,normal
1778050921.8425422,beam,132.16,3770,3,68.75,0.0,0.346,0.334,racing
1778050284.3123603,beam,55.54,1704,3,17.06,0.0,-0.009,-1.156,normal
1778050601.9548256,beam,81.34,2722,3,71.09,0.0,-0.575,-10.193,racing
1778049992.9524696,beam,63.62,2116,3,31.74,0.0,0.942,1.756,normal
1778050674.936159,beam,103.33,3059,3,54.3,0.0,0.446,1.826,racing
1778050685.7541342,beam,27.47,770,2,0.0,0.0,-1.175,9.362,racing
1778050317.5447638,beam,8.93,756,1,0.0,30.55,-3.452,8.382,normal
1778049937.85023,beam,77.95,2277,3,25.0,0.0,0.164,1.836,normal
1778050059.5847156,beam,52.99,2202,3,44.44,0.0,0.798,-0.405,normal
1778050159.4913044,beam,27.27,771,2,0.0,34.92,-4.43,4.544,normal
1778050806.75068,beam,116.73,5065,2,100.0,0.0,0.848,0.187,racing
1778050779.9592774,beam,99.78,2733,3,7.54,0.0,-0.549,-4.56,racing
1778050152.7418168,beam,62.05,1858,3,18.65,2.38,-0.219,1.753,normal
1778050494.055138,beam,41.14,3542,1,100.0,0.0,2.415,0.287,racing
1778050589.2439628,beam,91.94,2433,3,0.0,34.13,-4.644,-31.114,racing
1778050037.0858932,beam,63.31,1710,3,8.73,0.0,-0.941,0.103,normal
1778050962.2976973,beam,75.64,2589,3,74.22,0.0,0.725,-1.606,racing
1778051005.8709767,beam,88.63,3964,2,100.0,0.0,1.345,-1.142,racing
1778049840.665809,beam,77.37,2322,3,30.16,0.0,0.306,2.698,normal
1778050268.91501,beam,66.21,1862,3,13.49,0.0,0.277,-0.662,normal
1778050601.4272013,beam,80.27,2700,3,80.08,0.0,0.926,1.672,racing
1778050720.8423023,beam,125.61,3597,3,61.72,0.0,0.332,0.134,racing
1778050886.020666,beam,82.9,2732,3,67.58,0.0,-0.221,1.848,racing
1778050889.900576,beam,85.46,3851,2,100.0,0.0,0.981,-0.586,racing
1778050009.833988,beam,87.18,2538,3,30.55,0.0,0.09,-0.829,normal
1778050514.5696638,beam,120.52,5218,2,100.0,0.0,0.726,-0.573,racing
1778050073.8241322,beam,78.86,2314,3,26.98,0.0,0.132,0.446,normal
1778050729.3584917,beam,131.08,3691,3,49.6,0.0,0.13,0.544,racing
1778050626.323339,beam,55.51,2444,3,100.0,0.0,1.104,-1.456,racing
1778050027.0618742,beam,87.83,2522,3,26.98,0.0,-0.269,-1.148,normal
1778050138.2252493,beam,89.32,2326,3,0.0,0.0,-0.759,1.191,normal
1778050947.401833,beam,91.59,2832,3,57.81,3.57,0.211,-0.639,racing
1778050014.347829,beam,87.59,2517,3,26.98,0.0,0.004,0.187,normal
1778050002.3778954,beam,87.1,2548,3,31.74,0.0,0.116,0.483,normal
1778050131.131117,beam,92.04,2636,3,28.97,0.0,0.024,-0.258,normal
1778050910.0099108,beam,110.29,4807,2,100.0,0.0,0.894,-0.927,racing
1778050030.0576563,beam,81.44,2185,3,6.35,0.0,-0.495,-0.274,normal
1778050713.1835544,beam,108.98,4754,2,100.0,0.0,0.889,0.497,racing
1778050773.5121267,beam,93.11,2772,3,42.86,0.0,0.07,0.459,racing
1778050120.1651711,beam,90.35,2587,3,28.17,0.0,0.023,0.023,normal
1778049883.8982642,beam,94.9,2713,3,30.16,0.0,0.063,0.199,normal
1778050087.3221436,beam,82.12,2372,3,25.4,0.0,0.276,3.373,normal
1778050293.506497,beam,58.38,1850,3,21.43,0.0,0.096,0.203,normal
1778050960.7113469,beam,73.67,1851,3,0.0,0.0,-0.689,1.373,racing
1778050684.8695092,beam,39.76,771,2,0.0,0.0,-0.941,-0.073,racing
1778050023.838941,beam,87.3,2509,3,26.98,0.0,0.02,0.204,normal
1778050776.4916525,beam,96.44,2839,3,42.86,0.0,0.306,-0.334,racing
1778049833.5153718,beam,69.58,2239,3,34.13,0.0,0.44,0.535,normal
1778050848.294702,beam,123.72,3605,3,100.0,0.0,1.064,4.004,racing
1778050133.3317385,beam,92.38,2641,3,28.57,0.0,0.032,0.352,normal
1778050873.2936106,beam,105.88,4630,2,100.0,0.0,0.974,-1.485,racing
1778050067.461568,beam,72.54,2407,3,44.05,0.0,0.589,0.043,normal
1778050305.382089,beam,64.33,2045,3,26.98,0.0,0.203,-0.461,normal
1778050977.8950655,beam,105.1,4355,3,57.81,0.0,0.405,-1.459,racing
1778050286.4088848,beam,56.01,1771,3,19.44,0.0,-0.01,-1.951,normal
1778049834.050632,beam,70.26,2249,3,34.13,0.0,0.267,-1.033,normal
1778050208.164934,beam,60.55,1906,3,22.62,0.0,0.24,0.674,normal
1778050535.7055826,beam,145.24,4108,3,90.23,0.0,0.33,-0.039,racing
1778050601.530249,beam,80.59,2711,3,80.08,0.0,0.856,-0.676,racing
1778050629.8539677,beam,72.63,3375,2,100.0,0.0,1.504,1.144,racing
1778049999.416458,beam,83.03,2459,3,32.14,0.0,0.662,0.259,normal
1778050561.785169,beam,74.42,3421,2,80.08,0.0,2.126,8.25,racing
1778050570.1505263,beam,96.97,2978,3,67.58,0.0,0.475,1.494,racing
1778050711.230697,beam,102.79,4508,2,100.0,2.38,0.761,0.985,racing
1778051011.428978,beam,110.19,4801,2,98.83,0.0,1.204,-0.281,racing
1778050636.9707408,beam,95.65,2899,3,55.86,0.0,0.51,0.041,racing
1778050890.898523,beam,88.77,3984,2,100.0,0.0,0.754,-2.672,racing
1778049905.28239,beam,64.54,2049,3,26.98,0.0,0.285,-0.515,normal
1778050514.683662,beam,120.8,5230,2,100.0,0.0,0.668,-0.506,racing
1778049888.2154236,beam,90.62,2367,3,0.0,3.57,-1.121,-2.278,normal
1778050228.6427653,beam,71.97,1992,3,12.3,0.0,-0.147,-0.556,normal
1778049991.6216588,beam,59.74,2049,3,30.55,0.0,0.818,1.725,normal
1778050793.3387053,beam,69.3,1891,3,9.52,0.0,-0.568,-1.45,racing
1778050823.5454335,beam,71.56,2379,3,42.46,0.0,0.714,0.258,racing
1778050216.0881703,beam,70.41,2090,3,23.02,0.0,0.552,0.312,normal
1778049953.1961358,beam,83.86,2398,3,23.81,0.0,0.469,0.592,normal
1778050717.47624,beam,121.12,5242,2,100.0,0.0,0.714,-0.423,racing
1778050015.4471097,beam,87.48,2514,3,27.78,0.0,0.059,0.414,normal
1778050568.285444,beam,95.82,2759,3,33.33,0.0,0.022,1.102,racing
1778050236.0555315,beam,67.48,1899,3,14.29,0.0,-0.138,0.171,normal
1778050185.819063,beam,60.42,1517,3,1.98,0.0,-0.556,0.65,normal
1778049975.7552953,beam,65.89,1828,3,11.51,0.0,-0.205,0.765,normal
1778050872.222978,beam,101.81,4472,2,100.0,0.0,1.063,-0.484,racing
1778050031.3955033,beam,79.3,2162,3,10.71,0.0,-0.309,-0.308,normal
1778049884.3453815,beam,95.0,2715,3,30.16,0.0,0.063,0.198,normal
1778050234.3925002,beam,68.46,1929,3,14.29,0.0,-0.123,0.392,normal
1778050308.0224288,beam,57.0,789,3,0.0,16.27,-1.878,-0.805,normal
1778050600.98769,beam,79.04,2534,3,58.59,0.0,0.507,-0.044,racing
1778050605.955727,beam,90.17,4023,2,100.0,0.0,1.225,-0.564,racing
1778050971.6777012,beam,79.57,3625,2,100.0,0.0,1.51,-2.983,racing
1778050820.448782,beam,66.63,1639,3,0.0,0.0,-0.64,28.251,racing
1778050637.9816325,beam,97.03,2931,3,55.86,0.0,0.246,-1.471,racing
1778050738.292234,beam,127.91,3603,3,46.83,0.0,0.056,-1.228,racing
1778049954.8558123,beam,86.45,2459,3,23.81,0.0,0.419,0.526,normal
1778050805.892952,beam,114.34,4966,2,100.0,0.0,-0.392,-22.45,racing
1778050607.861714,beam,98.29,4337,2,100.0,0.0,1.051,-0.906,racing
1778049994.6368842,beam,68.99,2196,3,32.54,0.0,0.963,0.439,normal
1778050592.2301602,beam,71.82,2138,3,61.72,0.0,0.081,8.434,racing
1778050221.1086392,beam,78.05,2258,3,23.02,0.0,-0.048,-1.652,normal
1778050107.2495322,beam,88.17,2545,3,28.97,0.0,0.126,0.527,normal
1778050643.7027996,beam,100.7,3003,3,55.47,0.0,0.404,1.493,racing
1778050158.1096668,beam,50.42,772,3,0.0,36.51,-3.847,-4.673,normal
1778050726.5130265,beam,129.92,3662,3,49.6,0.0,0.099,-0.878,racing
1778049927.2831278,beam,77.53,2283,3,26.19,0.0,-0.062,-1.007,normal
1778050503.56959,beam,79.38,3623,2,100.0,0.0,1.259,0.768,racing
1778050178.9987202,beam,76.51,1997,3,1.98,0.0,-0.835,-0.819,normal
1778049996.2865148,beam,74.34,2281,3,31.74,0.0,0.941,0.97,normal
1778050750.9158168,beam,97.09,3001,3,75.39,0.0,0.548,-0.498,racing
1778050694.4358113,beam,34.64,3107,1,100.0,10.32,1.588,2.08,racing
1778050825.7786136,beam,76.84,2566,3,55.47,0.0,0.765,0.954,racing
1778050004.9485772,beam,87.13,2545,3,31.35,0.0,-0.023,0.986,normal
1778050655.2508566,beam,124.19,3467,3,26.59,0.0,-0.537,-4.909,racing
1778050555.6487606,beam,83.85,2204,3,0.0,75.0,-7.427,-0.868,racing
1778050955.7665577,beam,99.29,2615,3,0.0,0.0,-1.045,-1.545,racing
1778050807.6190937,beam,119.09,5162,2,100.0,0.0,0.75,0.278,racing
1778050117.9110312,beam,90.24,2567,3,26.98,0.0,-0.061,-0.395,normal
1778049906.2478218,beam,65.61,2067,3,26.98,0.0,0.293,0.257,normal
1778050857.324685,beam,50.9,771,3,0.0,97.66,-6.663,-8.846,racing
1778049974.508716,beam,67.35,1643,3,3.97,0.0,-0.68,0.625,normal
1778050766.599846,beam,92.21,2413,3,0.0,0.0,-1.035,-7.985,racing
1778050842.00998,beam,112.02,4874,2,100.0,0.0,0.898,0.404,racing
1778050650.625732,beam,120.26,3449,3,55.47,0.0,0.572,-2.805,racing
1778050557.65308,beam,67.74,1647,3,0.0,0.0,-0.706,4.108,racing
1778049834.4841108,beam,70.87,2258,3,34.13,0.0,0.376,0.236,normal
1778050316.3185666,beam,23.36,771,1,0.0,26.59,-2.577,3.533,normal
1778050755.899765,beam,108.27,3234,3,75.39,0.0,0.622,0.633,racing
1778050989.1750605,beam,84.56,3534,2,0.0,0.0,-1.417,-3.693,racing
1778050752.851055,beam,101.55,3090,3,75.39,0.0,0.662,0.331,racing
1778049866.794606,beam,90.7,2614,3,30.16,0.0,0.074,-0.477,normal
1778050805.1004884,beam,111.99,4875,2,100.0,0.0,1.029,1.426,racing
1778049923.9346628,beam,76.8,2271,3,26.59,0.0,-0.003,-1.171,normal
1778050244.56314,beam,62.62,1792,3,14.29,0.0,-0.204,-1.673,normal
1778050884.931728,beam,84.77,2736,3,62.5,0.0,-0.086,5.764,racing
1778050549.105064,beam,148.62,4149,3,58.59,0.0,-0.005,0.565,racing
1778050889.787497,beam,85.06,3835,2,100.0,0.0,1.047,0.867,racing
1778050111.4000523,beam,89.23,2573,3,29.36,0.0,0.086,-0.39,normal
1778050982.026923,beam,112.39,3318,3,71.88,0.0,0.43,-1.237,racing
1778050081.1929295,beam,81.23,2360,3,25.4,0.0,0.03,-0.157,normal
1778050786.2297256,beam,87.16,2589,3,36.51,0.0,0.216,-0.78,racing
1778050152.3078125,beam,62.18,1874,3,18.65,0.0,-0.028,-1.386,normal
1778050915.9564917,beam,126.56,5463,2,100.0,0.0,0.618,-0.28,racing
1778050683.8511086,beam,43.8,771,3,0.0,3.57,-1.434,-1.866,racing
1778050151.7720673,beam,62.37,1879,3,19.44,1.59,-0.065,-1.456,normal
1778050673.5406685,beam,101.49,3014,3,54.69,0.0,0.425,1.362,racing
1778050213.893737,beam,66.26,2011,3,23.02,0.0,0.484,0.514,normal
1778050641.1271143,beam,98.74,2964,3,55.47,0.0,0.098,0.496,racing
1778049854.6670911,beam,86.55,2530,3,31.35,0.0,0.176,0.766,normal
1778050733.969649,beam,128.27,3416,3,0.0,0.0,-1.075,-0.346,racing
1778050610.6760058,beam,41.55,992,2,0.0,39.68,20.903,166.112,racing
1778050571.1185904,beam,98.68,3013,3,67.19,0.0,0.659,0.878,racing
1778050107.4554188,beam,88.23,2547,3,28.97,0.0,0.079,-0.047,normal
1778050034.641742,beam,72.28,1820,3,0.0,10.32,-1.573,1.638,normal
1778050593.595192,beam,76.01,2664,3,100.0,0.0,0.908,-0.013,racing
1778050093.507958,beam,83.53,2421,3,26.98,0.0,0.131,1.125,normal
1778050873.5063426,beam,106.63,4660,2,100.0,0.0,1.037,0.877,racing
1778049818.9499507,beam,39.9,2154,2,34.52,0.0,0.978,-1.098,normal
1778050038.590026,beam,59.82,1698,3,13.49,0.0,-0.631,2.142,normal
1778050573.1529305,beam,103.24,3135,3,78.91,0.0,0.641,-0.432,racing
1778050785.4908128,beam,86.45,2574,3,36.51,0.0,0.274,0.46,racing
1778050947.8537378,beam,92.25,2864,3,76.56,4.37,0.371,-1.765,racing
1778050935.439897,beam,94.6,2703,3,30.55,0.0,0.074,0.464,racing
1778050689.7350037,beam,36.36,2864,1,0.0,0.0,-1.222,-20.474,racing
1778050527.9964414,beam,136.13,3896,3,100.0,0.0,0.444,-0.245,racing
1778050531.0432456,beam,139.42,3945,3,71.09,0.0,0.263,-0.16,racing
1778051011.8688653,beam,112.13,4879,2,98.83,0.0,1.243,-0.318,racing
1778049907.844756,beam,67.26,2093,3,26.98,0.0,0.321,0.292,normal
1778050930.8720975,beam,97.62,2565,3,0.0,0.0,-0.866,0.469,racing
1778050863.6761165,beam,62.37,3030,2,100.0,0.0,1.769,2.773,racing
1778050747.768348,beam,88.98,2867,3,98.44,0.0,0.862,1.224,racing
1778050861.013141,beam,48.36,2463,2,100.0,0.0,-1.367,14.974,racing
1778050701.5005844,beam,74.58,3463,2,100.0,4.37,1.169,-7.83,racing
1778050858.5127842,beam,45.83,772,3,0.0,0.0,-0.069,-13.072,racing
1778049922.6609027,beam,76.29,2261,3,26.59,0.0,-0.05,-2.545,normal
1778050831.833388,beam,92.75,2927,3,80.86,0.0,0.651,-0.82,racing
1778049920.362121,beam,75.24,2238,3,26.59,0.0,-0.08,-3.003,normal
1778050295.1400666,beam,59.05,1863,3,21.83,0.0,-0.094,-3.336,normal
1778049829.5825615,beam,63.7,2158,3,34.13,0.0,0.469,0.159,normal
1778050616.9564462,beam,88.59,3963,2,100.0,0.0,1.525,0.868,racing
1778050748.853622,beam,91.0,4029,2,73.83,0.0,1.084,-0.143,racing
1778050871.6796806,beam,99.7,4390,2,100.0,0.0,0.972,-1.171,racing
1778050244.8878322,beam,62.23,1785,3,14.29,0.0,-0.259,1.792,normal
1778049923.1798837,beam,76.53,2265,3,26.59,0.0,0.099,-1.07,normal
1778050148.958531,beam,63.1,1877,3,18.65,0.0,0.123,1.695,normal
1778050823.6509795,beam,71.76,2377,3,40.48,0.0,0.54,-1.655,racing
1778050255.768921,beam,49.16,1517,3,14.29,0.0,-0.092,0.684,normal
1778049985.8409555,beam,51.89,1781,3,22.62,0.0,0.046,0.242,normal
1778050157.574927,beam,56.39,769,3,0.0,2.38,-0.333,2.324,normal
1778050897.618648,beam,103.01,4322,2,0.0,34.13,-4.294,14.504,racing
1778049896.5490415,beam,59.78,1826,3,18.65,0.0,0.107,0.085,normal
1778050773.6347528,beam,93.21,2773,3,42.86,0.0,0.226,1.274,racing
1778050596.1986358,beam,86.01,3865,2,100.0,0.0,1.351,0.018,racing
1778050679.172693,beam,75.35,1953,3,0.0,44.84,-5.046,7.739,racing
1778050767.2616444,beam,89.97,2348,3,0.0,0.0,-0.847,2.021,racing
1778050098.3573942,beam,85.31,2474,3,28.17,0.0,0.113,-0.041,normal
1778050818.9898176,beam,75.71,1954,3,0.0,42.06,-4.027,-5.595,racing
1778050920.5289395,beam,130.52,3729,3,67.58,0.0,0.345,0.551,racing
1778050959.8624103,beam,76.07,1929,3,0.0,0.0,-0.802,0.123,racing
1778050585.946338,beam,93.75,2919,3,69.14,0.0,0.603,-0.013,racing
1778050964.800763,beam,83.99,3775,2,77.73,0.0,1.142,0.033,racing
1778050250.0368462,beam,54.9,1632,3,14.29,0.0,-0.4,-0.64,normal
1778050213.3294506,beam,65.27,1991,3,23.81,0.0,0.482,-0.564,normal
1778049979.4469366,beam,59.24,1615,3,7.54,0.0,-0.742,-0.928,normal
1778049950.509573,beam,80.11,2299,3,23.02,0.0,0.269,1.055,normal
1778050843.4935162,beam,108.39,4536,2,0.0,0.0,-0.9,-3.451,racing
1778050020.5112967,beam,87.33,2510,3,26.98,0.0,-0.008,0.25,normal
1778050505.9836726,beam,90.64,4041,2,100.0,0.0,1.174,-1.086,racing
1778050141.4119463,beam,79.96,2050,3,0.0,0.0,-0.798,-2.184,normal
1778050111.7305949,beam,89.33,2575,3,29.36,0.0,0.088,0.441,normal
1778049832.6465793,beam,68.35,2221,3,34.13,0.0,0.314,-1.035,normal
1778051000.644423,beam,64.25,2521,3,100.0,0.0,1.177,1.887,racing
1778050113.1637907,beam,89.67,2581,3,28.97,0.0,0.002,-1.188,normal
1778050036.87069,beam,64.04,1667,3,3.97,0.0,-0.76,0.221,normal
1778050856.3234177,beam,71.19,1066,3,0.0,100.0,-6.009,2.103,racing
1778050092.3898191,beam,83.17,2414,3,26.98,0.0,0.054,-0.787,normal
1778051012.5444107,beam,115.16,5000,2,98.83,0.0,1.225,-0.289,racing
1778050945.855452,beam,92.59,2641,3,28.17,10.71,-0.795,4.413,racing
1778050696.821519,beam,50.12,4183,1,100.0,5.56,1.846,0.287,racing
1778050194.5808594,beam,50.19,1667,3,18.65,0.0,0.2,0.631,normal
1778050494.805343,beam,46.82,3953,1,100.0,0.0,2.0,-2.072,racing
1778049941.2347083,beam,78.9,2302,3,25.4,0.0,0.062,-0.618,normal
1778050699.414583,beam,64.54,5265,1,100.0,6.75,0.965,0.273,racing
1778050548.5723505,beam,148.65,4149,3,58.59,0.0,-0.037,-0.473,racing
1778050576.9172354,beam,111.45,3310,3,79.3,0.0,0.588,-0.35,racing
1778050078.9245384,beam,80.53,2351,3,26.59,0.0,0.089,0.079,normal
1778050757.1166697,beam,110.81,3290,3,74.22,0.0,0.667,0.42,racing
1778049895.8990407,beam,59.48,1849,3,20.63,0.0,0.097,0.419,normal
1778049997.0367844,beam,76.73,2325,3,31.74,0.0,1.272,4.788,normal
1778050908.2778103,beam,104.32,4570,2,100.0,0.0,1.094,0.71,racing
1778050606.2867217,beam,91.68,4080,2,100.0,0.0,1.274,-0.139,racing
1778050309.4307957,beam,53.78,762,3,0.0,0.0,-0.433,0.554,normal
1778049862.896008,beam,89.67,2567,3,26.98,0.0,0.035,0.099,normal
1778050682.4244735,beam,49.81,769,3,0.0,14.29,-2.931,12.606,racing
1778050623.5313437,beam,55.04,1263,3,0.0,50.0,-4.813,2.373,racing
1778050563.8483548,beam,83.16,3757,2,91.41,0.0,1.344,0.268,racing
1778050585.615248,beam,93.02,2898,3,67.19,0.0,0.511,-0.31,racing
1778049905.9304707,beam,65.29,2061,3,26.98,0.0,0.359,0.137,normal
1778050792.2435737,beam,71.1,1827,3,5.16,0.0,-0.586,2.228,racing
