timestamp,car,speed_kmh,rpm,gear,throttle,brake,accel_ms2,jerk
1778049811.9462142,beam,0.14,734,1,0.0,0.0,2.461,155.848
1778049812.06303,beam,0.5,744,1,0.0,0.0,0.867,-13.645
1778049812.1676714,beam,0.77,744,1,0.0,0.0,0.696,-1.631
1778049812.2774162,beam,0.99,748,1,0.0,0.0,0.552,-1.313
1778049812.393076,beam,1.25,750,1,1.98,0.0,0.629,0.66
1778049812.5002446,beam,1.43,761,1,10.71,0.0,0.476,-1.428
1778049812.6097507,beam,1.75,989,1,21.83,0.0,0.803,2.986
1778049812.711274,beam,2.26,1244,1,25.4,0.0,1.391,5.796
1778049812.8163726,beam,3.08,1460,1,28.97,0.0,2.169,7.406
1778049812.9320037,beam,3.91,1601,1,30.16,0.0,2.007,-1.404
1778049813.0428176,beam,5.05,1708,1,31.74,0.0,2.856,7.658
1778049813.1435344,beam,6.05,1773,1,30.55,0.0,2.765,-0.899
1778049813.2465067,beam,6.99,1801,1,30.55,0.0,2.526,-2.318
1778049813.3650982,beam,8.11,1823,1,30.55,0.0,2.619,0.779
1778049813.477769,beam,9.28,1845,1,31.74,0.0,2.899,2.485
1778049813.5804436,beam,10.44,1868,1,31.74,0.0,3.118,2.132
1778049813.6948607,beam,11.59,1890,1,32.94,0.0,2.793,-2.84
1778049813.8017592,beam,12.59,1911,1,32.94,0.0,2.597,-1.831
1778049813.9098556,beam,13.63,1930,1,32.94,0.0,2.692,0.876
1778049814.0129168,beam,14.58,1948,1,33.73,0.0,2.543,-1.446
1778049814.1161766,beam,15.48,1965,1,33.33,0.0,2.424,-1.15
1778049814.2318048,beam,16.5,1984,1,33.33,0.0,2.445,0.183
1778049814.346364,beam,17.52,2002,1,33.73,0.0,2.473,0.246
1778049814.4615076,beam,18.48,2020,1,32.94,0.0,2.337,-1.179
1778049814.5788503,beam,19.32,2040,1,32.94,0.0,1.971,-3.125
1778049814.685702,beam,20.1,2062,1,32.94,0.0,2.042,0.67
1778049814.794316,beam,20.85,2083,1,32.54,0.0,1.923,-1.097
1778049814.9004056,beam,21.63,2105,1,32.54,0.0,2.024,0.946
1778049815.001812,beam,22.15,2128,1,32.54,0.0,1.443,-5.723
1778049815.1120977,beam,22.97,2159,1,33.33,0.0,2.061,5.599
1778049815.227463,beam,23.78,2193,1,32.54,0.0,1.952,-0.939
1778049815.3336332,beam,24.3,2224,2,32.54,0.0,1.351,-5.668
1778049815.444797,beam,24.7,2221,2,33.33,0.0,1.013,-3.04
1778049815.5503654,beam,25.07,2178,2,33.33,0.0,0.974,-0.367
1778049815.6644096,beam,25.44,2121,2,33.33,0.0,0.897,-0.677
1778049815.7806041,beam,25.76,2066,2,33.33,0.0,0.754,-1.229
1778049815.8839962,beam,26.07,2028,2,33.73,0.0,0.851,0.94
1778049815.994724,beam,26.76,2004,2,33.73,0.0,1.72,7.85
1778049816.0947747,beam,27.22,1994,2,33.73,0.0,1.268,-4.522
1778049816.1998188,beam,27.64,1989,2,33.73,0.0,1.109,-1.514
1778049816.3151288,beam,28.3,1989,2,33.73,0.0,1.6,4.258
1778049816.4299672,beam,28.88,1995,2,34.13,0.0,1.395,-1.779
1778049816.5305512,beam,29.34,2005,2,35.32,0.0,1.284,-1.113
1778049816.6464362,beam,29.82,2025,2,36.51,0.0,1.143,-1.21
1778049816.750278,beam,30.39,2040,2,36.51,0.0,1.516,3.593
1778049816.8605132,beam,30.88,2052,2,36.11,0.0,1.25,-2.421
1778049816.9680586,beam,31.36,2057,2,36.11,0.0,1.231,-0.175
1778049817.0816524,beam,31.89,2062,2,36.11,0.0,1.309,0.686
1778049817.183592,beam,32.39,2068,2,37.3,0.0,1.349,0.396
1778049817.3003325,beam,32.94,2082,2,37.3,0.0,1.317,-0.272
1778049817.4016533,beam,33.43,2092,2,37.3,0.0,1.343,0.255
1778049817.512207,beam,33.93,2098,2,36.51,0.0,1.246,-0.88
1778049817.6144245,beam,34.4,2098,2,35.71,0.0,1.295,0.482
1778049817.7147782,beam,34.84,2096,2,35.71,0.0,1.209,-0.856
1778049817.8316624,beam,35.36,2098,2,36.11,0.0,1.234,0.208
1778049817.9434679,beam,35.86,2105,2,36.11,0.0,1.241,0.07
1778049818.043984,beam,36.29,2112,2,36.11,0.0,1.178,-0.629
1778049818.1498404,beam,36.72,2118,2,36.11,0.0,1.144,-0.325
1778049818.2634077,beam,37.21,2125,2,36.11,0.0,1.183,0.348
1778049818.37687,beam,37.67,2132,2,36.11,0.0,1.142,-0.362
1778049818.5002916,beam,38.18,2140,2,36.11,0.0,1.137,-0.041
1778049818.6175191,beam,38.64,2147,2,36.11,0.0,1.09,-0.402
1778049818.7315528,beam,39.08,2153,2,35.32,0.0,1.077,-0.11
1778049818.8464005,beam,39.53,2154,2,35.32,0.0,1.092,0.127
1778049818.9499507,beam,39.9,2154,2,34.52,0.0,0.978,-1.098
1778049819.0600595,beam,40.3,2154,2,34.52,0.0,1.013,0.315
1778049819.1681714,beam,40.67,2160,2,35.32,0.0,0.964,-0.453
1778049819.2775795,beam,41.07,2172,2,35.32,0.0,1.02,0.516
1778049819.383685,beam,41.46,2182,2,35.32,0.0,1.003,-0.166
1778049819.4982657,beam,41.87,2192,2,35.32,0.0,1.002,-0.006
1778049819.6123097,beam,42.28,2194,2,35.32,0.0,1.002,-0.004
1778049819.7299292,beam,42.67,2205,2,34.52,0.0,0.919,-0.706
1778049819.84356,beam,43.04,2209,2,34.52,0.0,0.906,-0.117
1778049819.9436922,beam,43.39,2214,2,34.52,0.0,0.966,0.601
1778049820.050555,beam,43.74,2221,2,34.52,0.0,0.912,-0.502
1778049820.164482,beam,44.12,2230,2,34.52,0.0,0.931,0.168
1778049820.2792633,beam,44.52,2239,2,34.52,0.0,0.964,0.287
1778049820.383733,beam,44.87,2247,2,34.52,0.0,0.931,-0.318
1778049820.500221,beam,45.21,2256,2,34.52,0.0,0.805,-1.081
1778049820.6121132,beam,45.58,2265,2,34.52,0.0,0.927,1.09
1778049820.7315748,beam,45.94,2274,2,34.52,0.0,0.84,-0.731
1778049820.8451684,beam,46.33,2281,2,34.13,0.0,0.949,0.965
1778049820.963781,beam,46.63,2288,2,34.13,0.0,0.705,-2.059
1778049821.0649073,beam,46.98,2297,3,34.52,0.0,0.944,2.364
1778049821.1785839,beam,47.01,2286,3,34.13,0.0,0.079,-7.611
1778049821.283649,beam,47.17,2236,3,33.73,0.0,0.433,3.371
1778049821.3989055,beam,47.32,2172,3,33.73,0.0,0.347,-0.743
1778049821.5121458,beam,47.44,2114,3,33.73,0.0,0.311,-0.326
1778049821.6162004,beam,47.63,2070,3,34.13,0.0,0.505,1.865
1778049821.7283707,beam,47.94,2044,3,33.73,0.0,0.761,2.288
1778049821.8435988,beam,48.25,2030,3,33.33,0.0,0.741,-0.175
1778049821.9484367,beam,48.5,2020,3,33.73,0.0,0.674,-0.644
1778049822.061579,beam,48.75,2020,3,34.13,0.0,0.612,-0.546
1778049822.1662216,beam,48.97,2020,3,33.33,0.0,0.584,-0.267
1778049822.2783568,beam,49.24,2017,3,33.33,0.0,0.666,0.729
1778049822.3787835,beam,49.53,2015,3,33.33,0.0,0.793,1.267
1778049822.479955,beam,49.73,2016,3,33.33,0.0,0.575,-2.152
1778049822.580752,beam,49.92,2016,3,33.33,0.0,0.503,-0.713
1778049822.6808546,beam,50.21,2018,3,33.33,0.0,0.809,3.05
1778049822.795111,beam,50.43,2022,3,34.13,0.0,0.529,-2.449
1778049822.9105117,beam,50.72,2030,3,34.13,0.0,0.696,1.451
1778049823.0202875,beam,50.91,2034,3,34.13,0.0,0.503,-1.764
1778049823.1289947,beam,51.2,2038,3,34.13,0.0,0.731,2.103
1778049823.2301457,beam,51.46,2040,3,34.13,0.0,0.72,-0.114
1778049823.3319936,beam,51.68,2042,3,34.13,0.0,0.59,-1.27
1778049823.4346197,beam,51.86,2044,3,34.13,0.0,0.482,-1.056
1778049823.543743,beam,52.1,2046,3,34.13,0.0,0.614,1.212
1778049823.645496,beam,52.34,2048,3,34.13,0.0,0.673,0.574
1778049823.7621565,beam,52.62,2050,3,34.13,0.0,0.65,-0.193
1778049823.8787277,beam,52.8,2052,3,34.13,0.0,0.438,-1.818
1778049823.995334,beam,53.1,2054,3,34.13,0.0,0.704,2.279
1778049824.1109283,beam,53.43,2056,3,34.13,0.0,0.787,0.72
1778049824.2119102,beam,53.66,2058,3,34.13,0.0,0.648,-1.377
1778049824.3275466,beam,53.87,2060,3,34.13,0.0,0.501,-1.276
1778049824.4438062,beam,54.01,2062,3,34.13,0.0,0.331,-1.459
1778049824.5454693,beam,54.32,2064,3,34.13,0.0,0.859,5.19
1778049824.660825,beam,54.52,2066,3,34.13,0.0,0.476,-3.321
1778049824.766804,beam,54.8,2068,3,34.13,0.0,0.744,2.536
1778049824.88409,beam,55.04,2070,3,34.13,0.0,0.551,-1.647
1778049824.998343,beam,55.25,2072,3,34.13,0.0,0.516,-0.309
1778049825.1000257,beam,55.43,2073,3,34.13,0.0,0.5,-0.153
1778049825.2134774,beam,55.67,2075,3,34.13,0.0,0.578,0.681
1778049825.3148372,beam,55.91,2077,3,34.13,0.0,0.67,0.91
1778049825.416931,beam,56.12,2079,3,34.13,0.0,0.579,-0.891
1778049825.5264122,beam,56.33,2081,3,34.13,0.0,0.521,-0.524
1778049825.6306996,beam,56.52,2083,3,34.13,0.0,0.519,-0.023
1778049825.748533,beam,56.75,2085,3,34.13,0.0,0.529,0.084
1778049825.8501256,beam,56.98,2087,3,34.13,0.0,0.635,1.04
1778049825.9605708,beam,57.17,2089,3,34.13,0.0,0.483,-1.371
1778049826.067854,beam,57.39,2091,3,34.13,0.0,0.56,0.714
1778049826.178624,beam,57.62,2093,3,34.13,0.0,0.582,0.197
1778049826.2804868,beam,57.84,2095,3,34.13,0.0,0.583,0.014
1778049826.380838,beam,58.03,2097,3,34.13,0.0,0.547,-0.359
1778049826.495182,beam,58.23,2099,3,34.13,0.0,0.467,-0.697
1778049826.6105034,beam,58.46,2101,3,34.13,0.0,0.569,0.882
1778049826.7132666,beam,58.64,2103,3,34.13,0.0,0.47,-0.961
1778049826.8154862,beam,58.84,2105,3,34.13,0.0,0.558,0.861
1778049826.9169083,beam,59.06,2107,3,34.13,0.0,0.597,0.378
1778049827.0306401,beam,59.25,2109,3,34.13,0.0,0.467,-1.137
1778049827.1449995,beam,59.44,2111,3,34.13,0.0,0.461,-0.059
1778049827.2608666,beam,59.66,2113,3,34.13,0.0,0.516,0.475
1778049827.3651433,beam,59.84,2115,3,34.13,0.0,0.503,-0.121
1778049827.4652278,beam,60.04,2117,3,34.13,0.0,0.555,0.514
1778049827.5794342,beam,60.26,2119,3,34.13,0.0,0.532,-0.198
1778049827.7002099,beam,60.48,2122,3,34.13,0.0,0.497,-0.286
1778049827.8147175,beam,60.67,2124,3,34.13,0.0,0.466,-0.273
1778049827.9161546,beam,60.85,2126,3,34.13,0.0,0.49,0.235
1778049828.027702,beam,61.05,2128,3,34.13,0.0,0.505,0.134
1778049828.142386,beam,61.26,2130,3,34.13,0.0,0.51,0.04
1778049828.2508376,beam,61.45,2132,3,34.13,0.0,0.467,-0.396
1778049828.364181,beam,61.63,2134,3,34.13,0.0,0.449,-0.158
1778049828.4670541,beam,61.82,2136,3,34.13,0.0,0.51,0.593
1778049828.5833511,beam,62.03,2139,3,34.13,0.0,0.514,0.041
1778049828.6971123,beam,62.21,2141,3,34.13,0.0,0.441,-0.646
1778049828.8125236,beam,62.42,2143,3,34.13,0.0,0.509,0.588
1778049828.9135396,beam,62.58,2145,3,34.13,0.0,0.421,-0.87
1778049829.0136456,beam,62.75,2147,3,34.13,0.0,0.47,0.495
1778049829.1262126,beam,62.92,2149,3,34.13,0.0,0.434,-0.327
1778049829.2314842,beam,63.1,2151,3,34.13,0.0,0.456,0.211
1778049829.3438213,beam,63.31,2154,3,34.13,0.0,0.527,0.631
1778049829.4675748,beam,63.51,2156,3,34.13,0.0,0.451,-0.613
1778049829.5825617,beam,63.7,2158,3,34.13,0.0,0.469,0.159
1778049829.6971219,beam,63.85,2161,3,34.13,0.0,0.36,-0.955
1778049829.8010788,beam,64.03,2162,3,34.13,0.0,0.489,1.248
1778049829.92063,beam,64.23,2165,3,34.13,0.0,0.443,-0.391
1778049830.031174,beam,64.4,2167,3,34.13,0.0,0.441,-0.015
1778049830.132045,beam,64.55,2169,3,34.13,0.0,0.417,-0.234
1778049830.2325673,beam,64.73,2171,3,34.13,0.0,0.49,0.721
1778049830.3337836,beam,64.88,2173,3,34.13,0.0,0.41,-0.791
1778049830.4501474,beam,65.06,2176,3,34.13,0.0,0.437,0.231
1778049830.5504007,beam,65.21,2178,3,34.13,0.0,0.414,-0.225
1778049830.6643085,beam,65.39,2180,3,34.13,0.0,0.427,0.116
1778049830.7771747,beam,65.58,2182,3,34.13,0.0,0.478,0.446
1778049830.8824031,beam,65.75,2184,3,34.13,0.0,0.446,-0.305
1778049831.0007424,beam,65.92,2187,3,34.13,0.0,0.388,-0.485
1778049831.117145,beam,66.09,2189,3,34.13,0.0,0.407,0.161
1778049831.2310507,beam,66.28,2192,3,34.13,0.0,0.483,0.671
1778049831.3471904,beam,66.46,2194,3,34.13,0.0,0.424,-0.508
1778049831.4623604,beam,66.61,2196,3,34.13,0.0,0.367,-0.5
1778049831.578202,beam,66.81,2199,3,34.13,0.0,0.461,0.809
1778049831.6933277,beam,66.97,2201,3,34.13,0.0,0.385,-0.655
1778049831.8102431,beam,67.14,2206,3,34.52,0.0,0.409,0.207
1778049831.9104798,beam,67.29,2208,3,34.13,0.0,0.416,0.069
1778049832.015161,beam,67.45,2209,3,34.13,0.0,0.441,0.237
1778049832.1267285,beam,67.61,2210,3,34.13,0.0,0.387,-0.489
1778049832.2291777,beam,67.73,2212,3,34.13,0.0,0.34,-0.454
1778049832.329718,beam,67.9,2214,3,34.13,0.0,0.452,1.109
1778049832.4440641,beam,68.08,2216,3,34.13,0.0,0.445,-0.06
1778049832.5443084,beam,68.23,2219,3,34.13,0.0,0.42,-0.248
1778049832.6465793,beam,68.35,2221,3,34.13,0.0,0.314,-1.035
1778049832.760362,beam,68.51,2223,3,34.52,0.0,0.387,0.644
1778049832.876898,beam,68.68,2229,3,34.52,0.0,0.42,0.282
1778049832.9776504,beam,68.8,2232,3,34.52,0.0,0.325,-0.947
1778049833.0832508,beam,68.95,2235,3,34.52,0.0,0.386,0.578
1778049833.1850336,beam,69.11,2237,3,34.52,0.0,0.45,0.631
1778049833.2989252,beam,69.26,2237,3,34.13,0.0,0.353,-0.852
1778049833.4003055,beam,69.4,2238,3,34.13,0.0,0.379,0.254
1778049833.5153718,beam,69.58,2239,3,34.13,0.0,0.44,0.535
1778049833.6286082,beam,69.7,2241,3,34.13,0.0,0.305,-1.199
1778049833.7308104,beam,69.88,2243,3,34.13,0.0,0.474,1.661
1778049833.831855,beam,70.01,2245,3,34.13,0.0,0.36,-1.132
1778049833.946735,beam,70.16,2247,3,34.13,0.0,0.374,0.122
1778049834.050632,beam,70.26,2249,3,34.13,0.0,0.267,-1.033
1778049834.1636887,beam,70.46,2252,3,34.13,0.0,0.476,1.852
1778049834.2756681,beam,70.6,2254,3,34.13,0.0,0.356,-1.072
1778049834.3795373,beam,70.73,2256,3,34.13,0.0,0.351,-0.048
1778049834.4841108,beam,70.87,2258,3,34.13,0.0,0.376,0.236
1778049834.5939891,beam,70.99,2261,3,34.13,0.0,0.306,-0.631
1778049834.6969132,beam,71.14,2263,3,34.13,0.0,0.396,0.873
1778049834.8094606,beam,71.28,2265,3,34.13,0.0,0.354,-0.378
1778049834.916412,beam,71.44,2267,3,34.13,0.0,0.411,0.534
1778049835.0273619,beam,71.57,2269,3,34.13,0.0,0.316,-0.856
1778049835.145444,beam,71.71,2272,3,34.13,0.0,0.342,0.22
1778049835.2669146,beam,71.88,2274,3,34.13,0.0,0.383,0.341
1778049835.3800342,beam,72.04,2276,3,34.13,0.0,0.394,0.095
1778049835.4925685,beam,72.16,2279,3,34.13,0.0,0.298,-0.858
1778049835.598065,beam,72.27,2281,3,34.13,0.0,0.276,-0.201
1778049835.698279,beam,72.38,2283,3,34.13,0.0,0.319,0.43
1778049835.812083,beam,72.56,2285,3,34.13,0.0,0.433,0.998
1778049835.932804,beam,72.7,2288,3,34.13,0.0,0.319,-0.942
1778049836.0492995,beam,72.8,2290,3,34.13,0.0,0.239,-0.689
1778049836.16573,beam,72.97,2292,3,34.13,0.0,0.396,1.351
1778049836.2772706,beam,73.12,2295,3,34.13,0.0,0.395,-0.01
1778049836.382652,beam,73.25,2297,3,34.13,0.0,0.339,-0.528
1778049836.4956188,beam,73.41,2299,3,34.13,0.0,0.382,0.378
1778049836.610594,beam,73.51,2301,3,34.13,0.0,0.256,-1.1
1778049836.7172918,beam,73.67,2304,3,34.13,0.0,0.397,1.326
1778049836.8303952,beam,73.82,2306,3,34.13,0.0,0.375,-0.195
1778049836.9469426,beam,73.93,2309,3,34.52,0.0,0.265,-0.945
1778049837.0486476,beam,74.04,2312,3,34.13,0.0,0.308,0.426
1778049837.152279,beam,74.15,2318,3,34.13,0.0,0.299,-0.089
1778049837.261369,beam,74.3,2318,3,34.13,0.0,0.382,0.764
1778049837.3773541,beam,74.43,2318,3,34.13,0.0,0.297,-0.732
1778049837.4990017,beam,74.54,2320,3,34.13,0.0,0.264,-0.274
1778049837.6126034,beam,74.68,2322,3,34.13,0.0,0.323,0.522
1778049837.7340782,beam,74.87,2324,3,34.13,0.0,0.444,0.991
1778049837.8457448,beam,74.96,2326,3,34.13,0.0,0.221,-1.997
1778049837.96097,beam,75.1,2329,3,34.13,0.0,0.332,0.964
1778049838.062673,beam,75.2,2331,3,34.13,0.0,0.293,-0.378
1778049838.1635554,beam,75.34,2333,3,34.13,0.0,0.367,0.735
1778049838.2667294,beam,75.43,2334,3,32.94,0.0,0.254,-1.104
1778049838.3794153,beam,75.58,2325,3,32.54,0.0,0.365,0.991
1778049838.4804902,beam,75.57,2317,3,31.74,0.0,-0.031,-3.92
1778049838.5967767,beam,75.7,2313,3,31.74,0.0,0.319,3.012
1778049838.7131271,beam,75.79,2314,3,31.74,0.0,0.219,-0.866
1778049838.827145,beam,75.9,2318,3,32.54,0.0,0.265,0.407
1778049838.9296618,beam,76.09,2323,3,32.14,0.0,0.516,2.446
1778049839.0399024,beam,76.22,2324,3,32.14,0.0,0.313,-1.843
1778049839.1482573,beam,76.26,2326,3,32.14,0.0,0.11,-1.874
1778049839.260877,beam,76.37,2327,3,32.14,0.0,0.279,1.506
1778049839.363682,beam,76.4,2329,3,32.54,0.0,0.085,-1.892
1778049839.4670231,beam,76.46,2334,3,32.14,0.0,0.139,0.528
1778049839.577132,beam,76.67,2328,3,30.16,0.0,0.533,3.577
1778049839.6807396,beam,76.74,2312,3,28.97,0.0,0.195,-3.264
1778049839.78256,beam,76.78,2305,3,29.36,0.0,0.113,-0.81
1778049839.8843665,beam,76.78,2305,3,29.76,0.0,-0.005,-1.15
1778049839.9987164,beam,76.87,2309,3,29.76,0.0,0.214,1.907
1778049840.1166599,beam,76.98,2311,3,29.76,0.0,0.266,0.447
1778049840.2286537,beam,77.05,2314,3,29.76,0.0,0.165,-0.899
1778049840.331279,beam,77.14,2316,3,29.76,0.0,0.247,0.795
1778049840.45144,beam,77.25,2316,3,29.36,0.0,0.248,0.009
1778049840.564686,beam,77.26,2318,3,30.16,0.0,0.033,-1.899
1778049840.665809,beam,77.37,2322,3,30.16,0.0,0.306,2.698
1778049840.781174,beam,77.47,2328,3,30.55,0.0,0.236,-0.603
1778049840.8967185,beam,77.55,2332,3,30.55,0.0,0.184,-0.455
1778049841.010679,beam,77.64,2334,3,30.55,0.0,0.224,0.35
1778049841.1154797,beam,77.72,2335,3,30.55,0.0,0.226,0.027
1778049841.2157214,beam,77.81,2336,3,30.55,0.0,0.231,0.048
1778049841.3181562,beam,77.82,2338,3,30.55,0.0,0.044,-1.83
1778049841.4315262,beam,77.96,2340,3,30.55,0.0,0.344,2.644
1778049841.5463378,beam,77.96,2342,3,30.55,0.0,-0.013,-3.109
1778049841.660669,beam,78.05,2343,3,30.55,0.0,0.231,2.133
1778049841.76572,beam,78.11,2345,3,30.55,0.0,0.162,-0.651
1778049841.8676744,beam,78.22,2346,3,30.55,0.0,0.295,1.3
1778049841.9768667,beam,78.38,2348,3,30.55,0.0,0.41,1.058
1778049842.0771635,beam,78.4,2349,3,30.55,0.0,0.057,-3.522
1778049842.1771653,beam,78.54,2351,3,30.55,0.0,0.373,3.164
1778049842.2937167,beam,78.57,2353,3,30.55,0.0,0.074,-2.569
1778049842.395598,beam,78.71,2354,3,30.55,0.0,0.387,3.075
1778049842.511145,beam,78.76,2356,3,30.55,0.0,0.114,-2.363
1778049842.6267624,beam,78.83,2357,3,30.55,0.0,0.165,0.444
1778049842.7343278,beam,78.85,2359,3,30.55,0.0,0.067,-0.912
1778049842.8499105,beam,78.98,2359,3,30.16,0.0,0.299,2.003
1778049842.9652581,beam,79.03,2360,3,31.35,0.0,0.121,-1.545
1778049843.0796432,beam,79.15,2369,3,31.35,0.0,0.306,1.617
1778049843.193115,beam,79.15,2374,3,31.35,0.0,-0.007,-2.755
1778049843.2957144,beam,79.25,2376,3,31.35,0.0,0.256,2.566
1778049843.4100323,beam,79.36,2378,3,31.35,0.0,0.28,0.204
1778049843.5103464,beam,79.52,2379,3,31.35,0.0,0.428,1.483
1778049843.61656,beam,79.51,2381,3,31.35,0.0,-0.002,-4.055
1778049843.730838,beam,79.55,2382,3,31.35,0.0,0.097,0.868
1778049843.8324823,beam,79.73,2384,3,31.35,0.0,0.471,3.681
1778049843.93293,beam,79.79,2384,3,30.55,0.0,0.162,-3.081
1778049844.0330517,beam,79.81,2381,3,30.55,0.0,0.056,-1.059
1778049844.1470816,beam,79.89,2378,3,30.16,0.0,0.2,1.266
1778049844.2624056,beam,79.97,2377,3,30.16,0.0,0.189,-0.092
1778049844.3784845,beam,80.06,2384,3,31.74,0.0,0.228,0.333
1778049844.4809618,beam,80.17,2394,3,31.74,0.0,0.294,0.64
1778049844.5877044,beam,80.21,2398,3,31.74,0.0,0.097,-1.844
1778049844.6984816,beam,80.31,2398,3,31.35,0.0,0.26,1.471
1778049844.7992153,beam,80.38,2398,3,31.35,0.0,0.194,-0.65
1778049844.8999379,beam,80.47,2399,3,31.35,0.0,0.239,0.444
1778049845.000778,beam,80.52,2401,3,31.35,0.0,0.148,-0.9
1778049845.1131096,beam,80.6,2402,3,31.35,0.0,0.197,0.438
1778049845.2284522,beam,80.69,2404,3,31.35,0.0,0.203,0.048
1778049845.3314633,beam,80.76,2406,3,31.35,0.0,0.195,-0.079
1778049845.4472163,beam,80.86,2407,3,31.35,0.0,0.24,0.389
1778049845.5613773,beam,80.94,2409,3,31.35,0.0,0.212,-0.243
1778049845.6775312,beam,81.01,2411,3,31.35,0.0,0.166,-0.393
1778049845.801013,beam,81.06,2413,3,31.35,0.0,0.104,-0.509
1778049845.9171252,beam,81.16,2414,3,31.35,0.0,0.23,1.089
1778049846.0269547,beam,81.21,2416,3,31.35,0.0,0.14,-0.825
1778049846.131588,beam,81.28,2417,3,31.35,0.0,0.188,0.465
1778049846.2480805,beam,81.36,2419,3,31.35,0.0,0.183,-0.047
1778049846.3487005,beam,81.42,2420,3,31.35,0.0,0.174,-0.085
1778049846.4506338,beam,81.52,2422,3,31.35,0.0,0.26,0.839
1778049846.5608673,beam,81.59,2423,3,31.35,0.0,0.182,-0.702
1778049846.6614225,beam,81.67,2425,3,31.35,0.0,0.216,0.334
1778049846.761445,beam,81.7,2426,3,31.35,0.0,0.09,-1.254
1778049846.863111,beam,81.78,2428,3,31.35,0.0,0.213,1.205
1778049846.9644542,beam,81.87,2429,3,31.35,0.0,0.264,0.503
1778049847.0799594,beam,81.92,2431,3,31.35,0.0,0.114,-1.294
1778049847.1814167,beam,82.01,2432,3,31.35,0.0,0.247,1.304
1778049847.2830622,beam,82.07,2434,3,31.35,0.0,0.159,-0.861
1778049847.3949184,beam,82.16,2435,3,31.35,0.0,0.213,0.478
1778049847.4976797,beam,82.22,2437,3,31.35,0.0,0.169,-0.423
1778049847.61424,beam,82.3,2438,3,31.35,0.0,0.195,0.22
1778049847.7173824,beam,82.38,2440,3,31.35,0.0,0.206,0.104
1778049847.8283427,beam,82.46,2441,3,31.35,0.0,0.21,0.041
1778049847.929832,beam,82.53,2442,3,31.35,0.0,0.179,-0.305
1778049848.0329738,beam,82.57,2444,3,31.35,0.0,0.122,-0.552
1778049848.1444883,beam,82.65,2445,3,31.35,0.0,0.194,0.641
1778049848.2503443,beam,82.7,2447,3,31.35,0.0,0.139,-0.514
1778049848.3511472,beam,82.79,2448,3,31.35,0.0,0.238,0.978
1778049848.462344,beam,82.86,2450,3,31.35,0.0,0.178,-0.538
1778049848.5660887,beam,82.9,2451,3,31.35,0.0,0.107,-0.688
1778049848.6788023,beam,82.98,2453,3,31.35,0.0,0.202,0.844
1778049848.783482,beam,83.06,2454,3,31.35,0.0,0.207,0.053
1778049848.8956037,beam,83.14,2456,3,31.35,0.0,0.201,-0.053
1778049849.0001903,beam,83.22,2457,3,31.35,0.0,0.199,-0.022
1778049849.113403,beam,83.28,2459,3,31.35,0.0,0.158,-0.367
1778049849.2143514,beam,83.34,2460,3,31.35,0.0,0.169,0.109
1778049849.327695,beam,83.4,2462,3,31.35,0.0,0.146,-0.202
1778049849.4307592,beam,83.5,2463,3,31.35,0.0,0.255,1.059
1778049849.532312,beam,83.52,2465,3,31.35,0.0,0.078,-1.746
1778049849.6327777,beam,83.62,2466,3,31.35,0.0,0.273,1.948
1778049849.7428472,beam,83.7,2468,3,31.35,0.0,0.19,-0.756
1778049849.842863,beam,83.77,2469,3,31.35,0.0,0.199,0.085
1778049849.959276,beam,83.84,2470,3,31.35,0.0,0.159,-0.336
1778049850.0614467,beam,83.9,2472,3,31.35,0.0,0.182,0.218
1778049850.168164,beam,83.95,2473,3,31.35,0.0,0.124,-0.543
1778049850.2771926,beam,84.01,2475,3,31.35,0.0,0.148,0.226
1778049850.379857,beam,84.09,2476,3,31.35,0.0,0.227,0.765
1778049850.495818,beam,84.17,2478,3,31.35,0.0,0.187,-0.346
1778049850.5964537,beam,84.25,2479,3,31.35,0.0,0.206,0.19
1778049850.6986687,beam,84.3,2481,3,31.35,0.0,0.139,-0.653
1778049850.8009791,beam,84.36,2482,3,31.35,0.0,0.17,0.302
1778049850.9114823,beam,84.42,2483,3,31.35,0.0,0.143,-0.245
1778049851.0117707,beam,84.44,2485,3,31.35,0.0,0.071,-0.721
1778049851.1156034,beam,84.54,2486,3,31.35,0.0,0.259,1.816
1778049851.216304,beam,84.61,2487,3,31.35,0.0,0.2,-0.591
1778049851.3325422,beam,84.67,2489,3,31.35,0.0,0.15,-0.423
1778049851.4484015,beam,84.72,2490,3,31.35,0.0,0.097,-0.462
1778049851.5634716,beam,84.81,2492,3,31.35,0.0,0.231,1.169
1778049851.6779983,beam,84.87,2493,3,31.35,0.0,0.136,-0.837
1778049851.7931514,beam,84.95,2495,3,31.35,0.0,0.209,0.635
1778049851.8961213,beam,85.01,2496,3,31.35,0.0,0.157,-0.501
1778049851.997552,beam,85.06,2497,3,31.35,0.0,0.135,-0.219
1778049852.1108887,beam,85.13,2499,3,31.35,0.0,0.181,0.403
1778049852.2115145,beam,85.18,2500,3,31.35,0.0,0.117,-0.634
1778049852.3276703,beam,85.25,2502,3,31.35,0.0,0.179,0.535
1778049852.4329314,beam,85.3,2503,3,31.35,0.0,0.133,-0.435
1778049852.5488513,beam,85.36,2504,3,31.35,0.0,0.146,0.109
1778049852.6643314,beam,85.44,2506,3,31.35,0.0,0.186,0.35
1778049852.7785544,beam,85.51,2507,3,31.35,0.0,0.175,-0.097
1778049852.8791523,beam,85.57,2508,3,31.35,0.0,0.16,-0.15
1778049852.994266,beam,85.62,2510,3,31.35,0.0,0.113,-0.406
1778049853.0978522,beam,85.68,2511,3,31.35,0.0,0.158,0.432
1778049853.2117555,beam,85.75,2513,3,31.35,0.0,0.169,0.095
1778049853.3346698,beam,85.83,2514,3,31.35,0.0,0.19,0.172
1778049853.443112,beam,85.87,2515,3,31.35,0.0,0.091,-0.912
1778049853.549291,beam,85.93,2517,3,31.35,0.0,0.166,0.707
1778049853.66307,beam,86.0,2518,3,31.35,0.0,0.164,-0.019
1778049853.778927,beam,86.07,2520,3,31.35,0.0,0.169,0.045
1778049853.8941913,beam,86.12,2521,3,31.35,0.0,0.126,-0.374
1778049853.9973366,beam,86.18,2522,3,31.35,0.0,0.172,0.441
1778049854.1012056,beam,86.25,2524,3,31.35,0.0,0.182,0.097
1778049854.2118087,beam,86.32,2525,3,31.35,0.0,0.171,-0.099
1778049854.3344457,beam,86.37,2526,3,31.35,0.0,0.116,-0.443
1778049854.4491222,beam,86.44,2528,3,31.35,0.0,0.178,0.54
1778049854.5651197,beam,86.48,2529,3,31.35,0.0,0.098,-0.695
1778049854.6670911,beam,86.55,2530,3,31.35,0.0,0.176,0.766
1778049854.7841141,beam,86.63,2532,3,31.35,0.0,0.187,0.096
1778049854.8975735,beam,86.67,2533,3,31.35,0.0,0.101,-0.758
1778049855.0136447,beam,86.74,2535,3,31.35,0.0,0.17,0.592
1778049855.1146524,beam,86.77,2536,3,31.35,0.0,0.094,-0.75
1778049855.2296436,beam,86.84,2537,3,31.35,0.0,0.163,0.603
1778049855.3511045,beam,86.92,2539,3,31.35,0.0,0.171,0.068
1778049855.4631698,beam,86.98,2540,3,31.35,0.0,0.162,-0.085
1778049855.5763714,beam,87.04,2541,3,31.35,0.0,0.135,-0.236
1778049855.684594,beam,87.08,2542,3,31.35,0.0,0.099,-0.331
1778049855.7994313,beam,87.13,2544,3,31.35,0.0,0.139,0.342
1778049855.914598,beam,87.2,2545,3,31.35,0.0,0.164,0.22
1778049856.015167,beam,87.26,2546,3,31.35,0.0,0.161,-0.025
1778049856.127371,beam,87.3,2548,3,31.35,0.0,0.096,-0.58
1778049856.2301452,beam,87.36,2549,3,31.35,0.0,0.172,0.734
1778049856.3463085,beam,87.43,2550,3,31.35,0.0,0.161,-0.095
1778049856.4616945,beam,87.48,2551,3,31.35,0.0,0.125,-0.311
1778049856.5636258,beam,87.53,2553,3,31.35,0.0,0.148,0.222
1778049856.680323,beam,87.6,2548,3,29.76,0.0,0.159,0.101
1778049856.7965343,beam,87.65,2543,3,29.76,0.0,0.104,-0.477
1778049856.9125395,beam,87.68,2540,3,30.16,0.0,0.083,-0.179
1778049857.0273502,beam,87.72,2546,3,30.16,0.0,0.106,0.199
1778049857.1306598,beam,87.77,2547,3,30.16,0.0,0.129,0.223
1778049857.2449262,beam,87.83,2546,3,29.76,0.0,0.134,0.043
1778049857.361155,beam,87.87,2547,3,30.16,0.0,0.111,-0.197
1778049857.462265,beam,87.9,2550,3,30.16,0.0,0.073,-0.377
1778049857.5646849,beam,87.95,2551,3,30.16,0.0,0.141,0.667
1778049857.666177,beam,87.99,2550,3,29.76,0.0,0.111,-0.303
1778049857.7760613,beam,88.04,2550,3,29.76,0.0,0.127,0.149
1778049857.8775234,beam,88.07,2551,3,29.76,0.0,0.068,-0.585
1778049857.9830976,beam,88.12,2551,3,29.76,0.0,0.125,0.544
1778049858.0931067,beam,88.14,2552,3,29.76,0.0,0.063,-0.562
1778049858.2002587,beam,88.18,2553,3,29.76,0.0,0.093,0.277
1778049858.3161337,beam,88.23,2554,3,29.76,0.0,0.122,0.255
1778049858.4311345,beam,88.26,2555,3,29.76,0.0,0.082,-0.355
1778049858.5450199,beam,88.31,2556,3,29.76,0.0,0.128,0.408
1778049858.6615057,beam,88.34,2557,3,29.76,0.0,0.064,-0.545
1778049858.7659154,beam,88.39,2558,3,29.76,0.0,0.131,0.633
1778049858.8811717,beam,88.44,2559,3,29.76,0.0,0.113,-0.15
1778049858.983028,beam,88.47,2560,3,29.76,0.0,0.084,-0.288
1778049859.084505,beam,88.5,2561,3,29.76,0.0,0.098,0.137
1778049859.1931968,beam,88.57,2562,3,29.76,0.0,0.166,0.627
1778049859.2948654,beam,88.58,2562,3,29.76,0.0,0.033,-1.311
1778049859.3949244,beam,88.64,2564,3,29.76,0.0,0.18,1.476
1778049859.5103295,beam,88.66,2564,3,29.76,0.0,0.03,-1.306
1778049859.6347797,beam,88.74,2566,3,29.76,0.0,0.182,1.224
1778049859.7449088,beam,88.75,2568,3,29.76,0.0,0.021,-1.462
1778049859.8443491,beam,88.76,2567,3,29.76,0.0,0.049,0.28
1778049859.9493513,beam,88.81,2568,3,29.76,0.0,0.108,0.568
1778049860.0616894,beam,88.83,2569,3,29.76,0.0,0.059,-0.44
1778049860.1670651,beam,88.87,2569,3,29.76,0.0,0.095,0.34
1778049860.2776523,beam,88.88,2570,3,29.76,0.0,0.041,-0.491
1778049860.3789663,beam,88.89,2570,3,29.76,0.0,0.016,-0.242
1778049860.4794316,beam,88.92,2570,3,29.76,0.0,0.104,0.874
1778049860.5811787,beam,88.94,2570,3,29.76,0.0,0.051,-0.518
1778049860.6822896,beam,88.98,2570,3,29.76,0.0,0.111,0.597
1778049860.794539,beam,89.07,2573,3,29.76,0.0,0.207,0.847
1778049860.900354,beam,89.05,2573,3,29.76,0.0,-0.046,-2.388
1778049861.0133867,beam,89.14,2575,3,29.76,0.0,0.212,2.285
1778049861.1318953,beam,89.2,2575,3,29.76,0.0,0.153,-0.5
1778049861.2450724,beam,89.22,2576,3,29.76,0.0,0.053,-0.881
1778049861.3492718,beam,89.26,2577,3,29.76,0.0,0.087,0.324
1778049861.4620132,beam,89.26,2578,3,29.76,0.0,0.018,-0.607
1778049861.564466,beam,89.28,2579,3,29.76,0.0,0.038,0.191
1778049861.6815724,beam,89.37,2579,3,29.76,0.0,0.229,1.633
1778049861.7949002,beam,89.42,2580,3,29.76,0.0,0.107,-1.082
1778049861.9172258,beam,89.45,2581,3,29.76,0.0,0.066,-0.328
1778049862.0315351,beam,89.47,2582,3,29.76,0.0,0.065,-0.009
1778049862.1444016,beam,89.49,2583,3,29.76,0.0,0.032,-0.291
1778049862.2444243,beam,89.51,2584,3,29.76,0.0,0.053,0.201
1778049862.3491368,beam,89.56,2584,3,29.76,0.0,0.132,0.758
1778049862.4498162,beam,89.59,2585,3,29.76,0.0,0.086,-0.451
1778049862.5663407,beam,89.6,2586,3,29.76,0.0,0.035,-0.443
1778049862.6793344,beam,89.65,2587,3,28.97,0.0,0.115,0.708
1778049862.783258,beam,89.66,2573,3,26.98,0.0,0.024,-0.874
1778049862.896008,beam,89.67,2567,3,26.98,0.0,0.035,0.099
1778049862.999365,beam,89.68,2565,3,26.59,0.0,0.03,-0.052
1778049863.1121395,beam,89.68,2563,3,26.59,0.0,0.004,-0.228
1778049863.2171886,beam,89.66,2562,3,26.59,0.0,-0.052,-0.532
1778049863.3339624,beam,89.68,2562,3,26.59,0.0,0.032,0.717
1778049863.4348276,beam,89.68,2561,3,26.59,0.0,0.005,-0.263
1778049863.5495625,beam,89.69,2564,3,26.98,0.0,0.019,0.116
1778049863.665195,beam,89.7,2566,3,27.78,0.0,0.024,0.042
1778049863.766118,beam,89.7,2571,3,27.78,0.0,0.018,-0.052
1778049863.8811536,beam,89.74,2571,3,28.17,0.0,0.088,0.608
1778049863.9819012,beam,89.75,2573,3,28.57,0.0,0.029,-0.585
1778049864.0819712,beam,89.78,2585,3,31.35,0.0,0.072,0.43
1778049864.1935446,beam,89.82,2601,3,30.55,0.0,0.112,0.355
1778049864.3176804,beam,89.88,2599,3,30.55,0.0,0.14,0.226
1778049864.4332066,beam,89.92,2599,3,30.55,0.0,0.079,-0.524
1778049864.5481641,beam,89.95,2599,3,30.55,0.0,0.071,-0.074
1778049864.6633425,beam,89.98,2599,3,30.55,0.0,0.087,0.138
1778049864.7634976,beam,90.05,2601,3,30.55,0.0,0.176,0.888
1778049864.864262,beam,90.06,2603,3,30.55,0.0,0.025,-1.496
1778049864.9644592,beam,90.08,2604,3,30.55,0.0,0.065,0.401
1778049865.0654173,beam,90.14,2605,3,30.55,0.0,0.174,1.077
1778049865.1672914,beam,90.19,2603,3,30.16,0.0,0.121,-0.52
1778049865.2818139,beam,90.2,2603,3,30.16,0.0,0.043,-0.683
1778049865.3943832,beam,90.26,2604,3,30.16,0.0,0.148,0.937
1778049865.4962459,beam,90.3,2604,3,30.16,0.0,0.087,-0.602
1778049865.6103115,beam,90.32,2605,3,30.16,0.0,0.066,-0.188
1778049865.7158754,beam,90.35,2606,3,30.16,0.0,0.08,0.138
1778049865.8314862,beam,90.4,2607,3,30.16,0.0,0.11,0.258
1778049865.946663,beam,90.43,2608,3,30.16,0.0,0.077,-0.289
1778049866.0475173,beam,90.46,2608,3,30.16,0.0,0.091,0.137
1778049866.151386,beam,90.51,2609,3,30.16,0.0,0.11,0.189
1778049866.266352,beam,90.54,2610,3,30.16,0.0,0.078,-0.282
1778049866.3811824,beam,90.57,2611,3,30.16,0.0,0.088,0.087
1778049866.4821122,beam,90.61,2612,3,30.16,0.0,0.103,0.154
1778049866.582128,beam,90.63,2612,3,30.16,0.0,0.046,-0.574
1778049866.6837246,beam,90.67,2613,3,30.16,0.0,0.127,0.795
1778049866.794606,beam,90.7,2614,3,30.16,0.0,0.074,-0.477
1778049866.8948128,beam,90.73,2615,3,30.16,0.0,0.081,0.069
1778049867.0119421,beam,90.77,2615,3,30.16,0.0,0.084,0.024
1778049867.1286447,beam,90.82,2616,3,30.16,0.0,0.116,0.274
1778049867.2321923,beam,90.85,2617,3,30.16,0.0,0.083,-0.318
1778049867.333409,beam,90.86,2618,3,30.16,0.0,0.028,-0.543
1778049867.434981,beam,90.91,2619,3,30.16,0.0,0.141,1.119
1778049867.5354521,beam,90.92,2619,3,30.16,0.0,0.035,-1.056
1778049867.6494675,beam,90.98,2620,3,30.16,0.0,0.139,0.912
1778049867.764697,beam,90.99,2621,3,30.16,0.0,0.037,-0.89
1778049867.8796163,beam,91.04,2622,3,30.16,0.0,0.115,0.677
1778049867.9952137,beam,91.06,2623,3,30.16,0.0,0.037,-0.674
1778049868.0990894,beam,91.09,2623,3,30.16,0.0,0.095,0.559
1778049868.211333,beam,91.14,2624,3,30.16,0.0,0.11,0.136
1778049868.313946,beam,91.16,2625,3,30.16,0.0,0.051,-0.581
1778049868.429727,beam,91.19,2626,3,30.16,0.0,0.082,0.276
1778049868.5300074,beam,91.24,2626,3,30.16,0.0,0.133,0.5
1778049868.6458223,beam,91.27,2627,3,30.16,0.0,0.077,-0.483
1778049868.7613678,beam,91.29,2628,3,30.16,0.0,0.051,-0.221
1778049868.8845208,beam,91.34,2629,3,30.16,0.0,0.112,0.498
1778049868.9983604,beam,91.38,2630,3,30.16,0.0,0.099,-0.121
1778049869.1116817,beam,91.4,2630,3,30.16,0.0,0.052,-0.408
1778049869.2120628,beam,91.43,2631,3,30.16,0.0,0.083,0.303
1778049869.3135393,beam,91.46,2632,3,30.16,0.0,0.079,-0.041
1778049869.4150786,beam,91.48,2632,3,30.16,0.0,0.044,-0.342
1778049869.5308354,beam,91.53,2633,3,29.76,0.0,0.115,0.615
1778049869.6448128,beam,91.54,2631,3,29.76,0.0,0.045,-0.612
1778049869.7452655,beam,91.57,2631,3,29.76,0.0,0.073,0.271
1778049869.8593643,beam,91.62,2634,3,30.16,0.0,0.115,0.372
1778049869.9777243,beam,91.64,2636,3,30.16,0.0,0.06,-0.466
1778049870.0813634,beam,91.67,2637,3,30.16,0.0,0.078,0.173
1778049870.1820893,beam,91.7,2637,3,30.16,0.0,0.078,-0.003
1778049870.2827177,beam,91.76,2638,3,30.16,0.0,0.169,0.903
1778049870.3965743,beam,91.76,2639,3,30.16,0.0,0.004,-1.45
1778049870.5117035,beam,91.81,2639,3,30.16,0.0,0.109,0.913
1778049870.6346664,beam,91.83,2640,3,30.16,0.0,0.039,-0.568
1778049870.7465043,beam,91.87,2641,3,30.16,0.0,0.116,0.692
1778049870.8597474,beam,91.9,2642,3,30.16,0.0,0.078,-0.337
1778049870.9659433,beam,91.93,2642,3,30.16,0.0,0.08,0.018
1778049871.0814679,beam,91.97,2643,3,30.16,0.0,0.086,0.054
1778049871.1833951,beam,91.99,2644,3,30.16,0.0,0.056,-0.294
1778049871.2874,beam,92.02,2644,3,30.16,0.0,0.067,0.101
1778049871.3935158,beam,92.03,2645,3,30.16,0.0,0.026,-0.378
1778049871.5001688,beam,92.09,2646,3,30.16,0.0,0.155,1.203
1778049871.612929,beam,92.09,2646,3,30.16,0.0,0.011,-1.273
1778049871.7166362,beam,92.12,2647,3,30.16,0.0,0.088,0.736
1778049871.827773,beam,92.15,2648,3,30.16,0.0,0.08,-0.07
1778049871.929961,beam,92.18,2648,3,30.16,0.0,0.071,-0.083
1778049872.0346498,beam,92.22,2649,3,30.16,0.0,0.111,0.378
1778049872.1492884,beam,92.24,2650,3,30.16,0.0,0.045,-0.575
1778049872.2647943,beam,92.27,2650,3,30.16,0.0,0.072,0.237
1778049872.3677657,beam,92.3,2651,3,30.16,0.0,0.083,0.108
1778049872.4760458,beam,92.33,2652,3,30.16,0.0,0.074,-0.09
1778049872.5781898,beam,92.35,2652,3,30.16,0.0,0.06,-0.13
1778049872.7013268,beam,92.38,2653,3,30.16,0.0,0.067,0.049
1778049872.8104165,beam,92.42,2654,3,30.16,0.0,0.092,0.231
1778049872.9138713,beam,92.45,2655,3,30.16,0.0,0.084,-0.076
1778049873.0274842,beam,92.5,2655,3,30.16,0.0,0.118,0.302
1778049873.1347547,beam,92.52,2656,3,30.16,0.0,0.051,-0.63
1778049873.2500253,beam,92.54,2657,3,30.16,0.0,0.063,0.106
1778049873.3618062,beam,92.58,2657,3,30.16,0.0,0.089,0.236
1778049873.4665039,beam,92.61,2658,3,30.16,0.0,0.071,-0.174
1778049873.579531,beam,92.61,2659,3,30.16,0.0,0.02,-0.45
1778049873.6821425,beam,92.65,2659,3,30.16,0.0,0.107,0.843
1778049873.783329,beam,92.69,2660,3,30.16,0.0,0.11,0.03
1778049873.8837833,beam,92.72,2660,3,30.16,0.0,0.062,-0.477
1778049873.9851146,beam,92.74,2661,3,30.16,0.0,0.075,0.128
1778049874.0966876,beam,92.78,2662,3,30.16,0.0,0.095,0.186
1778049874.2126532,beam,92.8,2662,3,30.16,0.0,0.048,-0.412
1778049874.3170276,beam,92.83,2663,3,30.16,0.0,0.068,0.191
1778049874.4319174,beam,92.85,2664,3,30.16,0.0,0.044,-0.202
1778049874.5463479,beam,92.86,2664,3,30.16,0.0,0.042,-0.017
1778049874.663184,beam,92.88,2665,3,30.16,0.0,0.048,0.05
1778049874.7768502,beam,92.93,2665,3,30.16,0.0,0.127,0.694
1778049874.893785,beam,92.96,2666,3,30.16,0.0,0.052,-0.643
1778049874.995089,beam,92.99,2667,3,30.16,0.0,0.079,0.266
1778049875.1001902,beam,93.01,2667,3,30.16,0.0,0.077,-0.02
1778049875.2152205,beam,93.04,2668,3,30.16,0.0,0.065,-0.104
1778049875.3264203,beam,93.06,2669,3,30.16,0.0,0.037,-0.247
1778049875.4304104,beam,93.09,2669,3,30.16,0.0,0.093,0.539
1778049875.5346859,beam,93.11,2670,3,30.16,0.0,0.045,-0.463
1778049875.6496677,beam,93.12,2671,3,30.16,0.0,0.034,-0.097
1778049875.7620907,beam,93.17,2671,3,30.16,0.0,0.114,0.71
1778049875.8669224,beam,93.18,2672,3,30.16,0.0,0.044,-0.662
1778049875.9839518,beam,93.2,2672,3,30.16,0.0,0.042,-0.016
1778049876.095129,beam,93.24,2673,3,30.16,0.0,0.095,0.47
1778049876.2107968,beam,93.26,2674,3,30.16,0.0,0.047,-0.415
1778049876.3138146,beam,93.28,2674,3,30.16,0.0,0.066,0.191
1778049876.4139123,beam,93.31,2675,3,30.16,0.0,0.082,0.153
1778049876.516291,beam,93.33,2675,3,30.16,0.0,0.057,-0.238
1778049876.6265442,beam,93.36,2676,3,30.16,0.0,0.052,-0.045
1778049876.7290776,beam,93.37,2677,3,30.16,0.0,0.044,-0.079
1778049876.829537,beam,93.41,2677,3,30.16,0.0,0.097,0.53
1778049876.931865,beam,93.43,2678,3,30.16,0.0,0.061,-0.355
1778049877.0335867,beam,93.46,2678,3,30.16,0.0,0.092,0.308
1778049877.1513398,beam,93.48,2679,3,30.16,0.0,0.038,-0.462
1778049877.263936,beam,93.51,2679,3,30.16,0.0,0.087,0.439
1778049877.3673358,beam,93.54,2680,3,30.16,0.0,0.08,-0.074
1778049877.4830751,beam,93.57,2681,3,30.16,0.0,0.064,-0.138
1778049877.5923285,beam,93.6,2682,3,30.16,0.0,0.064,0.004
1778049877.6953304,beam,93.6,2682,3,30.16,0.0,0.019,-0.44
1778049877.8116255,beam,93.64,2683,3,30.16,0.0,0.093,0.64
1778049877.9118133,beam,93.65,2683,3,30.16,0.0,0.022,-0.712
1778049878.025658,beam,93.68,2684,3,30.16,0.0,0.085,0.557
1778049878.1346965,beam,93.7,2684,3,30.16,0.0,0.037,-0.441
1778049878.2448277,beam,93.73,2685,3,30.16,0.0,0.09,0.482
1778049878.3621967,beam,93.74,2685,3,30.16,0.0,0.016,-0.636
1778049878.4768693,beam,93.77,2686,3,30.16,0.0,0.069,0.467
1778049878.5833724,beam,93.8,2687,3,30.16,0.0,0.082,0.125
1778049878.697947,beam,93.82,2687,3,30.16,0.0,0.049,-0.294
1778049878.8140042,beam,93.83,2688,3,30.16,0.0,0.018,-0.269
1778049878.9153392,beam,93.86,2688,3,30.16,0.0,0.09,0.715
1778049879.0169635,beam,93.89,2689,3,30.16,0.0,0.065,-0.25
1778049879.1320336,beam,93.92,2689,3,30.16,0.0,0.071,0.056
1778049879.2325733,beam,93.95,2690,3,30.16,0.0,0.096,0.252
1778049879.3333597,beam,93.98,2690,3,30.16,0.0,0.087,-0.096
1778049879.4441493,beam,94.0,2691,3,30.16,0.0,0.04,-0.42
1778049879.5475426,beam,94.0,2691,3,30.16,0.0,0.014,-0.258
1778049879.6496885,beam,94.06,2692,3,30.16,0.0,0.155,1.385
1778049879.7638364,beam,94.08,2693,3,30.16,0.0,0.04,-1.008
1778049879.876588,beam,94.08,2693,3,30.16,0.0,0.016,-0.214
1778049879.9834359,beam,94.11,2694,3,30.16,0.0,0.079,0.589
1778049880.0937214,beam,94.14,2694,3,30.16,0.0,0.079,0.004
1778049880.1949148,beam,94.16,2695,3,30.16,0.0,0.039,-0.395
1778049880.3097408,beam,94.17,2695,3,30.16,0.0,0.037,-0.017
1778049880.413515,beam,94.19,2696,3,30.16,0.0,0.03,-0.073
1778049880.5287156,beam,94.23,2697,3,30.16,0.0,0.099,0.601
1778049880.6333168,beam,94.27,2697,3,30.16,0.0,0.111,0.11
1778049880.745016,beam,94.28,2698,3,30.16,0.0,0.028,-0.739
1778049880.8484645,beam,94.3,2698,3,30.16,0.0,0.053,0.236
1778049880.961361,beam,94.32,2699,3,30.16,0.0,0.041,-0.104
1778049881.0637622,beam,94.35,2699,3,30.16,0.0,0.098,0.561
1778049881.1786025,beam,94.37,2700,3,30.16,0.0,0.054,-0.385
1778049881.2932405,beam,94.39,2700,3,30.16,0.0,0.037,-0.145
1778049881.3984437,beam,94.42,2701,3,30.16,0.0,0.071,0.317
1778049881.5109432,beam,94.43,2702,3,30.16,0.0,0.022,-0.43
1778049881.614909,beam,94.46,2702,3,30.16,0.0,0.082,0.573
1778049881.728229,beam,94.46,2703,3,30.16,0.0,0.018,-0.563
1778049881.8322291,beam,94.49,2703,3,30.16,0.0,0.074,0.537
1778049881.9423318,beam,94.51,2704,3,30.16,0.0,0.054,-0.179
1778049882.0450404,beam,94.53,2704,3,30.16,0.0,0.046,-0.076
1778049882.1466818,beam,94.55,2704,3,30.16,0.0,0.065,0.185
1778049882.2507951,beam,94.57,2705,3,30.16,0.0,0.042,-0.222
1778049882.3654678,beam,94.59,2705,3,30.16,0.0,0.043,0.012
1778049882.4820566,beam,94.61,2706,3,30.16,0.0,0.058,0.125
1778049882.594187,beam,94.64,2707,3,30.16,0.0,0.083,0.222
1778049882.6966796,beam,94.66,2707,3,30.16,0.0,0.053,-0.286
1778049882.7987077,beam,94.69,2708,3,30.16,0.0,0.071,0.171
1778049882.9120364,beam,94.71,2708,3,30.16,0.0,0.057,-0.123
1778049883.0172036,beam,94.72,2709,3,30.16,0.0,0.011,-0.433
1778049883.1301627,beam,94.76,2709,3,30.16,0.0,0.107,0.842
1778049883.2505019,beam,94.78,2710,3,30.16,0.0,0.044,-0.524
1778049883.363762,beam,94.8,2710,3,30.16,0.0,0.048,0.035
1778049883.4638784,beam,94.81,2711,3,30.16,0.0,0.036,-0.112
1778049883.5655768,beam,94.83,2711,3,30.16,0.0,0.046,0.096
1778049883.6788049,beam,94.86,2712,3,30.16,0.0,0.071,0.219
1778049883.7933629,beam,94.88,2712,3,30.16,0.0,0.042,-0.255
1778049883.8982642,beam,94.9,2713,3,30.16,0.0,0.063,0.199
1778049884.0101519,beam,94.92,2713,3,30.16,0.0,0.062,-0.006
1778049884.1162431,beam,94.95,2714,3,30.16,0.0,0.075,0.126
1778049884.2313876,beam,94.97,2714,3,30.16,0.0,0.041,-0.298
1778049884.3453817,beam,95.0,2715,3,30.16,0.0,0.063,0.198
1778049884.448418,beam,95.01,2715,3,30.16,0.0,0.039,-0.237
1778049884.5662944,beam,95.01,2716,3,30.16,0.0,0.01,-0.246
1778049884.6780033,beam,95.06,2716,3,30.16,0.0,0.111,0.904
1778049884.7814636,beam,95.05,2717,3,30.16,0.0,-0.017,-1.241
1778049884.8996382,beam,95.1,2717,3,30.16,0.0,0.115,1.124
1778049885.0124416,beam,95.1,2718,3,30.16,0.0,-0.005,-1.068
1778049885.1155012,beam,95.16,2718,3,30.16,0.0,0.157,1.569
1778049885.2301505,beam,95.14,2719,3,30.16,0.0,-0.035,-1.669
1778049885.3496304,beam,95.16,2719,3,30.16,0.0,0.05,0.71
1778049885.464086,beam,95.19,2720,3,30.16,0.0,0.066,0.14
1778049885.581845,beam,95.23,2720,3,30.16,0.0,0.086,0.166
1778049885.7001665,beam,95.24,2721,3,30.16,0.0,0.033,-0.441
1778049885.8135092,beam,95.25,2721,3,30.16,0.0,0.014,-0.17
1778049885.9318805,beam,95.29,2722,3,30.16,0.0,0.102,0.742
1778049886.0449452,beam,95.31,2722,3,30.16,0.0,0.036,-0.585
1778049886.1471229,beam,95.3,2724,3,30.55,0.0,-0.008,-0.428
1778049886.2483578,beam,95.33,2726,3,30.55,0.0,0.08,0.87
1778049886.361025,beam,95.37,2726,3,30.55,0.0,0.093,0.114
1778049886.4655075,beam,95.39,2727,3,30.55,0.0,0.056,-0.359
1778049886.5835454,beam,95.39,2727,3,29.76,0.0,0.004,-0.437
1778049886.6944962,beam,95.38,2700,3,15.87,0.0,-0.034,-0.342
1778049886.799385,beam,95.1,2541,3,0.0,0.0,-0.735,-6.685
1778049886.911601,beam,94.68,2483,3,0.0,0.0,-1.053,-2.835
1778049887.0137057,beam,94.39,2473,3,0.0,0.0,-0.79,2.574
1778049887.131975,beam,94.04,2464,3,0.0,0.0,-0.807,-0.143
1778049887.249303,beam,93.7,2455,3,0.0,0.0,-0.814,-0.058
1778049887.3619514,beam,93.36,2445,3,0.0,0.0,-0.84,-0.231
1778049887.4656155,beam,93.05,2435,3,0.0,0.0,-0.835,0.046
1778049887.5765886,beam,92.69,2425,3,0.0,0.0,-0.893,-0.523
1778049887.6820195,beam,92.36,2415,3,0.0,0.0,-0.861,0.31
1778049887.7938569,beam,92.02,2405,3,0.0,0.0,-0.849,0.104
1778049887.8982134,beam,91.69,2396,3,0.0,0.0,-0.874,-0.239
1778049888.0105376,beam,91.36,2386,3,0.0,0.0,-0.83,0.394
1778049888.1143186,beam,91.02,2377,3,0.0,0.0,-0.891,-0.589
1778049888.2154236,beam,90.62,2367,3,0.0,3.57,-1.121,-2.278
1778049888.3155026,beam,90.1,2353,3,0.0,5.95,-1.422,-3.003
1778049888.428921,beam,89.53,2336,3,0.0,5.56,-1.408,0.124
1778049888.5498157,beam,88.99,2319,3,0.0,3.57,-1.24,1.384
1778049888.6513348,beam,88.81,2311,3,0.0,0.0,-0.484,7.456
1778049888.7643044,beam,88.44,2302,3,0.0,0.0,-0.91,-3.773
1778049888.8773391,beam,88.1,2292,3,0.0,0.0,-0.848,0.544
1778049888.9808295,beam,87.77,2282,3,0.0,0.0,-0.871,-0.216
1778049889.0811117,beam,87.5,2273,3,0.0,0.0,-0.756,1.138
1778049889.1942697,beam,87.16,2263,3,0.0,0.0,-0.841,-0.751
1778049889.2954645,beam,86.85,2255,3,0.0,0.0,-0.854,-0.128
1778049889.4152982,beam,86.5,2244,3,0.0,0.0,-0.791,0.531
1778049889.5326288,beam,86.16,2235,3,0.0,0.0,-0.824,-0.287
1778049889.6331275,beam,85.87,2226,3,0.0,0.0,-0.796,0.279
1778049889.7502093,beam,85.53,2216,3,0.0,0.0,-0.81,-0.119
1778049889.8600912,beam,85.24,2207,3,0.0,0.0,-0.726,0.77
1778049889.9827068,beam,84.82,2196,3,0.0,0.79,-0.945,-1.787
1778049890.0958638,beam,84.45,2185,3,0.0,0.0,-0.914,0.273
1778049890.1985836,beam,84.12,2175,3,0.0,0.79,-0.891,0.224
1778049890.2988644,beam,83.88,2167,3,0.0,0.79,-0.678,2.128
1778049890.4144547,beam,83.18,2152,3,0.0,7.94,-1.673,-8.611
1778049890.5272033,beam,82.25,2130,3,0.0,15.48,-2.291,-5.478
1778049890.6489673,beam,81.15,2099,3,0.0,18.65,-2.499,-1.714
1778049890.765144,beam,80.16,2070,3,0.0,18.65,-2.386,0.972
1778049890.8668215,beam,79.39,2046,3,0.0,13.1,-2.086,2.957
1778049890.977471,beam,78.59,2022,3,0.0,13.1,-2.007,0.713
1778049891.0797405,beam,78.03,2003,3,0.0,13.1,-1.535,4.615
1778049891.183507,beam,76.85,1977,3,0.0,15.48,-3.165,-15.71
1778049891.2975795,beam,76.05,1944,3,0.0,14.68,-1.949,10.659
1778049891.3987944,beam,75.34,1919,3,0.0,14.68,-1.942,0.073
1778049891.4989808,beam,74.46,1896,3,0.0,16.27,-2.437,-4.944
1778049891.599726,beam,73.52,1869,3,0.0,19.44,-2.594,-1.56
1778049891.7102346,beam,72.32,1837,3,0.0,24.6,-3.012,-3.779
1778049891.8120131,beam,71.17,1804,3,0.0,24.21,-3.132,-1.179
1778049891.915861,beam,70.04,1770,3,0.0,23.02,-3.019,1.082
1778049892.0337086,beam,68.79,1730,3,0.0,26.19,-2.959,0.516
1778049892.145108,beam,67.57,1691,3,0.0,24.6,-3.051,-0.832
1778049892.2489128,beam,66.45,1656,3,0.0,25.4,-2.982,0.666
1778049892.3525074,beam,65.53,1622,3,0.0,24.21,-2.471,4.932
1778049892.4677792,beam,64.41,1581,3,0.0,20.63,-2.689,-1.889
1778049892.5788078,beam,63.35,1539,3,0.0,18.65,-2.655,0.31
1778049892.6802464,beam,62.68,1502,3,0.0,5.95,-1.847,7.963
1778049892.7936144,beam,62.43,1467,3,0.0,0.0,-0.602,10.98
1778049892.8967311,beam,62.07,1437,3,0.0,1.59,-0.966,-3.527
1778049892.9974024,beam,61.87,1407,3,0.0,0.0,-0.567,3.955
1778049893.0977376,beam,61.6,1378,3,0.0,0.0,-0.751,-1.83
1778049893.1991637,beam,61.35,1348,3,0.0,0.0,-0.676,0.738
1778049893.3097835,beam,61.0,1314,3,0.0,0.0,-0.867,-1.729
1778049893.4169512,beam,60.78,1276,3,0.0,0.0,-0.583,2.655
1778049893.5313613,beam,60.53,1231,3,0.0,0.0,-0.611,-0.244
1778049893.634439,beam,60.33,1183,3,0.0,0.0,-0.54,0.688
1778049893.7455955,beam,60.06,1123,3,0.0,0.0,-0.671,-1.178
1778049893.848646,beam,59.83,1058,3,0.0,0.0,-0.607,0.62
1778049893.9620664,beam,59.62,1014,3,3.97,0.0,-0.519,0.775
1778049894.0652552,beam,59.42,1144,3,9.52,0.0,-0.542,-0.221
1778049894.184666,beam,59.11,1427,3,11.51,0.0,-0.727,-1.553
1778049894.2973897,beam,58.96,1625,3,12.7,0.0,-0.364,3.22
1778049894.4091177,beam,58.96,1691,3,17.46,0.0,-0.006,3.207
1778049894.5099323,beam,58.93,1746,3,17.86,0.0,-0.074,-0.677
1778049894.6110587,beam,59.01,1769,3,17.86,0.0,0.203,2.744
1778049894.71266,beam,58.9,1781,3,18.25,0.0,-0.293,-4.884
1778049894.8143613,beam,59.07,1788,3,18.65,0.0,0.477,7.576
1778049894.9177215,beam,58.96,1796,3,19.44,0.0,-0.303,-7.551
1778049895.0340884,beam,59.1,1808,3,18.65,0.0,0.324,5.389
1778049895.1441746,beam,59.04,1813,3,19.84,0.0,-0.138,-4.194
1778049895.2532816,beam,59.13,1824,3,21.43,0.0,0.235,3.417
1778049895.3667736,beam,59.2,1845,3,21.43,0.0,0.155,-0.701
1778049895.4775145,beam,59.22,1856,3,21.43,0.0,0.053,-0.924
1778049895.5807424,beam,59.33,1858,3,20.63,0.0,0.312,2.509
1778049895.682225,beam,59.43,1852,3,20.63,0.0,0.252,-0.595
1778049895.7823436,beam,59.44,1849,3,20.63,0.0,0.048,-2.032
1778049895.8990407,beam,59.48,1849,3,20.63,0.0,0.097,0.419
1778049896.0158627,beam,59.5,1849,3,20.63,0.0,0.032,-0.556
1778049896.1271603,beam,59.62,1850,3,20.63,0.0,0.299,2.402
1778049896.229941,beam,59.67,1844,3,19.44,0.0,0.15,-1.458
1778049896.3443675,beam,59.7,1827,3,19.44,0.0,0.066,-0.729
1778049896.447299,beam,59.74,1826,3,19.44,0.0,0.098,0.309
1778049896.5490415,beam,59.78,1826,3,18.65,0.0,0.107,0.085
1778049896.6656623,beam,59.81,1817,3,18.25,0.0,0.085,-0.189
1778049896.777708,beam,59.81,1801,3,16.67,0.0,-0.013,-0.871
1778049896.8800147,beam,59.76,1780,3,16.67,0.0,-0.112,-0.964
1778049896.9940555,beam,59.77,1777,3,17.06,0.0,0.004,1.01
1778049897.1113293,beam,59.86,1784,3,17.46,0.0,0.222,1.861
1778049897.2161112,beam,59.89,1791,3,17.46,0.0,0.075,-1.399
1778049897.317072,beam,59.89,1792,3,17.06,0.0,-0.006,-0.807
1778049897.4306257,beam,59.89,1788,3,17.46,0.0,0.006,0.109
1778049897.544582,beam,59.88,1793,3,17.86,0.0,-0.012,-0.161
1778049897.6477318,beam,59.91,1795,3,17.86,0.0,0.082,0.917
1778049897.748869,beam,59.92,1798,3,17.86,0.0,0.013,-0.687
1778049897.8500364,beam,59.93,1799,3,17.86,0.0,0.021,0.083
1778049897.9622545,beam,59.93,1800,3,17.86,0.0,0.022,0.01
1778049898.0644226,beam,59.93,1803,3,18.25,0.0,-0.015,-0.366
1778049898.178238,beam,59.94,1807,3,18.25,0.0,0.019,0.298
1778049898.2828636,beam,59.97,1809,3,18.65,0.0,0.1,0.775
1778049898.398971,beam,59.96,1813,3,18.65,0.0,-0.024,-1.071
1778049898.499286,beam,60.0,1820,3,19.44,0.0,0.11,1.341
1778049898.6130896,beam,60.05,1830,3,19.44,0.0,0.118,0.071
1778049898.7338223,beam,60.08,1833,3,19.44,0.0,0.063,-0.459
1778049898.8500497,beam,60.09,1834,3,19.44,0.0,0.014,-0.422
1778049898.9645514,beam,60.1,1835,3,19.44,0.0,0.037,0.202
1778049899.0791104,beam,60.14,1836,3,19.44,0.0,0.092,0.48
1778049899.1944976,beam,60.2,1837,3,19.44,0.0,0.146,0.465
1778049899.2963824,beam,60.19,1837,3,19.44,0.0,-0.03,-1.722
1778049899.4101832,beam,60.21,1837,3,19.44,0.0,0.047,0.671
1778049899.5174544,beam,60.3,1838,3,19.44,0.0,0.229,1.698
1778049899.62922,beam,60.29,1838,3,19.44,0.0,-0.016,-2.19
1778049899.732758,beam,60.34,1839,3,19.44,0.0,0.135,1.458
1778049899.8432503,beam,60.26,1839,3,19.44,0.0,-0.199,-3.02
1778049899.9458053,beam,60.29,1840,3,19.44,0.0,0.09,2.821
1778049900.0470636,beam,60.33,1840,3,19.44,0.0,0.099,0.08
1778049900.162193,beam,60.42,1841,3,19.44,0.0,0.208,0.95
1778049900.2688546,beam,60.45,1841,3,19.44,0.0,0.097,-1.043
1778049900.3827918,beam,60.39,1841,3,18.65,0.0,-0.164,-2.291
1778049900.5003643,beam,60.5,1833,3,18.65,0.0,0.269,3.686
1778049900.611344,beam,60.48,1840,3,19.84,0.0,-0.061,-2.97
1778049900.7142959,beam,60.46,1844,3,19.44,0.0,-0.034,0.256
1778049900.8290086,beam,60.51,1844,3,19.44,0.0,0.108,1.237
1778049900.9299886,beam,60.56,1847,3,20.63,0.0,0.157,0.487
1778049901.0431006,beam,60.62,1859,3,20.63,0.0,0.146,-0.097
1778049901.1470954,beam,60.65,1868,3,21.43,0.0,0.08,-0.639
1778049901.2661276,beam,60.72,1880,3,21.43,0.0,0.152,0.607
1778049901.3824842,beam,60.79,1884,3,20.63,0.0,0.169,0.15
1778049901.4956784,beam,60.87,1885,3,21.43,0.0,0.185,0.142
1778049901.6115515,beam,60.93,1888,3,21.43,0.0,0.154,-0.27
1778049901.7160163,beam,60.99,1889,3,21.43,0.0,0.164,0.093
1778049901.8299143,beam,61.07,1891,3,21.43,0.0,0.194,0.267
1778049901.9432168,beam,61.12,1892,3,21.43,0.0,0.121,-0.646
1778049902.0502355,beam,61.16,1893,3,21.83,0.0,0.094,-0.249
1778049902.1647406,beam,61.25,1898,3,21.43,0.0,0.235,1.232
1778049902.2830722,beam,61.31,1903,3,22.62,0.0,0.143,-0.782
1778049902.3977497,beam,61.4,1919,3,25.0,0.0,0.217,0.642
1778049902.509436,beam,61.47,1951,3,25.0,0.0,0.173,-0.392
1778049902.6159797,beam,61.58,1970,3,26.19,0.0,0.29,1.098
1778049902.7288082,beam,61.7,1985,3,26.59,0.0,0.29,-0.002
1778049902.8438327,beam,61.86,1993,3,26.98,0.0,0.373,0.723
1778049902.949173,beam,61.95,2001,3,26.98,0.0,0.235,-1.304
1778049903.064277,beam,62.07,2009,3,26.98,0.0,0.302,0.583
1778049903.1767535,beam,62.22,2013,3,26.98,0.0,0.361,0.519
1778049903.2978675,beam,62.34,2015,3,26.19,0.0,0.275,-0.71
1778049903.4008803,beam,62.43,2014,3,26.98,0.0,0.259,-0.154
1778049903.5138493,beam,62.55,2018,3,26.98,0.0,0.291,0.283
1778049903.6275208,beam,62.68,2021,3,26.98,0.0,0.323,0.278
1778049903.734027,beam,62.81,2023,3,26.98,0.0,0.321,-0.011
1778049903.851616,beam,62.93,2025,3,26.98,0.0,0.296,-0.218
1778049903.9658847,beam,63.05,2027,3,26.98,0.0,0.297,0.013
1778049904.0805638,beam,63.18,2029,3,26.98,0.0,0.313,0.141
1778049904.1956677,beam,63.34,2031,3,26.98,0.0,0.382,0.593
1778049904.3024726,beam,63.43,2033,3,26.98,0.0,0.22,-1.514
1778049904.410648,beam,63.54,2034,3,26.98,0.0,0.3,0.738
1778049904.5147667,beam,63.68,2036,3,26.98,0.0,0.364,0.62
1778049904.6304169,beam,63.83,2038,3,26.98,0.0,0.367,0.019
1778049904.7462728,beam,63.96,2040,3,26.98,0.0,0.31,-0.491
1778049904.8609443,beam,64.06,2042,3,26.98,0.0,0.233,-0.673
1778049904.9621263,beam,64.2,2044,3,26.98,0.0,0.379,1.447
1778049905.0788326,beam,64.31,2046,3,26.98,0.0,0.274,-0.897
1778049905.1800625,beam,64.43,2048,3,26.98,0.0,0.337,0.624
1778049905.28239,beam,64.54,2049,3,26.98,0.0,0.285,-0.515
1778049905.3972106,beam,64.66,2051,3,26.98,0.0,0.301,0.144
1778049905.4973886,beam,64.78,2053,3,26.98,0.0,0.334,0.331
1778049905.5988004,beam,64.92,2055,3,26.98,0.0,0.362,0.272
1778049905.6993313,beam,64.99,2057,3,26.98,0.0,0.216,-1.451
1778049905.81453,beam,65.14,2059,3,26.98,0.0,0.343,1.1
1778049905.9304707,beam,65.29,2061,3,26.98,0.0,0.359,0.137
1778049906.030693,beam,65.39,2063,3,26.98,0.0,0.295,-0.638
1778049906.1317334,beam,65.49,2065,3,26.98,0.0,0.263,-0.315
1778049906.2478218,beam,65.61,2067,3,26.98,0.0,0.293,0.257
1778049906.3626,beam,65.73,2068,3,26.98,0.0,0.278,-0.132
1778049906.4628034,beam,65.85,2070,3,26.98,0.0,0.338,0.605
1778049906.577474,beam,65.96,2072,3,26.98,0.0,0.279,-0.521
1778049906.6774757,beam,66.07,2074,3,26.98,0.0,0.291,0.123
1778049906.7804399,beam,66.18,2076,3,26.98,0.0,0.306,0.144
1778049906.882528,beam,66.27,2077,3,26.98,0.0,0.25,-0.549
1778049906.9955623,beam,66.38,2079,3,26.98,0.0,0.273,0.206
1778049907.0961115,beam,66.5,2080,3,26.59,0.0,0.31,0.371
1778049907.2000356,beam,66.6,2080,3,26.98,0.0,0.281,-0.284
1778049907.31332,beam,66.71,2084,3,26.98,0.0,0.273,-0.067
1778049907.4158168,beam,66.82,2086,3,26.98,0.0,0.299,0.25
1778049907.5178766,beam,66.93,2088,3,26.98,0.0,0.283,-0.151
1778049907.6285086,beam,67.02,2090,3,26.98,0.0,0.232,-0.463
1778049907.7308428,beam,67.12,2091,3,26.98,0.0,0.287,0.542
1778049907.844756,beam,67.26,2093,3,26.98,0.0,0.321,0.292
1778049907.9463692,beam,67.33,2095,3,26.98,0.0,0.207,-1.118
1778049908.0463717,beam,67.44,2097,3,26.98,0.0,0.306,0.99
1778049908.1476586,beam,67.55,2098,3,26.98,0.0,0.309,0.032
1778049908.2490895,beam,67.65,2100,3,26.98,0.0,0.258,-0.509
1778049908.3655422,beam,67.73,2102,3,26.98,0.0,0.191,-0.576
1778049908.46777,beam,67.83,2104,3,26.98,0.0,0.286,0.933
1778049908.5779464,beam,67.95,2105,3,26.98,0.0,0.303,0.155
1778049908.6804583,beam,68.06,2107,3,26.98,0.0,0.286,-0.164
1778049908.7931974,beam,68.15,2109,3,26.98,0.0,0.219,-0.597
1778049908.8956726,beam,68.23,2110,3,26.98,0.0,0.21,-0.092
1778049909.010588,beam,68.38,2112,3,26.98,0.0,0.38,1.486
1778049909.1124809,beam,68.44,2114,3,26.98,0.0,0.164,-2.126
1778049909.216061,beam,68.55,2115,3,26.98,0.0,0.277,1.09
1778049909.3317468,beam,68.63,2117,3,26.98,0.0,0.21,-0.576
1778049909.4332795,beam,68.74,2119,3,26.98,0.0,0.291,0.795
1778049909.5450437,beam,68.84,2120,3,26.98,0.0,0.249,-0.369
1778049909.646198,beam,68.86,2122,3,26.98,0.0,0.041,-2.059
1778049909.7494276,beam,69.0,2123,3,26.98,0.0,0.377,3.249
1778049909.8672216,beam,69.09,2125,3,26.98,0.0,0.229,-1.256
1778049909.9765837,beam,69.17,2127,3,26.98,0.0,0.197,-0.286
1778049910.0776372,beam,69.22,2128,3,26.98,0.0,0.146,-0.51
1778049910.1807323,beam,69.31,2129,3,26.98,0.0,0.227,0.786
1778049910.294708,beam,69.41,2131,3,26.98,0.0,0.24,0.117
1778049910.4118018,beam,69.48,2132,3,26.98,0.0,0.18,-0.51
1778049910.514023,beam,69.53,2134,3,26.98,0.0,0.129,-0.507
1778049910.6174524,beam,69.6,2135,3,26.98,0.0,0.178,0.475
1778049910.7279227,beam,69.72,2137,3,26.98,0.0,0.323,1.316
1778049910.8290715,beam,69.78,2138,3,26.98,0.0,0.146,-1.753
1778049910.9461696,beam,69.87,2139,3,26.98,0.0,0.222,0.647
1778049911.048855,beam,69.91,2140,3,26.98,0.0,0.105,-1.133
1778049911.1518147,beam,69.98,2142,3,26.98,0.0,0.188,0.805
1778049911.2631576,beam,70.07,2143,3,26.98,0.0,0.226,0.34
1778049911.3784876,beam,70.16,2144,3,26.98,0.0,0.207,-0.168
1778049911.480772,beam,70.19,2146,3,26.98,0.0,0.105,-0.99
1778049911.5814524,beam,70.26,2147,3,26.98,0.0,0.167,0.614
1778049911.6831946,beam,70.41,2148,3,26.98,0.0,0.431,2.591
1778049911.783888,beam,70.39,2149,3,26.98,0.0,-0.073,-5.007
1778049911.884356,beam,70.45,2151,3,26.98,0.0,0.176,2.481
1778049911.9949498,beam,70.57,2152,3,26.98,0.0,0.291,1.037
1778049912.0973554,beam,70.67,2153,3,26.98,0.0,0.275,-0.157
1778049912.199999,beam,70.69,2154,3,26.98,0.0,0.057,-2.123
1778049912.3107772,beam,70.77,2156,3,26.98,0.0,0.201,1.303
1778049912.4179034,beam,70.83,2157,3,26.98,0.0,0.173,-0.262
1778049912.5273042,beam,70.9,2158,3,26.98,0.0,0.169,-0.04
1778049912.629215,beam,70.97,2160,3,26.98,0.0,0.198,0.293
1778049912.7473762,beam,71.03,2161,3,26.98,0.0,0.126,-0.617
1778049912.8626637,beam,71.1,2162,3,26.98,0.0,0.183,0.501
1778049912.9628868,beam,71.14,2164,3,26.98,0.0,0.108,-0.747
1778049913.0646696,beam,71.25,2165,3,26.98,0.0,0.286,1.746
1778049913.1809628,beam,71.39,2166,3,26.98,0.0,0.339,0.454
1778049913.281256,beam,71.37,2167,3,26.98,0.0,-0.042,-3.797
1778049913.3978174,beam,71.45,2168,3,26.98,0.0,0.17,1.818
1778049913.5003958,beam,71.54,2170,3,26.98,0.0,0.262,0.897
1778049913.6133275,beam,71.64,2171,3,26.98,0.0,0.23,-0.282
1778049913.714404,beam,71.66,2172,3,26.98,0.0,0.076,-1.526
1778049913.829571,beam,71.7,2174,3,26.98,0.0,0.093,0.151
1778049913.9310267,beam,71.7,2175,3,26.98,0.0,-0.001,-0.934
1778049914.0479784,beam,71.79,2176,3,26.98,0.0,0.215,1.848
1778049914.1498804,beam,71.88,2177,3,26.98,0.0,0.244,0.288
1778049914.2507098,beam,71.99,2178,3,26.98,0.0,0.307,0.623
1778049914.364501,beam,72.05,2179,3,26.98,0.0,0.128,-1.572
1778049914.4663372,beam,72.08,2180,3,26.98,0.0,0.098,-0.294
1778049914.56725,beam,72.14,2182,3,26.98,0.0,0.148,0.491
1778049914.684591,beam,72.21,2183,3,26.98,0.0,0.168,0.175
1778049914.8006797,beam,72.29,2184,3,26.98,0.0,0.204,0.31
1778049914.914722,beam,72.33,2185,3,26.98,0.0,0.105,-0.868
1778049915.030347,beam,72.45,2187,3,26.98,0.0,0.267,1.4
1778049915.145178,beam,72.47,2188,3,26.98,0.0,0.07,-1.714
1778049915.2464817,beam,72.52,2189,3,26.98,0.0,0.119,0.484
1778049915.3493137,beam,72.6,2190,3,26.98,0.0,0.226,1.032
1778049915.449522,beam,72.64,2191,3,26.98,0.0,0.092,-1.33
1778049915.56075,beam,72.7,2192,3,26.98,0.0,0.157,0.587
1778049915.6625445,beam,72.76,2194,3,26.98,0.0,0.177,0.195
1778049915.7648468,beam,72.84,2195,3,26.98,0.0,0.21,0.323
1778049915.8667438,beam,72.9,2196,3,26.98,0.0,0.152,-0.572
1778049915.9679923,beam,72.94,2197,3,26.98,0.0,0.124,-0.28
1778049916.076539,beam,72.99,2198,3,26.98,0.0,0.125,0.012
1778049916.1844575,beam,73.07,2199,3,26.98,0.0,0.218,0.859
1778049916.2934215,beam,73.14,2200,3,26.98,0.0,0.165,-0.484
1778049916.3994203,beam,73.2,2201,3,26.98,0.0,0.147,-0.173
1778049916.5149846,beam,73.24,2203,3,26.98,0.0,0.114,-0.28
1778049916.6157608,beam,73.3,2204,3,26.98,0.0,0.147,0.326
1778049916.726852,beam,73.36,2205,3,26.98,0.0,0.171,0.22
1778049916.8277674,beam,73.43,2206,3,26.98,0.0,0.176,0.05
1778049916.9280405,beam,73.47,2207,3,26.98,0.0,0.126,-0.501
1778049917.0297668,beam,73.55,2208,3,26.98,0.0,0.211,0.838
1778049917.131676,beam,73.58,2210,3,26.98,0.0,0.082,-1.272
1778049917.233634,beam,73.65,2211,3,26.98,0.0,0.199,1.155
1778049917.334261,beam,73.7,2212,3,26.98,0.0,0.112,-0.868
1778049917.4481368,beam,73.77,2213,3,26.98,0.0,0.18,0.599
1778049917.5504553,beam,73.83,2214,3,26.98,0.0,0.166,-0.141
1778049917.6683362,beam,73.88,2215,3,26.98,0.0,0.126,-0.341
1778049917.7764382,beam,73.95,2217,3,26.98,0.0,0.172,0.431
1778049917.8790352,beam,74.01,2218,3,26.98,0.0,0.171,-0.015
1778049917.9793692,beam,74.05,2219,3,26.98,0.0,0.105,-0.652
1778049918.0795405,beam,74.11,2220,3,26.98,0.0,0.151,0.451
1778049918.1821299,beam,74.15,2220,3,26.98,0.0,0.113,-0.368
1778049918.2994373,beam,74.23,2222,3,26.59,0.0,0.183,0.594
1778049918.4145417,beam,74.26,2223,3,26.98,0.0,0.084,-0.858
1778049918.5147152,beam,74.34,2222,3,26.59,0.0,0.231,1.472
1778049918.6313639,beam,74.42,2221,3,26.59,0.0,0.18,-0.44
1778049918.732851,beam,74.46,2222,3,26.59,0.0,0.111,-0.675
1778049918.8329806,beam,74.48,2222,3,26.59,0.0,0.056,-0.553
1778049918.9354553,beam,74.52,2223,3,26.59,0.0,0.113,0.561
1778049919.0450137,beam,74.55,2224,3,26.59,0.0,0.073,-0.366
1778049919.1475658,beam,74.62,2225,3,26.59,0.0,0.183,1.068
1778049919.2625892,beam,74.67,2226,3,26.59,0.0,0.133,-0.432
1778049919.3778868,beam,74.71,2228,3,26.59,0.0,0.077,-0.485
1778049919.4828558,beam,74.75,2230,3,26.98,0.0,0.106,0.27
1778049919.5830734,beam,74.82,2233,3,26.98,0.0,0.197,0.909
1778049919.6969087,beam,74.9,2236,3,26.98,0.0,0.215,0.158
1778049919.8119907,beam,74.96,2234,3,26.59,0.0,0.127,-0.763
1778049919.9157007,beam,74.97,2234,3,26.59,0.0,0.034,-0.897
1778049920.0298266,beam,75.1,2235,3,26.59,0.0,0.315,2.459
1778049920.1433158,beam,75.17,2236,3,26.59,0.0,0.18,-1.186
1778049920.2620301,beam,75.27,2237,3,26.59,0.0,0.22,0.339
1778049920.362121,beam,75.24,2238,3,26.59,0.0,-0.08,-3.003
1778049920.4664164,beam,75.34,2239,3,26.59,0.0,0.286,3.511
1778049920.5673506,beam,75.41,2240,3,26.59,0.0,0.171,-1.136
1778049920.6805885,beam,75.45,2243,3,26.98,0.0,0.099,-0.642
1778049920.7852778,beam,75.47,2246,3,26.98,0.0,0.073,-0.242
1778049920.8977075,beam,75.53,2248,3,26.98,0.0,0.135,0.554
1778049921.0120878,beam,75.61,2249,3,26.98,0.0,0.189,0.464
1778049921.1165352,beam,75.66,2251,3,26.98,0.0,0.154,-0.336
1778049921.231379,beam,75.66,2252,3,26.98,0.0,-0.0,-1.339
1778049921.3444567,beam,75.7,2253,3,26.98,0.0,0.09,0.802
1778049921.4489758,beam,75.81,2254,3,26.98,0.0,0.296,1.967
1778049921.5628455,beam,75.86,2255,3,26.98,0.0,0.11,-1.634
1778049921.6663444,beam,75.87,2256,3,26.98,0.0,0.026,-0.812
1778049921.7794507,beam,76.01,2257,3,26.98,0.0,0.347,2.84
1778049921.8936505,beam,75.99,2258,3,26.59,0.0,-0.057,-3.535
1778049921.998012,beam,76.04,2259,3,26.98,0.0,0.14,1.881
1778049922.111568,beam,76.12,2260,3,26.98,0.0,0.193,0.472
1778049922.2283113,beam,76.17,2262,3,26.98,0.0,0.12,-0.626
1778049922.3350482,beam,76.18,2261,3,26.59,0.0,0.042,-0.735
1778049922.447904,beam,76.22,2260,3,26.59,0.0,0.094,0.459
1778049922.560559,beam,76.3,2260,3,26.59,0.0,0.206,0.994
1778049922.6609027,beam,76.29,2261,3,26.59,0.0,-0.05,-2.545
1778049922.7614174,beam,76.34,2261,3,26.59,0.0,0.153,2.017
1778049922.878057,beam,76.4,2262,3,26.59,0.0,0.131,-0.187
1778049922.9786396,beam,76.42,2263,3,26.59,0.0,0.057,-0.741
1778049923.0789647,beam,76.49,2264,3,26.59,0.0,0.207,1.496
1778049923.1798837,beam,76.53,2265,3,26.59,0.0,0.099,-1.07
1778049923.2812607,beam,76.55,2266,3,26.59,0.0,0.06,-0.385
1778049923.3847299,beam,76.62,2267,3,26.59,0.0,0.192,1.277
1778049923.4847558,beam,76.65,2268,3,26.59,0.0,0.065,-1.269
1778049923.6001918,beam,76.7,2269,3,26.59,0.0,0.136,0.619
1778049923.7169669,beam,76.75,2270,3,26.59,0.0,0.12,-0.137
1778049923.833471,beam,76.8,2271,3,26.59,0.0,0.116,-0.041
1778049923.9346628,beam,76.8,2271,3,26.59,0.0,-0.003,-1.171
1778049924.0454197,beam,76.88,2272,3,26.59,0.0,0.189,1.734
1778049924.161254,beam,76.9,2273,3,26.59,0.0,0.056,-1.153
1778049924.2634623,beam,76.93,2274,3,26.59,0.0,0.096,0.397
1778049924.3642073,beam,76.97,2275,3,26.98,0.0,0.107,0.106
1778049924.4781697,beam,77.02,2279,3,26.98,0.0,0.126,0.169
1778049924.579006,beam,77.05,2281,3,26.98,0.0,0.063,-0.626
1778049924.6822145,beam,77.08,2280,3,26.59,0.0,0.091,0.268
1778049924.783028,beam,77.13,2279,3,26.59,0.0,0.132,0.408
1778049924.8952558,beam,77.14,2277,3,26.19,0.0,0.024,-0.961
1778049925.0129867,beam,77.17,2276,3,26.98,0.0,0.077,0.454
1778049925.1277723,beam,77.2,2283,3,26.98,0.0,0.061,-0.139
1778049925.2466576,beam,77.23,2286,3,26.98,0.0,0.085,0.198
1778049925.3494062,beam,77.25,2286,3,26.98,0.0,0.037,-0.464
1778049925.4654446,beam,77.26,2287,3,26.98,0.0,0.025,-0.105
1778049925.577614,beam,77.29,2288,3,26.98,0.0,0.085,0.532
1778049925.6784844,beam,77.34,2288,3,26.98,0.0,0.132,0.473
1778049925.7968464,beam,77.31,2288,3,26.98,0.0,-0.063,-1.648
1778049925.8990805,beam,77.41,2289,3,26.98,0.0,0.253,3.091
1778049926.0007808,beam,77.4,2290,3,26.98,0.0,-0.019,-2.682
1778049926.113259,beam,77.37,2290,3,26.98,0.0,-0.068,-0.431
1778049926.2165086,beam,77.43,2290,3,26.98,0.0,0.152,2.13
1778049926.3195758,beam,77.5,2291,3,26.98,0.0,0.189,0.353
1778049926.427471,beam,77.46,2291,3,26.19,0.0,-0.095,-2.628
1778049926.5307522,beam,77.49,2286,3,26.59,0.0,0.09,1.792
1778049926.6349862,beam,77.52,2287,3,26.59,0.0,0.057,-0.316
1778049926.748063,beam,77.5,2288,3,26.59,0.0,-0.045,-0.9
1778049926.850526,beam,77.49,2288,3,26.19,0.0,-0.028,0.166
1778049926.963338,beam,77.52,2285,3,26.19,0.0,0.09,1.041
1778049927.0668278,beam,77.54,2284,3,26.19,0.0,0.03,-0.581
1778049927.180588,beam,77.55,2284,3,26.19,0.0,0.041,0.104
1778049927.2831278,beam,77.53,2283,3,26.19,0.0,-0.062,-1.007
1778049927.3991215,beam,77.55,2284,3,26.19,0.0,0.045,0.918
1778049927.5122554,beam,77.5,2284,3,26.19,0.0,-0.128,-1.527
1778049927.627467,beam,77.51,2284,3,26.19,0.0,0.031,1.382
1778049927.7375467,beam,77.56,2284,3,26.19,0.0,0.139,0.982
1778049927.8438044,beam,77.6,2285,3,26.19,0.0,0.085,-0.511
1778049927.9521093,beam,77.6,2284,3,26.19,0.0,0.003,-0.76
1778049928.0667396,beam,77.59,2285,3,26.19,0.0,-0.006,-0.077
1778049928.183119,beam,77.62,2285,3,26.19,0.0,0.062,0.585
1778049928.300027,beam,77.61,2285,3,26.19,0.0,-0.019,-0.689
1778049928.4024873,beam,77.63,2285,3,26.19,0.0,0.048,0.651
1778049928.5131955,beam,77.66,2286,3,26.19,0.0,0.086,0.343
1778049928.6297073,beam,77.66,2286,3,26.19,0.0,-0.005,-0.782
1778049928.7457163,beam,77.62,2286,3,26.19,0.0,-0.11,-0.9
1778049928.865163,beam,77.68,2287,3,26.19,0.0,0.14,2.086
1778049928.9835975,beam,77.68,2287,3,26.19,0.0,0.005,-1.139
1778049929.098409,beam,77.67,2287,3,26.19,0.0,-0.021,-0.226
1778049929.215018,beam,77.68,2287,3,26.19,0.0,0.021,0.364
1778049929.3317227,beam,77.7,2287,3,26.19,0.0,0.049,0.236
1778049929.4480374,beam,77.66,2287,3,26.19,0.0,-0.086,-1.155
1778049929.5487893,beam,77.69,2287,3,26.19,0.0,0.059,1.438
1778049929.6495173,beam,77.69,2287,3,26.19,0.0,0.006,-0.531
1778049929.7647555,beam,77.66,2287,3,26.19,0.0,-0.068,-0.639
1778049929.8692577,beam,77.67,2287,3,26.19,0.0,0.018,0.823
1778049929.977715,beam,77.69,2287,3,26.19,0.0,0.049,0.284
1778049930.0865085,beam,77.69,2288,3,26.19,0.0,0.007,-0.384
1778049930.195258,beam,77.67,2288,3,26.19,0.0,-0.034,-0.378
1778049930.298572,beam,77.63,2287,3,26.19,0.0,-0.13,-0.928
1778049930.4010024,beam,77.7,2288,3,26.19,0.0,0.199,3.205
1778049930.517621,beam,77.68,2287,3,26.19,0.0,-0.038,-2.028
1778049930.6268303,beam,77.67,2287,3,26.19,0.0,-0.034,0.032
1778049930.7338972,beam,77.67,2287,3,26.19,0.0,0.009,0.402
1778049930.8540597,beam,77.68,2287,3,26.19,0.0,0.018,0.079
1778049930.9632354,beam,77.67,2287,3,26.19,0.0,-0.027,-0.419
1778049931.0840075,beam,77.68,2287,3,26.19,0.0,0.018,0.374
1778049931.1877255,beam,77.71,2287,3,26.19,0.0,0.088,0.674
1778049931.299186,beam,77.74,2287,3,26.19,0.0,0.064,-0.208
1778049931.40312,beam,77.69,2287,3,26.19,0.0,-0.139,-1.954
1778049931.5111268,beam,77.84,2288,3,26.19,0.0,0.392,4.914
1778049931.6116352,beam,77.81,2289,3,26.19,0.0,-0.084,-4.74
1778049931.7140074,beam,77.8,2289,3,26.19,0.0,-0.014,0.685
1778049931.8255963,beam,77.84,2285,3,25.0,0.0,0.089,0.926
1778049931.9269605,beam,77.81,2271,3,22.62,0.0,-0.089,-1.761
1778049932.028395,beam,77.84,2252,3,20.63,0.0,0.107,1.933
1778049932.1478488,beam,77.77,2220,3,18.25,0.0,-0.166,-2.284
1778049932.2591681,beam,77.71,2203,3,17.86,0.0,-0.152,0.123
1778049932.3613591,beam,77.62,2190,3,15.87,0.0,-0.251,-0.965
1778049932.4673297,beam,77.56,2175,3,15.87,0.0,-0.146,0.994
1778049932.5839336,beam,77.47,2170,3,15.87,0.0,-0.229,-0.717
1778049932.6939404,beam,77.32,2169,3,17.46,0.0,-0.366,-1.245
1778049932.7994792,beam,77.25,2182,3,18.65,0.0,-0.2,1.573
1778049932.9178205,beam,77.18,2197,3,19.44,0.0,-0.167,0.278
1778049933.0350428,beam,77.14,2207,3,20.63,0.0,-0.082,0.724
1778049933.135219,beam,77.09,2216,3,22.62,0.0,-0.142,-0.591
1778049933.2451928,beam,77.09,2227,3,22.62,0.0,0.009,1.371
1778049933.3507879,beam,77.09,2233,3,22.62,0.0,-0.004,-0.126
1778049933.4636486,beam,77.05,2233,3,23.02,0.0,-0.089,-0.753
1778049933.5851262,beam,77.05,2238,3,24.21,0.0,-0.007,0.675
1778049933.7029955,beam,77.05,2247,3,25.0,0.0,-0.001,0.056
1778049933.8091843,beam,77.04,2253,3,25.0,0.0,-0.043,-0.396
1778049933.909641,beam,77.04,2257,3,25.0,0.0,0.011,0.532
1778049934.012823,beam,77.06,2259,3,25.0,0.0,0.051,0.385
1778049934.1304302,beam,77.07,2260,3,25.0,0.0,0.037,-0.117
1778049934.2487411,beam,77.07,2260,3,25.0,0.0,-0.015,-0.436
1778049934.353048,beam,77.09,2260,3,25.0,0.0,0.058,0.695
1778049934.4630349,beam,77.12,2260,3,25.0,0.0,0.078,0.181
1778049934.5840805,beam,77.1,2261,3,25.0,0.0,-0.056,-1.104
1778049934.6860566,beam,77.07,2261,3,25.0,0.0,-0.073,-0.17
1778049934.796242,beam,77.14,2261,3,25.0,0.0,0.17,2.209
1778049934.8971996,beam,77.17,2261,3,25.0,0.0,0.088,-0.813
1778049935.015453,beam,77.21,2262,3,25.0,0.0,0.094,0.05
1778049935.1154602,beam,77.18,2262,3,25.0,0.0,-0.09,-1.837
1778049935.2372713,beam,77.25,2263,3,25.0,0.0,0.173,2.159
1778049935.344475,beam,77.27,2263,3,25.0,0.0,0.037,-1.271
1778049935.4455214,beam,77.31,2263,3,25.0,0.0,0.135,0.972
1778049935.5518072,beam,77.34,2264,3,25.0,0.0,0.072,-0.594
1778049935.661188,beam,77.35,2265,3,25.0,0.0,0.012,-0.55
1778049935.7698212,beam,77.36,2265,3,25.0,0.0,0.027,0.137
1778049935.8759458,beam,77.42,2266,3,25.0,0.0,0.166,1.309
1778049935.9825618,beam,77.47,2267,3,25.0,0.0,0.132,-0.313
1778049936.0975423,beam,77.47,2267,3,25.0,0.0,-0.012,-1.251
1778049936.2141767,beam,77.48,2268,3,25.0,0.0,0.043,0.468
1778049936.332229,beam,77.53,2268,3,25.0,0.0,0.11,0.568
1778049936.449978,beam,77.58,2269,3,25.0,0.0,0.104,-0.051
1778049936.5673127,beam,77.63,2269,3,25.0,0.0,0.121,0.143
1778049936.6826923,beam,77.64,2270,3,25.0,0.0,0.026,-0.826
1778049936.7982817,beam,77.68,2271,3,25.0,0.0,0.1,0.641
1778049936.9175093,beam,77.71,2272,3,25.0,0.0,0.066,-0.283
1778049937.03365,beam,77.75,2272,3,25.0,0.0,0.108,0.361
1778049937.14858,beam,77.78,2273,3,25.0,0.0,0.071,-0.322
1778049937.2654824,beam,77.8,2274,3,25.0,0.0,0.037,-0.291
1778049937.3835123,beam,77.83,2275,3,25.0,0.0,0.082,0.387
1778049937.4971657,beam,77.85,2275,3,25.0,0.0,0.04,-0.373
1778049937.6153924,beam,77.9,2276,3,25.0,0.0,0.129,0.752
1778049937.732579,beam,77.88,2276,3,25.0,0.0,-0.052,-1.54
1778049937.85023,beam,77.95,2277,3,25.0,0.0,0.164,1.836
1778049937.9683256,beam,78.0,2278,3,25.0,0.0,0.112,-0.442
1778049938.0762694,beam,78.0,2278,3,25.0,0.0,0.01,-0.945
1778049938.1766818,beam,78.04,2279,3,25.0,0.0,0.104,0.932
1778049938.296711,beam,78.05,2280,3,25.0,0.0,0.022,-0.68
1778049938.4169135,beam,78.1,2280,3,25.0,0.0,0.117,0.791
1778049938.5185673,beam,78.14,2281,3,25.0,0.0,0.116,-0.016
1778049938.6348617,beam,78.13,2281,3,25.0,0.0,-0.043,-1.362
1778049938.735748,beam,78.17,2283,3,25.4,0.0,0.128,1.696
1778049938.835806,beam,78.2,2286,3,25.4,0.0,0.086,-0.427
1778049938.9488006,beam,78.2,2288,3,25.4,0.0,-0.008,-0.825
1778049939.0668566,beam,78.32,2289,3,25.4,0.0,0.272,2.365
1778049939.1835954,beam,78.28,2289,3,25.4,0.0,-0.075,-2.97
1778049939.2939413,beam,78.33,2290,3,25.4,0.0,0.108,1.656
1778049939.4122558,beam,78.38,2291,3,25.4,0.0,0.115,0.061
1778049939.513028,beam,78.41,2291,3,25.4,0.0,0.085,-0.293
1778049939.629688,beam,78.43,2292,3,25.4,0.0,0.059,-0.224
1778049939.749374,beam,78.45,2293,3,25.4,0.0,0.051,-0.069
1778049939.8653934,beam,78.51,2294,3,25.4,0.0,0.147,0.828
1778049939.979382,beam,78.54,2294,3,25.4,0.0,0.06,-0.766
1778049940.0824285,beam,78.56,2295,3,25.4,0.0,0.063,0.028
1778049940.2002215,beam,78.6,2296,3,25.4,0.0,0.091,0.245
1778049940.3180366,beam,78.63,2296,3,25.4,0.0,0.077,-0.126
1778049940.4290197,beam,78.64,2297,3,25.4,0.0,0.021,-0.503
1778049940.5498543,beam,78.65,2298,3,25.4,0.0,0.016,-0.042
1778049940.6627479,beam,78.71,2299,3,25.4,0.0,0.141,1.113
1778049940.7795146,beam,78.77,2299,3,25.4,0.0,0.158,0.14
1778049940.896347,beam,78.82,2300,3,25.4,0.0,0.122,-0.309
1778049941.0147152,beam,78.83,2301,3,25.4,0.0,0.012,-0.929
1778049941.1334617,beam,78.88,2301,3,25.4,0.0,0.125,0.955
1778049941.2347085,beam,78.9,2302,3,25.4,0.0,0.062,-0.618
1778049941.3446202,beam,78.91,2302,3,25.4,0.0,0.002,-0.545
1778049941.4587362,beam,78.98,2303,3,25.4,0.0,0.172,1.485
1778049941.5616674,beam,78.96,2303,3,25.4,0.0,-0.037,-2.027
1778049941.6639204,beam,79.08,2304,3,25.0,0.0,0.307,3.365
1778049941.768334,beam,79.11,2302,3,25.0,0.0,0.086,-2.116
1778049941.881374,beam,79.0,2301,3,25.0,0.0,-0.268,-3.138
1778049941.996106,beam,79.08,2301,3,25.0,0.0,0.186,3.957
1778049942.1162894,beam,79.1,2302,3,25.0,0.0,0.047,-1.151
1778049942.2247422,beam,79.09,2302,3,25.0,0.0,-0.022,-0.64
1778049942.3309088,beam,79.11,2303,3,25.0,0.0,0.066,0.829
1778049942.4501476,beam,79.11,2303,3,25.0,0.0,-0.017,-0.695
1778049942.5642934,beam,79.06,2302,3,25.0,0.0,-0.106,-0.784
1778049942.6746972,beam,79.03,2300,3,25.0,0.0,-0.077,0.263
1778049942.7829728,beam,79.38,2306,3,25.0,0.0,0.901,9.039
1778049942.892791,beam,79.81,2316,3,25.0,0.0,1.084,1.665
1778049943.0025153,beam,79.14,2309,3,25.0,0.0,-1.7,-25.372
1778049943.110597,beam,78.82,2301,3,25.0,0.0,-0.809,8.239
1778049943.2191424,beam,78.78,2296,3,25.0,0.0,-0.113,6.411
1778049943.3283317,beam,78.91,2296,3,25.0,0.0,0.321,3.975
1778049943.4429302,beam,79.06,2299,3,25.0,0.0,0.361,0.354
1778049943.5659485,beam,79.19,2303,3,25.0,0.0,0.308,-0.438
1778049943.6756504,beam,79.25,2306,3,25.0,0.0,0.151,-1.423
1778049943.7850027,beam,79.25,2306,3,25.0,0.0,-0.007,-1.445
1778049943.8938746,beam,79.23,2306,3,25.0,0.0,-0.049,-0.394
1778049944.0127203,beam,79.22,2305,3,25.0,0.0,-0.026,0.196
1778049944.1347318,beam,79.24,2305,3,25.0,0.0,0.05,0.621
1778049944.2424757,beam,79.25,2305,3,24.21,0.0,0.037,-0.117
1778049944.365311,beam,79.25,2300,3,24.21,0.0,-0.017,-0.437
1778049944.4768183,beam,79.27,2297,3,23.81,0.0,0.067,0.747
1778049944.5779428,beam,79.29,2295,3,23.81,0.0,0.037,-0.289
1778049944.70099,beam,79.25,2294,3,23.81,0.0,-0.095,-1.074
1778049944.8065631,beam,79.25,2293,3,23.81,0.0,0.005,0.946
1778049944.9142106,beam,79.27,2293,3,23.81,0.0,0.062,0.525
1778049945.0308623,beam,79.28,2293,3,23.81,0.0,0.011,-0.434
1778049945.1317854,beam,79.29,2293,3,23.81,0.0,0.035,0.233
1778049945.2465777,beam,79.27,2294,3,24.21,0.0,-0.05,-0.739
1778049945.36313,beam,79.27,2297,3,24.21,0.0,0.012,0.533
1778049945.4814405,beam,79.32,2297,3,23.81,0.0,0.106,0.798
1778049945.5822093,beam,79.3,2295,3,23.81,0.0,-0.044,-1.496
1778049945.6993098,beam,79.28,2294,3,23.81,0.0,-0.051,-0.054
1778049945.8142664,beam,79.33,2295,3,25.0,0.0,0.107,1.373
1778049945.9297168,beam,79.31,2299,3,24.21,0.0,-0.044,-1.307
1778049946.0317307,beam,79.23,2299,3,24.21,0.0,-0.214,-1.663
1778049946.146977,beam,79.32,2299,3,24.21,0.0,0.232,3.867
1778049946.2507524,beam,79.3,2299,3,24.21,0.0,-0.063,-2.848
1778049946.357103,beam,79.33,2299,3,24.21,0.0,0.078,1.326
1778049946.4636686,beam,79.34,2299,3,24.21,0.0,0.015,-0.592
1778049946.5730085,beam,79.35,2299,3,24.21,0.0,0.034,0.174
1778049946.6812997,beam,79.37,2302,3,25.0,0.0,0.048,0.137
1778049946.7904928,beam,79.38,2307,3,25.0,0.0,0.033,-0.145
1778049946.9016707,beam,79.38,2309,3,25.0,0.0,0.002,-0.271
1778049947.007823,beam,79.43,2309,3,25.0,0.0,0.134,1.241
1778049947.1150756,beam,79.43,2310,3,25.0,0.0,-0.003,-1.281
1778049947.2235498,beam,79.46,2307,3,24.21,0.0,0.059,0.57
1778049947.3474407,beam,79.47,2303,3,24.21,0.0,0.028,-0.243
1778049947.4573808,beam,79.49,2302,3,24.21,0.0,0.052,0.219
1778049947.5818214,beam,79.5,2303,3,24.21,0.0,0.022,-0.247
1778049947.6931455,beam,79.52,2303,3,24.21,0.0,0.055,0.297
1778049947.799237,beam,79.52,2303,3,25.0,0.0,0.011,-0.412
1778049947.9146829,beam,79.55,2309,3,25.4,0.0,0.059,0.418
1778049948.0298734,beam,79.59,2315,3,25.4,0.0,0.098,0.337
1778049948.1464555,beam,79.63,2317,3,25.4,0.0,0.085,-0.115
1778049948.2645109,beam,79.62,2318,3,25.0,0.0,-0.014,-0.833
1778049948.3847713,beam,79.63,2316,3,25.0,0.0,0.034,0.398
1778049948.4970586,beam,79.68,2315,3,25.0,0.0,0.122,0.779
1778049948.6164637,beam,79.7,2316,3,25.0,0.0,0.041,-0.675
1778049948.733172,beam,79.74,2316,3,25.0,0.0,0.083,0.363
1778049948.850225,beam,79.75,2316,3,25.0,0.0,0.042,-0.355
1778049948.95687,beam,79.73,2315,3,23.81,0.0,-0.069,-1.039
1778049949.0654,beam,79.73,2301,3,21.43,0.0,0.006,0.691
1778049949.1826556,beam,79.7,2282,3,19.44,0.0,-0.071,-0.657
1778049949.2952332,beam,79.66,2267,3,19.44,0.0,-0.096,-0.221
1778049949.4115062,beam,79.56,2257,3,19.44,0.0,-0.249,-1.313
1778049949.5296056,beam,79.56,2255,3,19.84,0.0,0.005,2.147
1778049949.6313345,beam,79.56,2261,3,20.63,0.0,0.012,0.071
1778049949.7410796,beam,79.5,2265,3,20.63,0.0,-0.153,-1.502
1778049949.8446617,beam,79.61,2269,3,21.43,0.0,0.294,4.312
1778049949.949438,beam,79.73,2277,3,21.43,0.0,0.308,0.131
1778049950.0611877,beam,79.77,2279,3,21.43,0.0,0.11,-1.765
1778049950.1656344,beam,79.81,2282,3,21.83,0.0,0.113,0.021
1778049950.282726,beam,79.94,2290,3,22.62,0.0,0.291,1.521
1778049950.3990748,beam,80.0,2295,3,22.62,0.0,0.152,-1.191
1778049950.509573,beam,80.11,2299,3,23.02,0.0,0.269,1.055
1778049950.6297202,beam,80.28,2306,3,23.81,0.0,0.387,0.987
1778049950.7494047,beam,80.36,2314,3,23.81,0.0,0.197,-1.593
1778049950.8593905,beam,80.53,2318,3,23.81,0.0,0.427,2.089
1778049950.9793015,beam,80.69,2323,3,23.81,0.0,0.375,-0.43
1778049951.0980055,beam,80.79,2326,3,23.81,0.0,0.232,-1.204
1778049951.2158625,beam,80.97,2326,3,23.02,0.0,0.422,1.613
1778049951.3209155,beam,81.15,2328,3,23.81,0.0,0.479,0.542
1778049951.4264104,beam,81.27,2335,3,23.81,0.0,0.322,-1.488
1778049951.5288322,beam,81.41,2340,3,23.81,0.0,0.363,0.397
1778049951.638123,beam,81.61,2344,3,23.81,0.0,0.505,1.301
1778049951.7435584,beam,81.68,2347,3,23.81,0.0,0.188,-3.008
1778049951.860666,beam,81.95,2351,3,23.81,0.0,0.647,3.92
1778049951.9608939,beam,82.03,2355,3,23.02,0.0,0.213,-4.324
1778049952.0775788,beam,82.23,2353,3,23.02,0.0,0.483,2.313
1778049952.1954358,beam,82.37,2355,3,23.02,0.0,0.337,-1.237
1778049952.2960148,beam,82.5,2358,3,23.02,0.0,0.343,0.058
1778049952.4076307,beam,82.64,2362,3,23.02,0.0,0.357,0.124
1778049952.5319538,beam,82.84,2366,3,23.02,0.0,0.445,0.707
1778049952.641679,beam,83.01,2370,3,23.02,0.0,0.422,-0.214
1778049952.7635725,beam,83.17,2374,3,23.02,0.0,0.369,-0.435
1778049952.8719785,beam,83.35,2380,3,23.81,0.0,0.466,0.9
1778049952.9805336,beam,83.52,2388,3,23.81,0.0,0.441,-0.232
1778049953.090274,beam,83.68,2393,3,23.81,0.0,0.406,-0.318
1778049953.1961358,beam,83.86,2398,3,23.81,0.0,0.469,0.592
1778049953.3117216,beam,84.06,2402,3,23.81,0.0,0.472,0.028
1778049953.4217372,beam,84.22,2406,3,23.81,0.0,0.403,-0.629
1778049953.525482,beam,84.41,2410,3,23.81,0.0,0.516,1.092
1778049953.6264396,beam,84.59,2414,3,23.81,0.0,0.484,-0.317
1778049953.7454028,beam,84.76,2418,3,23.81,0.0,0.395,-0.752
1778049953.862411,beam,84.97,2423,3,23.81,0.0,0.52,1.073
1778049953.9717078,beam,85.14,2427,3,23.81,0.0,0.413,-0.978
1778049954.0767336,beam,85.27,2431,3,23.81,0.0,0.349,-0.612
1778049954.1964693,beam,85.44,2435,3,23.81,0.0,0.387,0.32
1778049954.3049903,beam,85.64,2439,3,23.81,0.0,0.512,1.151
1778049954.4052923,beam,85.76,2443,3,23.81,0.0,0.356,-1.559
1778049954.51451,beam,85.93,2446,3,23.81,0.0,0.418,0.568
1778049954.6257763,beam,86.13,2451,3,23.81,0.0,0.498,0.719
1778049954.7481754,beam,86.29,2455,3,23.81,0.0,0.362,-1.109
1778049954.8558125,beam,86.45,2459,3,23.81,0.0,0.419,0.526
1778049954.957221,beam,86.6,2463,3,23.81,0.0,0.407,-0.116
1778049955.0761607,beam,86.79,2467,3,23.81,0.0,0.451,0.369
1778049955.1959658,beam,86.99,2472,3,23.81,0.0,0.459,0.067
1778049955.3046875,beam,87.15,2477,3,23.81,0.0,0.417,-0.39
1778049955.4262388,beam,87.19,2479,3,23.81,0.0,0.081,-2.761
1778049955.5364652,beam,87.26,2479,3,23.81,0.0,0.182,0.917
1778049955.6411216,beam,87.38,2481,3,23.81,0.0,0.309,1.207
1778049955.7423384,beam,87.56,2485,3,23.81,0.0,0.498,1.871
1778049955.8624475,beam,87.83,2492,3,23.81,0.0,0.636,1.148
1778049955.9642363,beam,87.94,2496,3,23.81,0.0,0.301,-3.289
1778049956.0757053,beam,88.07,2499,3,23.81,0.0,0.307,0.051
1778049956.192524,beam,88.14,2500,3,23.81,0.0,0.166,-1.206
1778049956.3106577,beam,88.31,2503,3,23.81,0.0,0.418,2.134
1778049956.431833,beam,88.52,2509,3,23.81,0.0,0.473,0.457
1778049956.545578,beam,88.65,2513,3,23.81,0.0,0.318,-1.369
1778049956.6466968,beam,88.7,2515,3,23.81,0.0,0.134,-1.811
1778049956.7535253,beam,88.64,2514,3,23.81,0.0,-0.145,-2.618
1778049956.8626363,beam,88.76,2515,3,23.81,0.0,0.289,3.979
1778049956.9755385,beam,88.96,2519,3,23.81,0.0,0.492,1.799
1778049957.0861223,beam,89.11,2525,3,23.81,0.0,0.393,-0.892
1778049957.1966157,beam,89.18,2526,3,23.81,0.0,0.177,-1.957
1778049957.3050108,beam,89.31,2529,3,23.81,0.0,0.308,1.208
1778049957.425595,beam,89.32,2531,3,23.81,0.0,0.028,-2.326
1778049957.537351,beam,89.31,2531,3,23.81,0.0,-0.011,-0.343
1778049957.6475775,beam,89.33,2530,3,23.81,0.0,0.043,0.491
1778049957.754537,beam,89.33,2530,3,23.81,0.0,0.002,-0.39
1778049957.860414,beam,89.48,2533,3,23.81,0.0,0.378,3.556
1778049957.9792285,beam,89.53,2536,3,23.81,0.0,0.137,-2.033
1778049958.0968049,beam,89.58,2537,3,23.81,0.0,0.112,-0.212
1778049958.202427,beam,89.61,2538,3,23.81,0.0,0.076,-0.337
1778049958.3097558,beam,89.67,2539,3,23.81,0.0,0.161,0.792
1778049958.4291897,beam,89.64,2539,3,23.81,0.0,-0.071,-1.946
1778049958.541144,beam,89.58,2538,3,23.81,0.0,-0.146,-0.668
1778049958.6593268,beam,89.5,2536,3,23.81,0.0,-0.193,-0.4
1778049958.7785754,beam,89.46,2533,3,23.81,0.0,-0.104,0.748
1778049958.8863084,beam,89.49,2534,3,23.81,0.0,0.082,1.729
1778049958.995766,beam,89.57,2535,3,23.81,0.0,0.213,1.197
1778049959.1031475,beam,89.64,2537,3,23.81,0.0,0.166,-0.437
1778049959.2103286,beam,89.67,2539,3,23.81,0.0,0.081,-0.794
1778049959.3272047,beam,89.61,2538,3,23.81,0.0,-0.136,-1.856
1778049959.4446254,beam,89.55,2536,3,23.81,0.0,-0.136,-0.007
1778049959.5469275,beam,89.52,2536,3,23.81,0.0,-0.077,0.582
1778049959.655981,beam,89.63,2536,3,23.81,0.0,0.259,3.078
1778049959.7747068,beam,89.79,2540,3,23.81,0.0,0.379,1.011
1778049959.8945327,beam,89.83,2542,3,23.81,0.0,0.105,-2.288
1778049960.0049355,beam,89.87,2543,3,23.81,0.0,0.087,-0.162
1778049960.1052783,beam,89.94,2545,3,23.81,0.0,0.187,0.994
1778049960.212925,beam,89.96,2546,3,23.81,0.0,0.076,-1.025
1778049960.3214495,beam,90.04,2548,3,23.81,0.0,0.196,1.103
1778049960.4448237,beam,90.06,2548,3,23.81,0.0,0.033,-1.318
1778049960.5526555,beam,90.09,2548,3,23.81,0.0,0.085,0.477
1778049960.6618323,beam,90.16,2550,3,23.81,0.0,0.19,0.965
1778049960.7799494,beam,90.22,2552,3,23.81,0.0,0.136,-0.454
1778049960.8886518,beam,90.28,2553,3,23.81,0.0,0.141,0.043
1778049960.9952729,beam,90.34,2555,3,23.81,0.0,0.153,0.113
1778049961.1028156,beam,90.42,2556,3,23.81,0.0,0.214,0.564
1778049961.2080204,beam,90.44,2558,3,23.81,0.0,0.062,-1.441
1778049961.324513,beam,90.52,2559,3,23.81,0.0,0.177,0.982
1778049961.428078,beam,90.55,2560,3,23.81,0.0,0.101,-0.729
1778049961.5466733,beam,90.64,2562,3,23.81,0.0,0.192,0.768
1778049961.6565354,beam,90.68,2563,3,23.81,0.0,0.121,-0.647
1778049961.7765806,beam,90.73,2565,3,23.81,0.0,0.104,-0.144
1778049961.8963876,beam,90.78,2566,3,23.81,0.0,0.122,0.147
1778049962.0068767,beam,90.83,2567,3,23.81,0.0,0.131,0.087
1778049962.1119246,beam,90.88,2569,3,23.81,0.0,0.133,0.016
1778049962.2128897,beam,90.92,2570,3,23.81,0.0,0.106,-0.265
1778049962.3181615,beam,90.97,2571,3,23.81,0.0,0.121,0.137
1778049962.4270601,beam,91.05,2573,3,23.81,0.0,0.203,0.756
1778049962.541514,beam,91.1,2574,3,23.81,0.0,0.137,-0.572
1778049962.6621442,beam,91.14,2575,3,23.81,0.0,0.076,-0.506
1778049962.778809,beam,91.19,2576,3,23.81,0.0,0.134,0.495
1778049962.8941486,beam,91.26,2578,3,23.81,0.0,0.163,0.25
1778049963.0096729,beam,91.32,2579,3,23.81,0.0,0.131,-0.272
1778049963.1252708,beam,91.36,2580,3,23.81,0.0,0.109,-0.198
1778049963.226263,beam,91.4,2581,3,23.81,0.0,0.097,-0.116
1778049963.3360436,beam,91.42,2582,3,23.81,0.0,0.058,-0.356
1778049963.436686,beam,91.44,2583,3,23.81,0.0,0.068,0.101
1778049963.5575233,beam,91.52,2584,3,23.81,0.0,0.171,0.851
1778049963.6748307,beam,91.56,2585,3,23.81,0.0,0.095,-0.643
1778049963.7751887,beam,91.6,2586,3,23.81,0.0,0.117,0.219
1778049963.8944948,beam,91.65,2587,3,23.81,0.0,0.123,0.047
1778049964.0060534,beam,91.65,2587,3,23.81,0.0,0.001,-1.088
1778049964.1263537,beam,91.69,2588,3,23.81,0.0,0.072,0.585
1778049964.2357368,beam,91.72,2588,3,23.81,0.0,0.082,0.091
1778049964.3559456,beam,91.72,2589,3,23.81,0.0,0.016,-0.55
1778049964.4778416,beam,91.74,2590,3,23.81,0.0,0.047,0.255
1778049964.5804324,beam,91.73,2590,3,23.81,0.0,-0.042,-0.867
1778049964.6933098,beam,91.75,2590,3,23.81,0.0,0.042,0.745
1778049964.8022945,beam,91.78,2590,3,23.81,0.0,0.087,0.411
1778049964.9104064,beam,91.76,2590,3,23.81,0.0,-0.048,-1.243
1778049965.0114503,beam,91.76,2590,3,23.81,0.0,-0.008,0.391
1778049965.1232083,beam,91.79,2590,3,23.81,0.0,0.083,0.816
1778049965.2439232,beam,91.78,2590,3,23.81,0.0,-0.018,-0.837
1778049965.3538516,beam,91.8,2590,3,23.81,0.0,0.043,0.558
1778049965.454036,beam,91.78,2590,3,23.81,0.0,-0.057,-1.006
1778049965.554923,beam,91.77,2589,3,23.81,0.0,-0.028,0.289
1778049965.6595957,beam,91.75,2589,3,23.81,0.0,-0.055,-0.26
1778049965.7695615,beam,91.7,2588,3,23.81,0.0,-0.125,-0.634
1778049965.8715699,beam,91.68,2587,3,23.81,0.0,-0.068,0.564
1778049965.971938,beam,91.67,2588,3,23.81,0.0,-0.003,0.644
1778049966.0730329,beam,91.63,2587,3,23.81,0.0,-0.126,-1.216
1778049966.1924295,beam,91.57,2585,3,23.81,0.0,-0.129,-0.03
1778049966.3024735,beam,91.56,2585,3,23.02,0.0,-0.037,0.841
1778049966.404777,beam,91.49,2578,3,21.83,0.0,-0.182,-1.415
1778049966.5067353,beam,91.43,2569,3,21.83,0.0,-0.164,0.17
1778049966.6248024,beam,91.38,2562,3,20.63,0.0,-0.122,0.355
1778049966.7256134,beam,91.32,2559,3,21.83,0.0,-0.15,-0.276
1778049966.8374407,beam,91.29,2565,3,22.62,0.0,-0.086,0.578
1778049966.9590633,beam,91.26,2566,3,21.83,0.0,-0.072,0.108
1778049967.0699468,beam,91.2,2563,3,21.43,0.0,-0.151,-0.707
1778049967.1907063,beam,91.09,2522,3,8.73,0.0,-0.26,-0.904
1778049967.293331,beam,90.81,2421,3,0.0,0.0,-0.733,-4.609
1778049967.4015589,beam,90.45,2367,3,0.0,0.0,-0.931,-1.824
1778049967.50173,beam,90.17,2353,3,0.0,0.0,-0.775,1.552
1778049967.6020656,beam,89.88,2344,3,0.0,0.0,-0.812,-0.369
1778049967.7219021,beam,89.54,2334,3,0.0,0.0,-0.777,0.295
1778049967.8436754,beam,89.17,2324,3,0.0,0.0,-0.85,-0.6
1778049967.9550607,beam,88.84,2315,3,0.0,0.0,-0.824,0.231
1778049968.0551178,beam,88.54,2306,3,0.0,0.0,-0.823,0.009
1778049968.178524,beam,88.19,2295,3,0.0,0.0,-0.808,0.122
1778049968.2863297,beam,87.84,2285,3,0.0,0.0,-0.88,-0.664
1778049968.3869805,beam,87.53,2277,3,0.0,0.0,-0.866,0.138
1778049968.4895945,beam,87.24,2268,3,0.0,0.0,-0.786,0.777
1778049968.6050851,beam,86.9,2258,3,0.0,0.0,-0.815,-0.251
1778049968.706498,beam,86.59,2249,3,0.0,0.0,-0.861,-0.448
1778049968.808308,beam,86.29,2240,3,0.0,0.0,-0.796,0.636
1778049968.9085693,beam,86.0,2231,3,0.0,0.0,-0.818,-0.22
1778049969.01032,beam,85.68,2222,3,0.0,0.0,-0.866,-0.476
1778049969.1225526,beam,85.39,2213,3,0.0,0.0,-0.732,1.199
1778049969.2243695,beam,85.0,2203,3,0.0,0.0,-1.046,-3.089
1778049969.324874,beam,84.71,2193,3,0.0,0.0,-0.801,2.446
1778049969.4269598,beam,84.4,2184,3,0.0,0.0,-0.847,-0.454
1778049969.5398223,beam,84.1,2175,3,0.0,0.0,-0.751,0.846
1778049969.6562834,beam,83.67,2164,3,0.0,3.57,-1.012,-2.239
1778049969.7765388,beam,83.18,2149,3,0.0,2.38,-1.145,-1.106
1778049969.8880901,beam,82.8,2137,3,0.0,1.59,-0.943,1.813
1778049969.990278,beam,82.39,2126,3,0.0,5.56,-1.115,-1.686
1778049970.092691,beam,81.86,2112,3,0.0,7.94,-1.435,-3.125
1778049970.1946857,beam,81.24,2095,3,0.0,8.73,-1.695,-2.545
1778049970.3050084,beam,80.55,2076,3,0.0,8.73,-1.725,-0.278
1778049970.4068155,beam,80.02,2058,3,0.0,7.94,-1.452,2.689
1778049970.5162456,beam,79.42,2041,3,0.0,7.94,-1.519,-0.618
1778049970.6243525,beam,78.8,2023,3,0.0,7.54,-1.587,-0.63
1778049970.7266045,beam,78.19,2005,3,0.0,7.54,-1.659,-0.698
1778049970.8411274,beam,77.62,1986,3,0.0,5.95,-1.387,2.374
1778049970.9428713,beam,77.24,1971,3,0.0,0.0,-1.04,3.406
1778049971.0541978,beam,76.88,1958,3,0.0,0.0,-0.902,1.245
1778049971.1549408,beam,76.61,1949,3,0.0,0.0,-0.748,1.528
1778049971.275242,beam,76.24,1937,3,0.0,0.0,-0.851,-0.862
1778049971.386319,beam,75.92,1926,3,0.0,0.0,-0.793,0.526
1778049971.507392,beam,75.61,1915,3,0.0,0.0,-0.718,0.621
1778049971.6116853,beam,75.29,1906,3,0.0,0.0,-0.84,-1.174
1778049971.7244415,beam,74.97,1896,3,0.0,0.0,-0.8,0.36
1778049971.8341079,beam,74.66,1885,3,0.0,0.0,-0.785,0.13
1778049971.9554946,beam,74.32,1874,3,0.0,0.0,-0.773,0.104
1778049972.0561347,beam,74.04,1865,3,0.0,0.0,-0.784,-0.112
1778049972.1761622,beam,73.72,1854,3,0.0,0.0,-0.732,0.436
1778049972.2877948,beam,73.39,1843,3,0.0,0.0,-0.815,-0.75
1778049972.3987157,beam,73.07,1833,3,0.0,0.0,-0.812,0.035
1778049972.501519,beam,72.79,1823,3,0.0,0.0,-0.764,0.459
1778049972.6043923,beam,72.52,1813,3,0.0,0.0,-0.722,0.408
1778049972.7228734,beam,72.2,1803,3,0.0,0.0,-0.736,-0.115
1778049972.824322,beam,71.91,1793,3,0.0,0.0,-0.796,-0.593
1778049972.9344501,beam,71.61,1783,3,0.0,0.0,-0.755,0.375
1778049973.0391536,beam,71.33,1773,3,0.0,0.0,-0.762,-0.065
1778049973.1420543,beam,71.02,1763,3,0.0,0.0,-0.831,-0.674
1778049973.2573645,beam,70.69,1751,3,0.0,0.0,-0.797,0.294
1778049973.373386,beam,70.37,1740,3,0.0,0.0,-0.761,0.308
1778049973.488968,beam,70.06,1728,3,0.0,0.0,-0.737,0.208
1778049973.593838,beam,69.78,1718,3,0.0,0.0,-0.742,-0.047
1778049973.7035618,beam,69.48,1708,3,0.0,0.0,-0.764,-0.197
1778049973.8088782,beam,69.21,1697,3,0.0,0.0,-0.706,0.552
1778049973.9256582,beam,68.87,1685,3,0.0,0.0,-0.81,-0.892
1778049974.0416555,beam,68.58,1674,3,0.0,0.0,-0.698,0.963
1778049974.1555765,beam,68.27,1662,3,0.0,0.0,-0.753,-0.482
1778049974.2728572,beam,67.96,1650,3,0.0,0.0,-0.746,0.062
1778049974.3910017,beam,67.64,1637,3,0.0,0.0,-0.754,-0.067
1778049974.5087159,beam,67.35,1643,3,3.97,0.0,-0.68,0.625
1778049974.6285315,beam,67.09,1730,3,7.14,0.0,-0.599,0.68
1778049974.7356336,beam,66.92,1801,3,8.73,0.0,-0.432,1.552
1778049974.8401837,beam,66.82,1825,3,9.52,0.0,-0.29,1.367
1778049974.9569476,beam,66.66,1829,3,9.92,0.0,-0.361,-0.612
1778049975.0735385,beam,66.55,1832,3,10.71,0.0,-0.278,0.71
1778049975.1901157,beam,66.43,1835,3,11.51,0.0,-0.281,-0.024
1778049975.3070493,beam,66.32,1840,3,11.51,0.0,-0.259,0.186
1778049975.424031,beam,66.19,1829,3,9.92,0.0,-0.303,-0.375
1778049975.5407524,beam,66.08,1818,3,9.92,0.0,-0.261,0.365
1778049975.6497548,beam,65.97,1820,3,11.51,0.0,-0.286,-0.23
1778049975.7552953,beam,65.89,1828,3,11.51,0.0,-0.205,0.765
1778049975.8716831,beam,65.79,1816,3,9.52,0.0,-0.244,-0.332
1778049975.9893415,beam,65.68,1803,3,9.52,0.0,-0.27,-0.224
1778049976.105512,beam,65.55,1797,3,8.73,0.0,-0.307,-0.319
1778049976.2262285,beam,65.44,1788,3,8.73,0.0,-0.242,0.541
1778049976.3330479,beam,65.28,1784,3,8.73,0.0,-0.421,-1.673
1778049976.443818,beam,65.13,1779,3,8.73,0.0,-0.373,0.428
1778049976.5551522,beam,64.99,1776,3,8.73,0.0,-0.349,0.214
1778049976.6659267,beam,64.89,1773,3,8.73,0.0,-0.26,0.803
1778049976.7738051,beam,64.67,1769,3,8.73,0.0,-0.57,-2.874
1778049976.8810923,beam,64.48,1764,3,8.73,0.0,-0.477,0.872
1778049976.9882495,beam,64.32,1760,3,8.73,0.0,-0.422,0.513
1778049977.1092918,beam,64.14,1755,3,8.33,0.0,-0.403,0.155
1778049977.2153819,beam,63.92,1746,3,8.33,0.0,-0.582,-1.691
1778049977.322163,beam,63.73,1740,3,8.33,0.0,-0.505,0.721
1778049977.4411283,beam,63.51,1735,3,8.33,0.0,-0.5,0.044
1778049977.5506213,beam,63.36,1730,3,8.33,0.0,-0.378,1.117
1778049977.6757636,beam,63.09,1718,3,7.54,0.0,-0.601,-1.782
1778049977.782632,beam,62.88,1709,3,7.54,0.0,-0.561,0.372
1778049977.8888853,beam,62.68,1704,3,7.54,0.0,-0.523,0.36
1778049978.0072873,beam,62.4,1697,3,7.54,0.0,-0.646,-1.041
1778049978.114205,beam,62.18,1691,3,7.54,0.0,-0.583,0.589
1778049978.220811,beam,61.97,1691,3,8.73,0.0,-0.534,0.465
1778049978.3408513,beam,61.74,1692,3,8.73,0.0,-0.531,0.023
1778049978.4491024,beam,61.47,1687,3,8.73,0.0,-0.695,-1.511
1778049978.557933,beam,61.25,1682,3,7.54,0.0,-0.562,1.22
1778049978.6676114,beam,61.03,1666,3,7.54,0.0,-0.568,-0.058
1778049978.772782,beam,60.83,1656,3,7.54,0.0,-0.513,0.526
1778049978.8914685,beam,60.52,1648,3,7.54,0.0,-0.743,-1.941
1778049979.0090578,beam,60.23,1641,3,7.54,0.0,-0.671,0.611
1778049979.1147234,beam,60.01,1635,3,7.54,0.0,-0.597,0.703
1778049979.2222168,beam,59.8,1629,3,7.54,0.0,-0.528,0.644
1778049979.340788,beam,59.53,1622,3,7.54,0.0,-0.644,-0.979
1778049979.4469366,beam,59.24,1615,3,7.54,0.0,-0.742,-0.928
1778049979.5543556,beam,59.03,1609,3,7.54,0.0,-0.562,1.681
1778049979.6657119,beam,58.77,1603,3,8.33,0.0,-0.649,-0.78
1778049979.7742789,beam,58.5,1607,3,8.73,0.0,-0.673,-0.226
1778049979.8816042,beam,58.27,1605,3,9.52,0.0,-0.604,0.648
1778049979.9888759,beam,58.01,1607,3,9.52,0.0,-0.658,-0.504
1778049980.1094873,beam,57.79,1605,3,9.52,0.0,-0.509,1.237
1778049980.217281,beam,57.57,1601,3,9.92,0.0,-0.587,-0.729
1778049980.3223066,beam,57.33,1605,3,11.51,0.0,-0.618,-0.294
1778049980.4400384,beam,57.13,1615,3,11.51,0.0,-0.482,1.153
1778049980.5559103,beam,56.93,1616,3,11.51,0.0,-0.474,0.076
1778049980.669157,beam,56.7,1613,3,11.91,0.0,-0.569,-0.838
1778049980.7704182,beam,56.53,1617,3,13.49,0.0,-0.475,0.928
1778049980.8813345,beam,56.34,1638,3,15.08,0.0,-0.468,0.059
1778049980.9917765,beam,56.2,1652,3,14.29,0.0,-0.356,1.012
1778049981.099871,beam,56.03,1659,3,15.08,0.0,-0.419,-0.584
1778049981.224001,beam,55.87,1664,3,15.08,0.0,-0.372,0.382
1778049981.3320985,beam,55.71,1667,3,15.87,0.0,-0.402,-0.28
1778049981.440432,beam,55.53,1674,3,15.87,0.0,-0.469,-0.616
1778049981.5480917,beam,55.38,1675,3,15.87,0.0,-0.392,0.715
1778049981.6564026,beam,55.27,1674,3,15.87,0.0,-0.284,0.996
1778049981.7591665,beam,55.19,1672,3,15.87,0.0,-0.193,0.884
1778049981.86883,beam,55.05,1663,3,15.08,0.0,-0.366,-1.572
1778049981.9898636,beam,54.85,1653,3,15.08,0.0,-0.459,-0.772
1778049982.0994048,beam,54.66,1647,3,15.08,0.0,-0.48,-0.192
1778049982.221511,beam,54.52,1643,3,15.08,0.0,-0.323,1.285
1778049982.3298466,beam,54.39,1640,3,15.08,0.0,-0.333,-0.088
1778049982.439609,beam,54.22,1638,3,15.08,0.0,-0.427,-0.858
1778049982.5494354,beam,54.11,1635,3,15.08,0.0,-0.27,1.426
1778049982.6762655,beam,53.91,1632,3,15.08,0.0,-0.445,-1.379
1778049982.7854667,beam,53.77,1630,3,15.08,0.0,-0.356,0.816
1778049982.9069164,beam,53.62,1627,3,15.08,0.0,-0.338,0.151
1778049983.015949,beam,53.5,1624,3,15.08,0.0,-0.311,0.247
1778049983.1366405,beam,53.3,1621,3,15.08,0.0,-0.452,-1.17
1778049983.2481842,beam,53.17,1619,3,15.08,0.0,-0.339,1.012
1778049983.3566785,beam,53.07,1616,3,15.08,0.0,-0.263,0.704
1778049983.4652216,beam,52.89,1614,3,15.08,0.0,-0.436,-1.596
1778049983.5878866,beam,52.73,1617,3,15.87,0.0,-0.369,0.547
1778049983.690617,beam,52.63,1622,3,15.87,0.0,-0.276,0.905
1778049983.7982085,beam,52.53,1619,3,15.08,0.0,-0.247,0.266
1778049983.8983886,beam,52.42,1615,3,15.08,0.0,-0.324,-0.762
1778049984.0214486,beam,52.27,1620,3,17.46,0.0,-0.343,-0.159
1778049984.1413095,beam,52.15,1653,3,19.44,0.0,-0.277,0.553
1778049984.2511168,beam,52.08,1694,3,21.83,0.0,-0.175,0.926
1778049984.3703012,beam,52.03,1745,3,22.62,0.0,-0.115,0.507
1778049984.481093,beam,51.98,1771,3,22.62,0.0,-0.112,0.025
1778049984.588074,beam,51.98,1784,3,22.62,0.0,-0.005,0.997
1778049984.7002096,beam,51.97,1789,3,22.62,0.0,-0.017,-0.103
1778049984.8065932,beam,51.97,1789,3,21.83,0.0,-0.002,0.137
1778049984.9125445,beam,51.94,1782,3,21.83,0.0,-0.089,-0.816
1778049985.0181954,beam,51.9,1778,3,21.83,0.0,-0.09,-0.016
1778049985.1377661,beam,51.9,1775,3,21.83,0.0,-0.017,0.616
1778049985.2545412,beam,51.9,1774,3,21.83,0.0,0.008,0.214
1778049985.3716881,beam,51.88,1774,3,21.83,0.0,-0.057,-0.557
1778049985.4891217,beam,51.88,1773,3,21.83,0.0,-0.002,0.467
1778049985.6062117,beam,51.86,1773,3,21.83,0.0,-0.038,-0.305
1778049985.7195702,beam,51.87,1773,3,22.62,0.0,0.016,0.477
1778049985.8409557,beam,51.89,1781,3,22.62,0.0,0.046,0.242
1778049985.9454393,beam,51.89,1787,3,22.62,0.0,0.004,-0.402
1778049986.0508764,beam,51.89,1790,3,22.62,0.0,-0.001,-0.044
1778049986.170006,beam,51.92,1792,3,22.62,0.0,0.069,0.591
1778049986.2893014,beam,51.95,1793,3,22.62,0.0,0.065,-0.041
1778049986.395934,beam,51.98,1794,3,22.62,0.0,0.083,0.171
1778049986.5027397,beam,51.96,1796,3,23.02,0.0,-0.044,-1.191
1778049986.614246,beam,52.01,1807,3,25.0,0.0,0.123,1.503
1778049986.7366455,beam,52.09,1830,3,25.4,0.0,0.171,0.39
1778049986.853695,beam,52.16,1848,3,26.19,0.0,0.168,-0.03
1778049986.969881,beam,52.21,1867,3,26.59,0.0,0.134,-0.288
1778049987.0871062,beam,52.27,1882,3,26.98,0.0,0.128,-0.053
1778049987.2032964,beam,52.39,1892,3,26.59,0.0,0.287,1.369
1778049987.321166,beam,52.53,1894,3,26.59,0.0,0.338,0.433
1778049987.4389598,beam,52.62,1891,3,25.4,0.0,0.217,-1.028
1778049987.5542376,beam,52.69,1880,3,25.4,0.0,0.175,-0.364
1778049987.6713347,beam,52.78,1874,3,25.4,0.0,0.197,0.186
1778049987.7820992,beam,52.88,1872,3,25.4,0.0,0.25,0.48
1778049987.9019601,beam,53.0,1872,3,25.4,0.0,0.297,0.396
1778049988.0187235,beam,53.08,1872,3,25.4,0.0,0.177,-1.028
1778049988.1338382,beam,53.18,1873,3,25.4,0.0,0.24,0.541
1778049988.2384098,beam,53.28,1874,3,25.4,0.0,0.264,0.237
1778049988.3549376,beam,53.41,1875,3,25.4,0.0,0.309,0.384
1778049988.4624026,beam,53.51,1878,3,26.59,0.0,0.261,-0.445
1778049988.5713847,beam,53.59,1890,3,26.98,0.0,0.21,-0.468
1778049988.6903644,beam,53.76,1900,3,26.98,0.0,0.397,1.568
1778049988.7995756,beam,53.9,1908,3,26.98,0.0,0.351,-0.418
1778049988.9186423,beam,54.01,1919,3,27.78,0.0,0.256,-0.801
1778049989.0381238,beam,54.17,1929,3,27.78,0.0,0.364,0.909
1778049989.144682,beam,54.31,1934,3,27.78,0.0,0.376,0.106
1778049989.2524178,beam,54.4,1937,3,27.78,0.0,0.242,-1.235
1778049989.3706968,beam,54.68,1937,3,26.98,0.0,0.641,3.369
1778049989.485243,beam,54.77,1939,3,27.78,0.0,0.221,-3.669
1778049989.6053846,beam,54.89,1945,3,28.97,0.0,0.282,0.507
1778049989.7106664,beam,55.15,1960,3,29.36,0.0,0.679,3.775
1778049989.8218153,beam,55.36,1977,3,30.55,0.0,0.52,-1.429
1778049989.9376395,beam,55.51,2003,3,32.94,0.0,0.371,-1.287
1778049990.0544782,beam,55.7,2031,3,33.33,0.0,0.447,0.653
1778049990.1716206,beam,56.06,2051,3,33.73,0.0,0.87,3.607
1778049990.287101,beam,56.35,2064,3,33.73,0.0,0.678,-1.659
1778049990.4016497,beam,56.62,2072,3,33.73,0.0,0.671,-0.063
1778049990.516839,beam,56.83,2077,3,33.73,0.0,0.492,-1.554
1778049990.6276412,beam,57.06,2080,3,33.73,0.0,0.591,0.893
1778049990.7369618,beam,57.44,2079,3,32.14,0.0,0.959,3.365
1778049990.8547118,beam,57.74,2072,3,32.14,0.0,0.699,-2.205
1778049990.968769,beam,58.04,2059,3,30.55,0.0,0.727,0.238
1778049991.0848544,beam,58.29,2046,3,30.55,0.0,0.607,-1.028
1778049991.1869566,beam,58.56,2042,3,30.55,0.0,0.745,1.353
1778049991.2997777,beam,58.95,2042,3,30.55,0.0,0.946,1.775
1778049991.4040842,beam,59.18,2043,3,30.55,0.0,0.606,-3.252
1778049991.5169895,beam,59.43,2046,3,30.55,0.0,0.638,0.276
1778049991.6216588,beam,59.74,2049,3,30.55,0.0,0.818,1.725
1778049991.740271,beam,60.06,2052,3,30.55,0.0,0.744,-0.624
1778049991.846574,beam,60.35,2057,3,31.35,0.0,0.754,0.093
1778049991.9518456,beam,60.63,2066,3,31.35,0.0,0.737,-0.164
1778049992.0710323,beam,60.96,2073,3,32.14,0.0,0.761,0.2
1778049992.1877098,beam,61.33,2086,3,32.14,0.0,0.887,1.086
1778049992.2959733,beam,61.64,2094,3,32.14,0.0,0.812,-0.699
1778049992.3999994,beam,61.91,2095,3,31.74,0.0,0.711,-0.968
1778049992.5175667,beam,62.29,2101,3,32.54,0.0,0.885,1.485
1778049992.6214435,beam,62.61,2107,3,31.74,0.0,0.857,-0.271
1778049992.7275712,beam,62.93,2109,3,31.74,0.0,0.856,-0.016
1778049992.8373609,beam,63.22,2112,3,31.74,0.0,0.739,-1.058
1778049992.9524696,beam,63.62,2116,3,31.74,0.0,0.942,1.756
1778049993.0663257,beam,64.01,2121,3,31.74,0.0,0.956,0.124
1778049993.171259,beam,64.29,2125,3,31.74,0.0,0.763,-1.837
1778049993.2864215,beam,64.66,2129,3,31.74,0.0,0.872,0.946
1778049993.40218,beam,65.04,2134,3,31.74,0.0,0.931,0.509
1778049993.5170467,beam,65.38,2139,3,31.74,0.0,0.818,-0.982
1778049993.6338189,beam,65.73,2144,3,31.74,0.0,0.825,0.061
1778049993.7373133,beam,66.08,2149,3,31.74,0.0,0.941,1.117
1778049993.844082,beam,66.45,2154,3,32.54,0.0,0.959,0.171
1778049993.9505084,beam,66.77,2165,3,31.74,0.0,0.833,-1.184
1778049994.0542905,beam,67.09,2168,3,31.74,0.0,0.873,0.385
1778049994.1690965,beam,67.47,2170,3,31.74,0.0,0.899,0.224
1778049994.2839155,beam,67.86,2175,3,31.74,0.0,0.961,0.544
1778049994.403518,beam,68.2,2180,3,31.74,0.0,0.794,-1.398
1778049994.5200856,beam,68.59,2187,3,32.14,0.0,0.912,1.013
1778049994.6368842,beam,68.99,2196,3,32.54,0.0,0.963,0.439
1778049994.7437992,beam,69.31,2204,3,32.54,0.0,0.833,-1.222
1778049994.844835,beam,69.62,2212,3,32.54,0.0,0.835,0.028
1778049994.950581,beam,69.98,2218,3,32.54,0.0,0.949,1.075
1778049995.0680177,beam,70.39,2225,3,32.54,0.0,0.985,0.304
1778049995.1851032,beam,70.74,2231,3,32.14,0.0,0.827,-1.348
1778049995.3009372,beam,71.2,2234,3,32.14,0.0,1.106,2.411
1778049995.4048295,beam,71.53,2238,3,31.74,0.0,0.862,-2.355
1778049995.5091422,beam,71.84,2241,3,32.14,0.0,0.825,-0.354
1778049995.6152053,beam,72.18,2247,3,32.14,0.0,0.897,0.681
1778049995.7161276,beam,72.52,2254,3,31.74,0.0,0.941,0.437
1778049995.8360739,beam,72.91,2258,3,31.74,0.0,0.911,-0.249
1778049995.9491587,beam,73.26,2263,3,31.74,0.0,0.857,-0.481
1778049996.0652602,beam,73.63,2269,3,31.74,0.0,0.885,0.244
1778049996.1699467,beam,73.94,2275,3,31.74,0.0,0.828,-0.542
1778049996.2865148,beam,74.34,2281,3,31.74,0.0,0.941,0.97
1778049996.3967543,beam,74.54,2287,3,31.74,0.0,0.514,-3.873
1778049996.5016203,beam,74.85,2293,3,31.74,0.0,0.815,2.864
1778049996.616433,beam,75.4,2300,3,31.74,0.0,1.34,4.574
1778049996.720234,beam,75.67,2306,3,31.74,0.0,0.723,-5.943
1778049996.8290913,beam,75.97,2312,3,31.74,0.0,0.742,0.18
1778049996.9322157,beam,76.25,2318,3,31.74,0.0,0.771,0.277
1778049997.0367844,beam,76.73,2325,3,31.74,0.0,1.272,4.788
1778049997.1430035,beam,76.96,2331,3,31.74,0.0,0.603,-6.291
1778049997.245139,beam,77.25,2337,3,31.74,0.0,0.788,1.805
1778049997.3467777,beam,77.67,2343,3,31.74,0.0,1.153,3.593
1778049997.4689982,beam,78.1,2350,3,31.74,0.0,0.978,-1.429
1778049997.5790238,beam,78.3,2357,3,31.74,0.0,0.507,-4.281
1778049997.6805537,beam,78.59,2363,3,31.74,0.0,0.77,2.588
1778049997.784037,beam,78.92,2369,3,31.74,0.0,0.891,1.172
1778049997.886112,beam,79.1,2374,3,31.74,0.0,0.493,-3.899
1778049997.9999862,beam,79.38,2380,3,31.74,0.0,0.696,1.781
1778049998.1020818,beam,79.68,2386,3,31.74,0.0,0.801,1.023
1778049998.2036467,beam,80.12,2392,3,31.74,0.0,1.197,3.902
1778049998.3142035,beam,80.42,2398,3,31.74,0.0,0.754,-4.008
1778049998.4148402,beam,80.55,2404,3,31.74,0.0,0.36,-3.909
1778049998.536566,beam,80.85,2410,3,31.74,0.0,0.701,2.799
1778049998.6494591,beam,81.18,2416,3,31.74,0.0,0.794,0.826
1778049998.7514043,beam,81.47,2421,3,31.74,0.0,0.806,0.118
1778049998.8679216,beam,81.68,2427,3,31.74,0.0,0.501,-2.619
1778049998.9816258,beam,82.03,2433,3,31.74,0.0,0.849,3.063
1778049999.0838604,beam,82.29,2439,3,31.74,0.0,0.706,-1.399
1778049999.1858437,beam,82.49,2446,3,32.14,0.0,0.552,-1.515
1778049999.3022728,beam,82.76,2453,3,32.14,0.0,0.633,0.694
1778049999.416458,beam,83.03,2459,3,32.14,0.0,0.662,0.259
1778049999.517773,beam,83.26,2464,3,32.54,0.0,0.639,-0.228
1778049999.633787,beam,83.54,2473,3,32.54,0.0,0.664,0.211
1778049999.7344677,beam,83.78,2478,3,32.14,0.0,0.669,0.052
1778049999.8521812,beam,83.99,2481,3,32.14,0.0,0.481,-1.594
1778049999.9678984,beam,84.22,2486,3,32.14,0.0,0.565,0.725
1778050000.078124,beam,84.46,2491,3,32.14,0.0,0.596,0.273
1778050000.1783698,beam,84.64,2495,3,32.14,0.0,0.496,-0.997
1778050000.2984564,beam,84.89,2500,3,32.14,0.0,0.584,0.739
1778050000.4013317,beam,85.1,2505,3,32.14,0.0,0.562,-0.215
1778050000.512427,beam,85.27,2508,3,32.14,0.0,0.423,-1.257
1778050000.6174104,beam,85.47,2513,3,32.14,0.0,0.542,1.142
1778050000.7310963,beam,85.61,2517,3,32.14,0.0,0.335,-1.821
1778050000.8493872,beam,85.76,2520,3,32.14,0.0,0.343,0.065
1778050000.9511137,beam,85.95,2523,3,32.14,0.0,0.514,1.68
1778050001.0647867,beam,86.06,2527,3,32.14,0.0,0.281,-2.049
1778050001.1656883,beam,86.21,2530,3,32.14,0.0,0.425,1.423
1778050001.2754653,beam,86.4,2534,3,32.14,0.0,0.475,0.455
1778050001.3853252,beam,86.47,2536,3,32.14,0.0,0.175,-2.726
1778050001.4956307,beam,86.58,2538,3,32.14,0.0,0.282,0.965
1778050001.617315,beam,86.72,2542,3,32.14,0.0,0.312,0.248
1778050001.717547,beam,86.75,2543,3,32.14,0.0,0.073,-2.384
1778050001.8336647,beam,86.84,2545,3,32.14,0.0,0.228,1.337
1778050001.9364896,beam,86.91,2547,3,32.14,0.0,0.192,-0.349
1778050002.047201,beam,86.94,2547,3,32.14,0.0,0.063,-1.169
1778050002.1678495,beam,87.03,2547,3,31.74,0.0,0.221,1.311
1778050002.2771451,beam,87.06,2547,3,31.74,0.0,0.068,-1.4
1778050002.3778954,beam,87.1,2548,3,31.74,0.0,0.116,0.483
1778050002.4976885,beam,87.14,2548,3,31.74,0.0,0.08,-0.307
1778050002.5990787,beam,87.17,2549,3,31.74,0.0,0.093,0.131
1778050002.7007926,beam,87.22,2550,3,31.74,0.0,0.121,0.277
1778050002.8033984,beam,87.27,2551,3,31.74,0.0,0.153,0.308
1778050002.9172347,beam,87.29,2552,3,31.74,0.0,0.041,-0.984
1778050003.0249944,beam,87.31,2552,3,31.74,0.0,0.052,0.1
1778050003.1340315,beam,87.34,2553,3,31.74,0.0,0.087,0.326
1778050003.2418017,beam,87.37,2553,3,31.74,0.0,0.071,-0.151
1778050003.3470936,beam,87.38,2554,3,31.74,0.0,0.02,-0.48
1778050003.464245,beam,87.41,2554,3,31.74,0.0,0.079,0.498
1778050003.5792503,beam,87.4,2554,3,31.74,0.0,-0.034,-0.976
1778050003.6838882,beam,87.4,2554,3,31.74,0.0,0.003,0.35
1778050003.8051326,beam,87.38,2554,3,31.74,0.0,-0.039,-0.346
1778050003.9116395,beam,87.39,2554,3,31.74,0.0,0.022,0.571
1778050004.0285282,beam,87.39,2553,3,31.35,0.0,-0.001,-0.195
1778050004.1470633,beam,87.35,2550,3,31.35,0.0,-0.086,-0.723
1778050004.2635055,beam,87.34,2549,3,31.35,0.0,-0.025,0.524
1778050004.3816147,beam,87.32,2549,3,31.35,0.0,-0.041,-0.131
1778050004.498538,beam,87.26,2548,3,31.35,0.0,-0.157,-0.99
1778050004.6151032,beam,87.26,2548,3,31.35,0.0,-0.001,1.332
1778050004.7334168,beam,87.19,2547,3,31.35,0.0,-0.155,-1.301
1778050004.8340166,beam,87.14,2546,3,31.35,0.0,-0.136,0.194
1778050004.9485772,beam,87.13,2545,3,31.35,0.0,-0.023,0.986
1778050005.0641718,beam,87.07,2544,3,31.35,0.0,-0.145,-1.055
1778050005.1811786,beam,87.04,2543,3,31.35,0.0,-0.084,0.518
1778050005.2970583,beam,86.99,2542,3,31.35,0.0,-0.114,-0.254
1778050005.4132404,beam,86.93,2541,3,31.35,0.0,-0.133,-0.169
1778050005.5284266,beam,86.89,2540,3,31.35,0.0,-0.119,0.121
1778050005.6465142,beam,86.83,2539,3,31.35,0.0,-0.126,-0.06
1778050005.746953,beam,86.8,2538,3,31.35,0.0,-0.085,0.415
1778050005.848515,beam,86.75,2537,3,31.35,0.0,-0.151,-0.653
1778050005.9663618,beam,86.71,2536,3,31.35,0.0,-0.079,0.607
1778050006.0750616,beam,86.68,2536,3,31.35,0.0,-0.08,-0.009
1778050006.184287,beam,86.62,2534,3,31.35,0.0,-0.154,-0.675
1778050006.2924848,beam,86.59,2533,3,31.35,0.0,-0.089,0.605
1778050006.3980863,beam,86.56,2533,3,31.35,0.0,-0.057,0.303
1778050006.4981036,beam,86.54,2532,3,31.35,0.0,-0.077,-0.207
1778050006.599186,beam,86.53,2532,3,31.35,0.0,-0.006,0.711
1778050006.7003305,beam,86.52,2531,3,31.35,0.0,-0.05,-0.442
1778050006.8112915,beam,86.47,2530,3,31.35,0.0,-0.121,-0.641
1778050006.928234,beam,86.48,2530,3,31.35,0.0,0.028,1.276
1778050007.0297735,beam,86.46,2530,3,31.35,0.0,-0.062,-0.879
1778050007.139753,beam,86.43,2529,3,31.35,0.0,-0.059,0.024
1778050007.2397597,beam,86.46,2529,3,31.35,0.0,0.071,1.301
1778050007.341119,beam,86.44,2529,3,31.35,0.0,-0.048,-1.175
1778050007.4447374,beam,86.41,2528,3,31.35,0.0,-0.077,-0.281
1778050007.545622,beam,86.44,2529,3,31.35,0.0,0.066,1.416
1778050007.6473334,beam,86.43,2529,3,31.35,0.0,-0.03,-0.941
1778050007.7474227,beam,86.43,2529,3,31.35,0.0,0.003,0.33
1778050007.8660069,beam,86.45,2529,3,31.35,0.0,0.056,0.444
1778050007.9806926,beam,86.46,2530,3,31.35,0.0,0.016,-0.348
1778050008.083693,beam,86.48,2530,3,31.35,0.0,0.049,0.323
1778050008.1979215,beam,86.51,2530,3,31.35,0.0,0.089,0.354
1778050008.3004112,beam,86.53,2531,3,31.35,0.0,0.061,-0.281
1778050008.4143727,beam,86.55,2531,3,31.35,0.0,0.048,-0.108
1778050008.5158098,beam,86.6,2532,3,31.35,0.0,0.123,0.739
1778050008.616991,beam,86.63,2533,3,31.35,0.0,0.074,-0.484
1778050008.7303772,beam,86.68,2533,3,31.35,0.0,0.139,0.573
1778050008.8316338,beam,86.72,2534,3,31.35,0.0,0.113,-0.259
1778050008.9422376,beam,86.75,2535,3,31.35,0.0,0.074,-0.355
1778050009.062632,beam,86.83,2536,3,31.35,0.0,0.176,0.846
1778050009.173943,beam,86.89,2538,3,31.35,0.0,0.161,-0.13
1778050009.2758625,beam,86.92,2538,3,31.35,0.0,0.07,-0.895
1778050009.3800008,beam,86.98,2536,3,30.55,0.0,0.171,0.972
1778050009.4860225,beam,87.0,2535,3,30.55,0.0,0.052,-1.128
1778050009.5984986,beam,87.06,2535,3,30.55,0.0,0.145,0.826
1778050009.7160232,beam,87.14,2536,3,30.55,0.0,0.188,0.366
1778050009.833988,beam,87.18,2538,3,30.55,0.0,0.09,-0.829
1778050009.9476717,beam,87.22,2539,3,30.55,0.0,0.096,0.056
1778050010.063655,beam,87.27,2540,3,30.55,0.0,0.13,0.296
1778050010.1656926,beam,87.32,2540,3,30.55,0.0,0.12,-0.101
1778050010.2660637,beam,87.35,2541,3,30.55,0.0,0.091,-0.291
1778050010.3805735,beam,87.39,2542,3,30.55,0.0,0.092,0.011
1778050010.4898803,beam,87.44,2543,3,30.55,0.0,0.119,0.247
1778050010.6122313,beam,87.47,2544,3,30.55,0.0,0.078,-0.34
1778050010.7314022,beam,87.5,2545,3,30.55,0.0,0.066,-0.102
1778050010.8401015,beam,87.53,2546,3,30.55,0.0,0.085,0.181
1778050010.9441423,beam,87.58,2547,3,30.55,0.0,0.124,0.372
1778050011.0484428,beam,87.59,2547,3,30.55,0.0,0.036,-0.846
1778050011.1501722,beam,87.63,2548,3,30.55,0.0,0.098,0.616
1778050011.2652907,beam,87.67,2549,3,30.55,0.0,0.109,0.095
1778050011.3780055,beam,87.72,2550,3,29.76,0.0,0.117,0.072
1778050011.4807372,beam,87.74,2537,3,26.59,0.0,0.045,-0.701
1778050011.5830636,beam,87.72,2520,3,26.19,0.0,-0.037,-0.8
1778050011.696232,beam,87.74,2514,3,26.19,0.0,0.046,0.727
1778050011.7970893,beam,87.74,2512,3,26.19,0.0,-0.003,-0.478
1778050011.9130995,beam,87.73,2512,3,26.59,0.0,-0.037,-0.301
1778050012.01424,beam,87.73,2516,3,26.98,0.0,0.015,0.521
1778050012.116514,beam,87.73,2517,3,26.59,0.0,0.008,-0.067
1778050012.2294297,beam,87.72,2515,3,26.19,0.0,-0.033,-0.366
1778050012.3458076,beam,87.73,2514,3,26.59,0.0,0.01,0.369
1778050012.4494479,beam,87.71,2515,3,26.59,0.0,-0.039,-0.476
1778050012.563348,beam,87.71,2515,3,26.59,0.0,0.002,0.363
1778050012.6783214,beam,87.71,2515,3,26.59,0.0,-0.011,-0.116
1778050012.795577,beam,87.69,2515,3,26.59,0.0,-0.045,-0.289
1778050012.9146724,beam,87.69,2516,3,26.98,0.0,0.01,0.467
1778050013.0316145,beam,87.71,2518,3,26.98,0.0,0.048,0.325
1778050013.146373,beam,87.74,2518,3,27.78,0.0,0.057,0.071
1778050013.263687,beam,87.75,2521,3,26.98,0.0,0.044,-0.104
1778050013.3783772,beam,87.73,2523,3,26.98,0.0,-0.064,-0.943
1778050013.4816623,beam,87.7,2520,3,26.98,0.0,-0.078,-0.142
1778050013.5965722,beam,87.68,2518,3,26.98,0.0,-0.04,0.336
1778050013.6973443,beam,87.65,2518,3,26.98,0.0,-0.079,-0.387
1778050013.8080251,beam,87.61,2516,3,26.98,0.0,-0.107,-0.256
1778050013.9161928,beam,87.62,2516,3,26.98,0.0,0.014,1.12
1778050014.0231247,beam,87.61,2516,3,26.98,0.0,-0.029,-0.405
1778050014.1276882,beam,87.6,2518,3,26.98,0.0,-0.023,0.064
1778050014.230539,beam,87.59,2519,3,26.98,0.0,-0.018,0.048
1778050014.3478293,beam,87.59,2517,3,26.98,0.0,0.004,0.187
1778050014.464289,beam,87.6,2515,3,26.98,0.0,0.008,0.029
1778050014.5734453,beam,87.58,2518,3,27.78,0.0,-0.043,-0.463
1778050014.6818438,beam,87.59,2519,3,26.98,0.0,0.031,0.679
1778050014.7963636,beam,87.64,2515,3,26.98,0.0,0.129,0.856
1778050014.8978362,beam,87.47,2513,3,26.98,0.0,-0.483,-6.024
1778050015.009789,beam,87.39,2512,3,27.78,0.0,-0.193,2.585
1778050015.1354272,beam,87.42,2512,3,26.98,0.0,0.067,2.074
1778050015.2427351,beam,87.45,2511,3,28.17,0.0,0.076,0.075
1778050015.3463836,beam,87.46,2514,3,26.98,0.0,0.017,-0.566
1778050015.4471095,beam,87.48,2514,3,27.78,0.0,0.059,0.414
1778050015.5479553,beam,87.47,2513,3,26.98,0.0,-0.025,-0.832
1778050015.6662412,beam,87.46,2513,3,26.98,0.0,-0.007,0.154
1778050015.7732983,beam,87.45,2512,3,26.98,0.0,-0.032,-0.234
1778050015.8874784,beam,87.46,2512,3,26.98,0.0,0.014,0.405
1778050015.9941828,beam,87.45,2512,3,26.98,0.0,-0.026,-0.375
1778050016.1108649,beam,87.47,2512,3,26.98,0.0,0.06,0.737
1778050016.212895,beam,87.46,2512,3,26.98,0.0,-0.047,-1.052
1778050016.3244748,beam,87.45,2512,3,26.98,0.0,-0.01,0.335
1778050016.4311094,beam,87.45,2512,3,26.98,0.0,-0.008,0.014
1778050016.5391738,beam,87.44,2512,3,26.98,0.0,-0.022,-0.124
1778050016.6605074,beam,87.45,2512,3,26.98,0.0,0.011,0.272
1778050016.7791193,beam,87.43,2512,3,26.98,0.0,-0.032,-0.366
1778050016.8958378,beam,87.45,2512,3,26.98,0.0,0.034,0.563
1778050017.014116,beam,87.45,2512,3,26.98,0.0,0.002,-0.266
1778050017.1274548,beam,87.44,2512,3,26.98,0.0,-0.012,-0.122
1778050017.230818,beam,87.43,2512,3,26.98,0.0,-0.038,-0.26
1778050017.343851,beam,87.43,2512,3,26.98,0.0,0.007,0.401
1778050017.4458485,beam,87.42,2512,3,26.98,0.0,-0.031,-0.374
1778050017.5616176,beam,87.42,2511,3,26.98,0.0,0.011,0.368
1778050017.6643264,beam,87.42,2510,3,26.59,0.0,-0.022,-0.327
1778050017.7727842,beam,87.4,2508,3,26.59,0.0,-0.045,-0.211
1778050017.8795552,beam,87.4,2510,3,26.98,0.0,0.003,0.453
1778050017.9894702,beam,87.39,2511,3,26.98,0.0,-0.014,-0.158
1778050018.0957618,beam,87.41,2511,3,26.98,0.0,0.036,0.474
1778050018.2115297,beam,87.41,2509,3,26.59,0.0,0.009,-0.239
1778050018.3271995,beam,87.41,2508,3,26.59,0.0,-0.009,-0.155
1778050018.4299865,beam,87.38,2507,3,26.59,0.0,-0.086,-0.741
1778050018.5453515,beam,87.36,2509,3,26.98,0.0,-0.032,0.468
1778050018.6508818,beam,87.37,2510,3,26.98,0.0,0.023,0.517
1778050018.7646499,beam,87.35,2511,3,26.98,0.0,-0.042,-0.571
1778050018.8808694,beam,87.35,2510,3,26.98,0.0,-0.008,0.296
1778050018.9874315,beam,87.35,2510,3,26.98,0.0,-0.01,-0.022
1778050019.0882542,beam,87.35,2510,3,26.98,0.0,-0.003,0.065
1778050019.1926882,beam,87.35,2510,3,26.98,0.0,0.003,0.06
1778050019.2981453,beam,87.34,2510,3,26.98,0.0,-0.014,-0.156
1778050019.4150589,beam,87.35,2510,3,26.98,0.0,0.019,0.279
1778050019.5215383,beam,87.35,2510,3,26.98,0.0,-0.011,-0.28
1778050019.6307755,beam,87.34,2510,3,26.98,0.0,-0.01,0.007
1778050019.7406414,beam,87.34,2510,3,26.98,0.0,0.005,0.137
1778050019.840829,beam,87.36,2510,3,26.98,0.0,0.048,0.428
1778050019.9630547,beam,87.35,2510,3,26.98,0.0,-0.031,-0.645
1778050020.0705862,beam,87.34,2510,3,26.98,0.0,-0.008,0.216
1778050020.1755466,beam,87.35,2510,3,26.98,0.0,0.019,0.257
1778050020.2795377,beam,87.35,2510,3,26.98,0.0,-0.001,-0.19
1778050020.3963604,beam,87.34,2510,3,26.98,0.0,-0.037,-0.309
1778050020.5112967,beam,87.33,2510,3,26.98,0.0,-0.008,0.25
1778050020.6295974,beam,87.33,2510,3,26.98,0.0,-0.012,-0.033
1778050020.738172,beam,87.33,2510,3,26.98,0.0,-0.002,0.091
1778050020.8412633,beam,87.32,2509,3,26.98,0.0,-0.029,-0.258
1778050020.9478493,beam,87.33,2509,3,26.98,0.0,0.039,0.632
1778050021.0618997,beam,87.32,2509,3,26.98,0.0,-0.036,-0.654
1778050021.1641297,beam,87.3,2509,3,26.98,0.0,-0.039,-0.033
1778050021.2759593,beam,87.31,2509,3,26.98,0.0,0.016,0.494
1778050021.3776267,beam,87.32,2509,3,26.98,0.0,0.031,0.15
1778050021.4780385,beam,87.31,2509,3,26.98,0.0,-0.019,-0.503
1778050021.5792084,beam,87.3,2509,3,26.98,0.0,-0.026,-0.066
1778050021.6794355,beam,87.31,2509,3,26.98,0.0,0.025,0.502
1778050021.7940583,beam,87.3,2509,3,26.98,0.0,-0.036,-0.524
1778050021.9095194,beam,87.3,2509,3,26.98,0.0,0.007,0.37
1778050022.0117276,beam,87.3,2509,3,26.98,0.0,0.007,-0.003
1778050022.128473,beam,87.31,2509,3,26.98,0.0,0.021,0.125
1778050022.2444468,beam,87.32,2509,3,26.98,0.0,0.018,-0.03
1778050022.3559587,beam,87.3,2509,3,26.98,0.0,-0.046,-0.57
1778050022.4575675,beam,87.3,2509,3,26.98,0.0,-0.007,0.382
1778050022.5577595,beam,87.31,2509,3,26.98,0.0,0.027,0.333
1778050022.6593866,beam,87.29,2509,3,26.98,0.0,-0.04,-0.658
1778050022.7790663,beam,87.29,2509,3,26.98,0.0,-0.002,0.321
1778050022.8833132,beam,87.29,2509,3,26.98,0.0,-0.004,-0.02
1778050022.9911604,beam,87.29,2509,3,26.98,0.0,-0.016,-0.109
1778050023.0937562,beam,87.28,2509,3,26.98,0.0,-0.001,0.144
1778050023.1940923,beam,87.3,2509,3,26.98,0.0,0.055,0.557
1778050023.294964,beam,87.29,2509,3,26.98,0.0,-0.034,-0.885
1778050023.3954458,beam,87.28,2509,3,26.98,0.0,-0.026,0.086
1778050023.495727,beam,87.29,2509,3,26.98,0.0,0.028,0.536
1778050023.610249,beam,87.29,2509,3,26.98,0.0,-0.001,-0.25
1778050023.7287674,beam,87.29,2509,3,26.98,0.0,-0.002,-0.016
1778050023.838941,beam,87.3,2509,3,26.98,0.0,0.02,0.204
1778050023.9443233,beam,87.28,2509,3,26.98,0.0,-0.043,-0.595
1778050024.0609045,beam,87.29,2509,3,26.98,0.0,0.02,0.538
1778050024.1625562,beam,87.3,2509,3,26.98,0.0,0.026,0.06
1778050024.2767599,beam,87.31,2508,3,26.59,0.0,0.018,-0.073
1778050024.3802044,beam,87.29,2506,3,26.59,0.0,-0.054,-0.698
1778050024.4954314,beam,87.3,2507,3,26.98,0.0,0.033,0.761
1778050024.6120417,beam,87.31,2509,3,26.98,0.0,0.011,-0.189
1778050024.725385,beam,87.31,2509,3,26.98,0.0,0.006,-0.051
1778050024.828026,beam,87.3,2509,3,26.98,0.0,-0.037,-0.41
1778050024.9479814,beam,87.3,2509,3,26.98,0.0,0.014,0.419
1778050025.0542796,beam,87.3,2509,3,26.98,0.0,0.006,-0.075
1778050025.1591668,beam,87.32,2510,3,26.98,0.0,0.04,0.326
1778050025.2594736,beam,87.46,2510,3,26.98,0.0,0.381,3.404
1778050025.3734624,beam,87.14,2518,3,26.98,0.0,-0.772,-10.123
1778050025.475328,beam,87.27,2510,3,26.98,0.0,0.363,11.151
1778050025.5980291,beam,87.53,2513,3,26.98,0.0,0.585,1.809
1778050025.7082052,beam,87.62,2516,3,26.98,0.0,0.211,-3.402
1778050025.82344,beam,87.58,2516,3,26.98,0.0,-0.082,-2.537
1778050025.9483209,beam,87.53,2515,3,26.98,0.0,-0.106,-0.194
1778050026.0606132,beam,87.54,2515,3,26.98,0.0,0.012,1.052
1778050026.172191,beam,87.58,2515,3,26.98,0.0,0.098,0.768
1778050026.2921782,beam,87.63,2516,3,26.98,0.0,0.125,0.229
1778050026.4118328,beam,87.67,2517,3,26.98,0.0,0.084,-0.344
1778050026.512057,beam,87.76,2519,3,26.98,0.0,0.259,1.746
1778050026.623771,beam,87.91,2522,3,26.98,0.0,0.361,0.909
1778050026.7249534,beam,87.99,2524,3,26.98,0.0,0.234,-1.256
1778050026.8268077,beam,88.0,2525,3,26.98,0.0,0.023,-2.07
1778050026.949879,beam,87.94,2525,3,26.98,0.0,-0.14,-1.326
1778050027.0618742,beam,87.83,2522,3,26.98,0.0,-0.269,-1.148
1778050027.172088,beam,87.79,2520,3,26.98,0.0,-0.105,1.49
1778050027.278508,beam,87.79,2520,3,26.98,0.0,0.009,1.065
1778050027.3791647,beam,87.83,2519,3,24.21,0.0,0.093,0.842
1778050027.4903069,beam,87.83,2494,3,22.62,0.0,0.019,-0.67
1778050027.611324,beam,87.77,2484,3,22.62,0.0,-0.142,-1.327
1778050027.7177696,beam,87.73,2473,3,18.25,0.0,-0.104,0.356
1778050027.828088,beam,87.6,2414,3,5.56,0.0,-0.335,-2.097
1778050027.9408193,beam,87.3,2317,3,0.0,0.0,-0.739,-3.587
1778050028.0445364,beam,86.98,2271,3,0.0,0.0,-0.848,-1.048
1778050028.153587,beam,86.63,2253,3,0.0,0.0,-0.888,-0.37
1778050028.275801,beam,86.29,2242,3,0.0,0.0,-0.779,0.896
1778050028.3940814,beam,85.94,2232,3,0.0,0.0,-0.833,-0.455
1778050028.496036,beam,85.64,2223,3,0.0,0.0,-0.804,0.283
1778050028.6054354,beam,85.31,2213,3,0.0,0.0,-0.843,-0.36
1778050028.7262306,beam,84.93,2202,3,0.0,0.0,-0.874,-0.252
1778050028.837679,beam,84.6,2192,3,0.0,0.0,-0.818,0.5
1778050028.944107,beam,84.26,2183,3,0.0,0.0,-0.889,-0.664
1778050029.052522,beam,83.94,2173,3,0.0,0.0,-0.815,0.685
1778050029.1631486,beam,83.64,2167,3,0.4,0.0,-0.755,0.543
1778050029.2761192,beam,83.32,2161,3,0.79,0.0,-0.793,-0.337
1778050029.3854284,beam,83.0,2160,3,1.19,0.0,-0.804,-0.106
1778050029.4939606,beam,82.67,2160,3,2.38,0.0,-0.85,-0.419
1778050029.6113656,beam,82.34,2170,3,3.97,0.0,-0.789,0.514
1778050029.7207582,beam,82.11,2179,3,4.76,0.0,-0.582,1.891
1778050029.8216467,beam,81.84,2185,3,5.56,0.0,-0.73,-1.462
1778050029.9423587,beam,81.64,2185,3,5.95,0.0,-0.463,2.209
1778050030.0576565,beam,81.44,2185,3,6.35,0.0,-0.495,-0.274
1778050030.1754432,beam,81.16,2185,3,7.14,0.0,-0.652,-1.335
1778050030.2858136,beam,81.02,2184,3,7.14,0.0,-0.34,2.828
1778050030.3949745,beam,80.86,2180,3,7.54,0.0,-0.415,-0.689
1778050030.5051308,beam,80.62,2177,3,8.73,0.0,-0.614,-1.805
1778050030.6271844,beam,80.4,2180,3,8.73,0.0,-0.49,1.02
1778050030.7421885,beam,80.24,2182,3,9.52,0.0,-0.402,0.759
1778050030.8427367,beam,80.03,2181,3,9.92,0.0,-0.563,-1.601
1778050030.9570982,beam,79.87,2178,3,9.92,0.0,-0.4,1.426
1778050031.072833,beam,79.73,2177,3,10.71,0.0,-0.319,0.703
1778050031.19226,beam,79.52,2175,3,10.71,0.0,-0.501,-1.522
1778050031.294376,beam,79.42,2171,3,9.92,0.0,-0.278,2.183
1778050031.3955033,beam,79.3,2162,3,10.71,0.0,-0.309,-0.308
1778050031.5066135,beam,79.12,2161,3,9.92,0.0,-0.458,-1.342
1778050031.6255174,beam,78.93,2154,3,11.51,0.0,-0.453,0.038
1778050031.7424586,beam,78.76,2160,3,12.3,0.0,-0.397,0.486
1778050031.8534558,beam,78.62,2163,3,12.3,0.0,-0.355,0.374
1778050031.9776042,beam,78.52,2161,3,12.3,0.0,-0.223,1.065
1778050032.088681,beam,78.37,2158,3,12.7,0.0,-0.377,-1.39
1778050032.2102404,beam,78.19,2157,3,12.7,0.0,-0.417,-0.328
1778050032.3280454,beam,78.08,2154,3,12.7,0.0,-0.255,1.377
1778050032.4336753,beam,77.93,2151,3,12.7,0.0,-0.392,-1.3
1778050032.542075,beam,77.82,2148,3,12.7,0.0,-0.279,1.042
1778050032.6601722,beam,77.72,2144,3,12.7,0.0,-0.225,0.458
1778050032.7736256,beam,77.61,2141,3,12.7,0.0,-0.285,-0.529
1778050032.8915513,beam,77.52,2139,3,12.7,0.0,-0.211,0.626
1778050032.9951096,beam,77.43,2136,3,12.7,0.0,-0.245,-0.324
1778050033.100318,beam,77.27,2132,3,12.7,0.0,-0.42,-1.666
1778050033.2067504,beam,77.1,2124,3,11.51,0.0,-0.436,-0.15
1778050033.310316,beam,77.13,2112,3,8.33,0.0,0.086,5.047
1778050033.426296,beam,76.96,2041,3,0.0,0.0,-0.421,-4.377
1778050033.5417445,beam,76.31,1968,3,0.0,0.0,-1.565,-9.908
1778050033.6426775,beam,75.8,1935,3,0.0,0.0,-1.391,1.73
1778050033.755062,beam,75.52,1916,3,0.0,0.0,-0.69,6.23
1778050033.8585515,beam,75.37,1906,3,0.0,0.0,-0.417,2.646
1778050033.9677968,beam,75.19,1900,3,0.0,0.0,-0.457,-0.373
1778050034.0683684,beam,74.99,1894,3,0.0,0.0,-0.538,-0.802
1778050034.1700237,beam,74.6,1886,3,0.0,0.0,-1.072,-5.255
1778050034.2877731,beam,74.21,1874,3,0.0,1.59,-0.907,1.401
1778050034.4044783,beam,73.71,1860,3,0.0,3.57,-1.204,-2.538
1778050034.52278,beam,72.95,1842,3,0.0,7.94,-1.768,-4.771
1778050034.641742,beam,72.28,1820,3,0.0,10.32,-1.573,1.638
1778050034.74994,beam,71.52,1800,3,0.0,12.7,-1.948,-3.464
1778050034.8557422,beam,70.88,1779,3,0.0,3.57,-1.681,2.526
1778050034.971807,beam,70.48,1758,3,0.0,0.0,-0.954,6.259
1778050035.0746927,beam,70.25,1744,3,0.0,0.0,-0.626,3.186
1778050035.1898894,beam,69.84,1729,3,0.0,0.0,-0.989,-3.144
1778050035.308816,beam,69.43,1713,3,0.0,0.0,-0.954,0.29
1778050035.4176762,beam,69.03,1699,3,0.0,0.0,-1.017,-0.576
1778050035.535936,beam,68.66,1684,3,0.0,0.0,-0.882,1.139
1778050035.6548452,beam,68.28,1670,3,0.0,0.0,-0.896,-0.118
1778050035.7586267,beam,67.83,1656,3,0.0,0.0,-1.195,-2.878
1778050035.874453,beam,67.5,1641,3,0.0,0.0,-0.785,3.539
1778050035.990224,beam,67.08,1625,3,0.0,0.0,-1.021,-2.041
1778050036.1038423,beam,66.66,1641,3,1.98,0.0,-1.022,-0.007
1778050036.2062888,beam,66.31,1656,3,1.19,0.0,-0.932,0.875
1778050036.3240857,beam,65.96,1651,3,1.19,0.0,-0.847,0.726
1778050036.4377272,beam,65.59,1642,3,1.59,0.0,-0.882,-0.313
1778050036.5527768,beam,65.09,1643,3,1.98,0.0,-1.22,-2.932
1778050036.669813,beam,64.6,1645,3,2.78,0.0,-1.158,0.525
1778050036.77009,beam,64.32,1656,3,3.17,0.0,-0.782,3.752
1778050036.8706899,beam,64.04,1667,3,3.97,0.0,-0.76,0.221
1778050036.9728324,beam,63.69,1677,3,5.56,0.0,-0.952,-1.888
1778050037.0858932,beam,63.31,1710,3,8.73,0.0,-0.941,0.103
1778050037.2049932,beam,63.06,1737,3,10.71,0.0,-0.592,2.933
1778050037.3230455,beam,62.86,1751,3,11.51,0.0,-0.472,1.014
1778050037.4399457,beam,62.54,1755,3,11.91,0.0,-0.752,-2.395
1778050037.5569203,beam,62.22,1751,3,11.91,0.0,-0.766,-0.122
1778050037.6697836,beam,62.04,1745,3,11.91,0.0,-0.448,2.823
1778050037.7868114,beam,61.84,1740,3,11.91,0.0,-0.454,-0.056
1778050037.9023652,beam,61.54,1734,3,11.91,0.0,-0.741,-2.486
1778050038.0219438,beam,61.19,1726,3,11.91,0.0,-0.813,-0.601
1778050038.13575,beam,60.93,1720,3,11.91,0.0,-0.616,1.732
1778050038.2407355,beam,60.79,1715,3,11.91,0.0,-0.372,2.322
1778050038.3567548,beam,60.45,1709,3,11.91,0.0,-0.812,-3.793
1778050038.4731305,beam,60.08,1702,3,12.3,0.0,-0.881,-0.594
1778050038.590026,beam,59.82,1698,3,13.49,0.0,-0.631,2.142
1778050038.7058852,beam,59.63,1717,3,15.87,0.0,-0.462,1.457
1778050038.8225765,beam,59.37,1763,3,19.44,0.0,-0.611,-1.276
1778050038.9367144,beam,59.07,1801,3,19.44,0.0,-0.736,-1.096
1778050039.0534613,beam,58.91,1811,3,19.44,0.0,-0.383,3.028
1778050039.1686234,beam,58.75,1813,3,19.44,0.0,-0.387,-0.037
1778050039.2716985,beam,58.57,1812,3,19.44,0.0,-0.472,-0.828
1778050039.3822408,beam,58.33,1809,3,19.44,0.0,-0.605,-1.199
1778050039.4823966,beam,58.12,1806,3,19.44,0.0,-0.579,0.255
1778050039.5887609,beam,58.0,1803,3,19.44,0.0,-0.313,2.502
1778050039.705583,beam,57.89,1800,3,19.44,0.0,-0.255,0.495
1778050039.8060293,beam,57.65,1798,3,19.44,0.0,-0.671,-4.136
1778050039.9232461,beam,57.36,1794,3,19.44,0.0,-0.686,-0.127
1778050040.0375655,beam,57.17,1790,3,19.44,0.0,-0.473,1.86
1778050040.1528635,beam,57.01,1788,3,19.44,0.0,-0.373,0.87
1778050040.2698345,beam,56.83,1785,3,19.44,0.0,-0.441,-0.586
1778050040.3867786,beam,56.51,1781,3,19.44,0.0,-0.759,-2.719
1778050040.5019143,beam,56.25,1777,3,19.44,0.0,-0.625,1.163
1778050040.617293,beam,56.1,1774,3,19.44,0.0,-0.353,2.362
1778050040.7239966,beam,55.97,1771,3,19.44,0.0,-0.341,0.106
1778050040.834877,beam,55.68,1764,3,18.65,0.0,-0.72,-3.414
1778050040.9503055,beam,55.36,1751,3,18.65,0.0,-0.774,-0.47
1778050041.0535831,beam,55.18,1744,3,18.65,0.0,-0.474,2.908
1778050041.1658013,beam,54.98,1739,3,18.65,0.0,-0.501,-0.241
1778050041.266586,beam,54.8,1736,3,18.65,0.0,-0.494,0.07
1778050041.3845837,beam,54.44,1737,3,19.44,0.0,-0.848,-3.0
1778050041.4864652,beam,54.2,1736,3,18.65,0.0,-0.658,1.859
1778050041.6033027,beam,53.98,1729,3,19.44,0.0,-0.525,1.138
1778050041.719999,beam,53.83,1732,3,19.44,0.0,-0.367,1.355
1778050041.8364553,beam,53.52,1734,3,19.44,0.0,-0.722,-3.044
1778050041.9485838,beam,53.13,1731,3,19.44,0.0,-0.966,-2.181
1778050042.0497866,beam,53.03,1727,3,18.65,0.0,-0.28,6.785
1778050042.1573052,beam,52.77,1715,3,18.65,0.0,-0.664,-3.57
1778050042.2682922,beam,52.59,1707,3,19.44,0.0,-0.461,1.827
1778050042.3715177,beam,52.34,1710,3,19.44,0.0,-0.676,-2.085
1778050042.4816303,beam,51.88,1712,3,19.44,0.0,-1.149,-4.299
1778050042.5856087,beam,51.71,1711,3,19.44,0.0,-0.475,6.484
1778050042.700089,beam,51.56,1710,3,19.44,0.0,-0.354,1.055
1778050042.8059893,beam,51.36,1708,3,19.44,0.0,-0.523,-1.591
1778050042.9196353,beam,51.08,1706,3,19.44,0.0,-0.676,-1.345
1778050043.0380902,beam,50.79,1697,3,18.65,0.0,-0.689,-0.108
1778050043.1556451,beam,50.49,1689,3,19.44,0.0,-0.705,-0.14
1778050043.2702327,beam,50.39,1691,3,19.44,0.0,-0.248,3.992
1778050043.3731327,beam,50.22,1691,3,19.44,0.0,-0.453,-1.997
1778050043.4734623,beam,49.87,1690,3,19.44,0.0,-0.988,-5.33
1778050043.5884068,beam,49.56,1687,3,19.44,0.0,-0.746,2.102
1778050043.7039156,beam,49.23,1684,3,19.44,0.0,-0.788,-0.361
1778050043.8182418,beam,49.1,1682,3,19.44,0.0,-0.316,4.129
1778050043.9313667,beam,48.85,1680,3,19.44,0.0,-0.621,-2.694
1778050044.0426543,beam,48.64,1678,3,19.44,0.0,-0.506,1.029
1778050044.1517036,beam,48.4,1675,3,19.44,0.0,-0.625,-1.096
1778050044.2558074,beam,48.24,1675,3,19.84,0.0,-0.417,2.007
1778050044.3698676,beam,47.94,1677,3,19.84,0.0,-0.738,-2.817
1778050044.4828293,beam,47.73,1677,3,19.84,0.0,-0.521,1.919
1778050044.5975742,beam,47.6,1673,3,19.84,0.0,-0.306,1.874
1778050044.7014236,beam,47.22,1671,3,19.84,0.0,-1.025,-6.919
1778050044.8048115,beam,47.05,1671,3,19.84,0.0,-0.443,5.624
1778050044.9209914,beam,46.92,1669,3,19.84,0.0,-0.318,1.081
1778050045.0333495,beam,46.73,1666,3,19.84,0.0,-0.477,-1.422
1778050045.1374218,beam,46.59,1665,3,19.84,0.0,-0.376,0.972
1778050045.249475,beam,46.27,1660,3,20.63,0.0,-0.777,-3.576
1778050045.353886,beam,46.04,1663,3,20.63,0.0,-0.629,1.418
1778050045.4678528,beam,45.84,1677,3,21.43,0.0,-0.477,1.329
1778050045.571815,beam,45.7,1685,3,20.63,0.0,-0.377,0.968
1778050045.6875055,beam,45.59,1683,3,20.63,0.0,-0.27,0.923
1778050045.8009186,beam,45.41,1683,3,21.43,0.0,-0.434,-1.442
1778050045.9139476,beam,45.22,1691,3,21.43,0.0,-0.455,-0.186
1778050046.0174139,beam,44.97,1694,3,20.63,0.0,-0.689,-2.267
1778050046.1340744,beam,44.9,1690,3,21.43,0.0,-0.153,4.595
1778050046.247757,beam,44.72,1692,3,21.43,0.0,-0.458,-2.682
1778050046.3535204,beam,44.66,1692,3,20.63,0.0,-0.144,2.969
1778050046.4675539,beam,44.4,1682,3,20.63,0.0,-0.647,-4.41
1778050046.5706131,beam,44.28,1679,3,20.63,0.0,-0.313,3.24
1778050046.686524,beam,44.09,1674,3,21.43,0.0,-0.46,-1.269
1778050046.8012233,beam,43.97,1680,3,21.43,0.0,-0.278,1.586
1778050046.9137728,beam,43.84,1684,3,21.43,0.0,-0.329,-0.451
1778050047.0171268,beam,43.77,1687,3,21.43,0.0,-0.196,1.285
1778050047.1313584,beam,43.61,1687,3,21.43,0.0,-0.39,-1.701
1778050047.2354844,beam,43.45,1687,3,21.83,0.0,-0.43,-0.38
1778050047.35035,beam,43.35,1691,3,21.83,0.0,-0.226,1.779
1778050047.4517045,beam,43.24,1693,3,21.43,0.0,-0.307,-0.804
1778050047.5673833,beam,43.14,1690,3,21.43,0.0,-0.231,0.654
1778050047.6685724,beam,43.06,1687,3,21.43,0.0,-0.24,-0.086
1778050047.7687736,beam,42.94,1685,3,21.43,0.0,-0.308,-0.679
1778050047.8818734,beam,42.85,1684,3,21.43,0.0,-0.231,0.684
1778050047.9990804,beam,42.7,1683,3,21.43,0.0,-0.355,-1.063
1778050048.1033332,beam,42.64,1682,3,21.43,0.0,-0.161,1.867
1778050048.213103,beam,42.51,1681,3,21.43,0.0,-0.319,-1.446
1778050048.3302126,beam,42.47,1681,3,21.43,0.0,-0.115,1.748
1778050048.4305074,beam,42.34,1680,3,21.43,0.0,-0.342,-2.264
1778050048.5317106,beam,42.27,1679,3,21.43,0.0,-0.202,1.376
1778050048.6383772,beam,42.18,1679,3,21.43,0.0,-0.233,-0.289
1778050048.7391295,beam,42.11,1678,3,21.43,0.0,-0.194,0.392
1778050048.8548634,beam,42.05,1678,3,21.43,0.0,-0.15,0.379
1778050048.9686131,beam,41.99,1677,3,21.43,0.0,-0.13,0.17
1778050049.0719738,beam,41.9,1677,3,21.43,0.0,-0.251,-1.168
1778050049.1863425,beam,41.85,1676,3,21.43,0.0,-0.123,1.124
1778050049.2869692,beam,41.77,1676,3,21.43,0.0,-0.21,-0.87
1778050049.3974743,beam,41.72,1675,3,21.43,0.0,-0.14,0.639
1778050049.5144057,beam,41.69,1675,3,21.43,0.0,-0.067,0.619
1778050049.6150684,beam,41.59,1675,3,21.43,0.0,-0.266,-1.974
1778050049.7333984,beam,41.57,1674,3,21.43,0.0,-0.061,1.734
1778050049.8366005,beam,41.54,1674,3,21.43,0.0,-0.071,-0.099
1778050049.9546366,beam,41.47,1674,3,21.43,0.0,-0.173,-0.861
1778050050.0568523,beam,41.43,1674,3,21.43,0.0,-0.09,0.805
1778050050.1653285,beam,41.42,1673,3,21.43,0.0,-0.048,0.395
1778050050.2809684,beam,41.39,1673,3,21.43,0.0,-0.069,-0.187
1778050050.386261,beam,41.35,1673,3,21.43,0.0,-0.086,-0.165
1778050050.4876804,beam,41.35,1673,3,21.43,0.0,-0.017,0.69
1778050050.6025288,beam,41.33,1673,3,21.43,0.0,-0.039,-0.196
1778050050.7179565,beam,41.29,1672,3,21.43,0.0,-0.097,-0.501
1778050050.8363008,beam,41.26,1672,3,21.43,0.0,-0.069,0.235
1778050050.9500694,beam,41.28,1672,3,21.43,0.0,0.049,1.037
1778050051.0509372,beam,41.29,1672,3,21.43,0.0,0.015,-0.339
1778050051.152115,beam,41.24,1672,3,21.43,0.0,-0.134,-1.473
1778050051.2521298,beam,41.25,1672,3,21.43,0.0,0.02,1.54
1778050051.365295,beam,41.25,1672,3,21.43,0.0,0.009,-0.093
1778050051.4662063,beam,41.27,1672,3,21.43,0.0,0.066,0.567
1778050051.5665302,beam,41.28,1672,3,21.43,0.0,0.004,-0.625
1778050051.666546,beam,41.28,1672,3,21.43,0.0,0.008,0.044
1778050051.768179,beam,41.31,1672,3,21.43,0.0,0.09,0.804
1778050051.8693955,beam,41.32,1672,3,21.43,0.0,0.02,-0.691
1778050051.9795918,beam,41.35,1672,3,21.43,0.0,0.087,0.605
1778050052.0857387,beam,41.36,1672,3,21.43,0.0,0.009,-0.729
1778050052.187107,beam,41.4,1672,3,21.43,0.0,0.11,0.994
1778050052.3002517,beam,41.4,1673,3,21.43,0.0,-0.0,-0.974
1778050052.400379,beam,41.44,1673,3,21.43,0.0,0.111,1.108
1778050052.501776,beam,41.45,1673,3,21.43,0.0,0.043,-0.671
1778050052.615776,beam,41.46,1673,3,21.43,0.0,0.031,-0.104
1778050052.7222075,beam,41.55,1673,3,21.43,0.0,0.233,1.904
1778050052.8329303,beam,41.54,1673,3,21.43,0.0,-0.032,-2.401
1778050052.936194,beam,41.62,1674,3,21.43,0.0,0.222,2.467
1778050053.0474536,beam,41.69,1674,3,21.43,0.0,0.165,-0.514
1778050053.163702,beam,41.69,1674,3,21.43,0.0,-0.006,-1.472
1778050053.268893,beam,41.73,1675,3,21.43,0.0,0.102,1.022
1778050053.3717296,beam,41.81,1675,3,21.43,0.0,0.222,1.172
1778050053.482122,beam,41.87,1675,3,21.43,0.0,0.165,-0.519
1778050053.586131,beam,41.96,1676,3,21.43,0.0,0.237,0.695
1778050053.6997886,beam,42.04,1676,3,21.43,0.0,0.182,-0.488
1778050053.8027,beam,42.04,1676,3,21.43,0.0,0.018,-1.592
1778050053.9211862,beam,42.1,1677,3,21.43,0.0,0.133,0.97
1778050054.0353758,beam,42.22,1677,3,21.43,0.0,0.296,1.427
1778050054.1453497,beam,42.31,1678,3,21.43,0.0,0.228,-0.614
1778050054.2493432,beam,42.36,1678,3,21.43,0.0,0.126,-0.988
1778050054.3518078,beam,42.42,1679,3,21.83,0.0,0.173,0.468
1778050054.4634275,beam,42.49,1680,3,21.43,0.0,0.16,-0.123
1778050054.5672789,beam,42.59,1682,3,22.62,0.0,0.266,1.028
1778050054.6675694,beam,42.72,1697,3,23.81,0.0,0.376,1.088
1778050054.770002,beam,42.86,1719,3,23.81,0.0,0.372,-0.036
1778050054.8702836,beam,42.98,1739,3,25.4,0.0,0.342,-0.293
1778050054.9811325,beam,43.09,1764,3,25.0,0.0,0.256,-0.781
1778050055.0857162,beam,43.19,1777,3,25.0,0.0,0.27,0.137
1778050055.195254,beam,43.35,1782,3,25.4,0.0,0.425,1.41
1778050055.2955384,beam,43.53,1787,3,26.19,0.0,0.474,0.495
1778050055.4114711,beam,43.68,1800,3,26.98,0.0,0.377,-0.837
1778050055.5115976,beam,43.86,1819,3,28.17,0.0,0.493,1.153
1778050055.612658,beam,44.05,1846,3,29.76,0.0,0.521,0.276
1778050055.7316654,beam,44.18,1883,3,32.14,0.0,0.307,-1.791
1778050055.8353782,beam,44.4,1913,3,31.74,0.0,0.587,2.693
1778050055.9468758,beam,44.71,1938,3,32.54,0.0,0.777,1.708
1778050056.0493958,beam,44.96,1953,3,32.54,0.0,0.681,-0.934
1778050056.1671784,beam,45.13,1962,3,32.14,0.0,0.4,-2.391
1778050056.2697902,beam,45.31,1964,3,32.14,0.0,0.467,0.659
1778050056.3885708,beam,45.56,1965,3,32.14,0.0,0.596,1.085
1778050056.4968336,beam,45.88,1965,3,31.74,0.0,0.806,1.939
1778050056.612803,beam,46.25,1964,3,31.74,0.0,0.888,0.708
1778050056.7177892,beam,46.49,1964,3,31.74,0.0,0.635,-2.415
1778050056.8311567,beam,46.58,1964,3,31.74,0.0,0.235,-3.531
1778050056.9365752,beam,46.75,1965,3,31.74,0.0,0.442,1.97
1778050057.046114,beam,47.04,1966,3,31.74,0.0,0.725,2.582
1778050057.1499224,beam,47.35,1967,3,31.74,0.0,0.846,1.164
1778050057.2501118,beam,47.7,1969,3,31.74,0.0,0.969,1.233
1778050057.35097,beam,47.98,1970,3,31.74,0.0,0.758,-2.094
1778050057.4524267,beam,48.17,1974,3,32.14,0.0,0.514,-2.405
1778050057.563,beam,48.3,1979,3,32.54,0.0,0.344,-1.542
1778050057.666775,beam,48.49,1984,3,32.54,0.0,0.513,1.631
1778050057.7793405,beam,48.9,1987,3,32.14,0.0,1.008,4.398
1778050057.8812604,beam,49.11,1987,3,32.14,0.0,0.575,-4.245
1778050057.9835718,beam,49.31,1988,3,32.14,0.0,0.547,-0.275
1778050058.0896356,beam,49.5,1990,3,32.14,0.0,0.491,-0.532
1778050058.1945446,beam,49.74,1991,3,32.14,0.0,0.638,1.408
1778050058.2976916,beam,49.97,1991,3,31.74,0.0,0.599,-0.378
1778050058.4019635,beam,50.2,1989,3,31.74,0.0,0.615,0.148
1778050058.517601,beam,50.42,1989,3,31.74,0.0,0.535,-0.688
1778050058.630667,beam,50.64,1990,3,31.74,0.0,0.553,0.153
1778050058.7324467,beam,50.87,1991,3,31.74,0.0,0.607,0.538
1778050058.8345964,beam,51.1,1993,3,31.74,0.0,0.629,0.213
1778050058.9491072,beam,51.33,1994,3,32.54,0.0,0.557,-0.634
1778050059.051811,beam,51.54,2009,3,36.11,0.0,0.586,0.284
1778050059.1652548,beam,51.81,2062,3,42.86,0.0,0.643,0.506
1778050059.267829,beam,52.07,2121,3,44.44,0.0,0.715,0.704
1778050059.3680444,beam,52.35,2163,3,44.05,0.0,0.776,0.607
1778050059.481994,beam,52.7,2189,3,44.44,0.0,0.84,0.559
1778050059.5847156,beam,52.99,2202,3,44.44,0.0,0.798,-0.405
1778050059.6971438,beam,53.34,2209,3,44.05,0.0,0.874,0.673
1778050059.8004065,beam,53.61,2212,3,44.05,0.0,0.708,-1.611
1778050059.914781,beam,53.96,2215,3,44.05,0.0,0.862,1.351
1778050060.0156772,beam,54.28,2217,3,44.05,0.0,0.877,0.147
1778050060.1300862,beam,54.62,2220,3,44.05,0.0,0.818,-0.513
1778050060.23079,beam,54.9,2222,3,44.05,0.0,0.788,-0.302
1778050060.33387,beam,55.2,2224,3,44.05,0.0,0.807,0.189
1778050060.4452903,beam,55.52,2227,3,44.05,0.0,0.784,-0.211
1778050060.545997,beam,55.84,2229,3,44.05,0.0,0.875,0.901
1778050060.648738,beam,56.11,2231,3,44.05,0.0,0.751,-1.205
1778050060.7622273,beam,56.42,2234,3,44.05,0.0,0.757,0.054
1778050060.8690062,beam,56.72,2236,3,44.05,0.0,0.763,0.053
1778050060.9796646,beam,57.02,2238,3,44.44,0.0,0.766,0.031
1778050061.0823758,beam,57.33,2243,3,44.44,0.0,0.84,0.725
1778050061.1835997,beam,57.59,2246,3,44.44,0.0,0.699,-1.394
1778050061.2960196,beam,57.93,2250,3,44.44,0.0,0.861,1.438
1778050061.4001343,beam,58.22,2253,3,44.44,0.0,0.765,-0.92
1778050061.511816,beam,58.61,2256,3,44.44,0.0,0.975,1.883
1778050061.6130197,beam,58.87,2258,3,44.44,0.0,0.701,-2.716
1778050061.7169108,beam,59.13,2261,3,44.44,0.0,0.71,0.093
1778050061.8271885,beam,59.44,2263,3,44.44,0.0,0.771,0.547
1778050061.9295366,beam,59.7,2266,3,44.44,0.0,0.714,-0.554
1778050062.031885,beam,59.98,2268,3,44.44,0.0,0.764,0.485
1778050062.146712,beam,60.29,2271,3,44.44,0.0,0.743,-0.178
1778050062.249835,beam,60.54,2273,3,44.44,0.0,0.665,-0.755
1778050062.363307,beam,60.84,2276,3,44.44,0.0,0.748,0.725
1778050062.4669838,beam,61.12,2279,3,44.44,0.0,0.732,-0.145
1778050062.5794747,beam,61.39,2281,3,44.44,0.0,0.674,-0.517
1778050062.6841059,beam,61.67,2284,3,44.44,0.0,0.738,0.606
1778050062.7992666,beam,61.97,2287,3,44.44,0.0,0.732,-0.049
1778050062.9013343,beam,62.23,2289,3,44.44,0.0,0.7,-0.31
1778050063.0107508,beam,62.5,2292,3,44.44,0.0,0.696,-0.044
1778050063.1180909,beam,62.75,2294,3,44.44,0.0,0.626,-0.652
1778050063.2267802,beam,63.04,2297,3,44.44,0.0,0.758,1.216
1778050063.3269398,beam,63.3,2300,3,44.44,0.0,0.717,-0.411
1778050063.4346793,beam,63.58,2303,3,44.44,0.0,0.71,-0.059
1778050063.543462,beam,63.83,2305,3,44.44,0.0,0.656,-0.502
1778050063.6667368,beam,64.1,2308,3,44.44,0.0,0.609,-0.378
1778050063.7834737,beam,64.36,2311,3,44.44,0.0,0.616,0.058
1778050063.8931003,beam,64.69,2314,3,44.44,0.0,0.836,2.006
1778050063.99789,beam,64.92,2317,3,44.44,0.0,0.6,-2.253
1778050064.11657,beam,65.23,2320,3,44.44,0.0,0.73,1.095
1778050064.2312818,beam,65.51,2323,3,44.44,0.0,0.689,-0.352
1778050064.3467607,beam,65.8,2326,3,44.44,0.0,0.686,-0.029
1778050064.4635022,beam,66.06,2329,3,44.44,0.0,0.63,-0.48
1778050064.5806475,beam,66.34,2326,3,42.46,0.0,0.649,0.165
1778050064.694658,beam,66.61,2326,3,45.24,0.0,0.67,0.182
1778050064.7995665,beam,66.83,2338,3,45.24,0.0,0.573,-0.923
1778050064.9181466,beam,67.11,2343,3,44.05,0.0,0.663,0.758
1778050065.0334427,beam,67.35,2344,3,44.44,0.0,0.574,-0.768
1778050065.1430776,beam,67.61,2346,3,44.44,0.0,0.652,0.705
1778050065.2598443,beam,67.85,2354,3,44.44,0.0,0.583,-0.589
1778050065.3780777,beam,68.12,2355,3,44.05,0.0,0.627,0.375
1778050065.4958603,beam,68.38,2354,3,44.44,0.0,0.607,-0.174
1778050065.6004224,beam,68.62,2358,3,44.44,0.0,0.642,0.337
1778050065.7131004,beam,68.84,2361,3,44.05,0.0,0.546,-0.855
1778050065.8156836,beam,69.08,2362,3,43.65,0.0,0.65,1.017
1778050065.9274726,beam,69.23,2363,3,44.44,0.0,0.371,-2.495
1778050066.0282352,beam,69.57,2368,3,44.44,0.0,0.944,5.683
1778050066.1328814,beam,69.72,2373,3,44.44,0.0,0.392,-5.271
1778050066.2454567,beam,70.04,2376,3,44.44,0.0,0.791,3.542
1778050066.3491542,beam,70.16,2380,3,44.44,0.0,0.329,-4.451
1778050066.451583,beam,70.4,2383,3,44.44,0.0,0.655,3.183
1778050066.562384,beam,70.68,2384,3,44.05,0.0,0.693,0.337
1778050066.6800919,beam,70.95,2386,3,44.05,0.0,0.643,-0.425
1778050066.7973745,beam,71.19,2388,3,44.05,0.0,0.566,-0.656
1778050066.900074,beam,71.41,2391,3,44.05,0.0,0.604,0.374
1778050067.0106082,beam,71.61,2394,3,44.05,0.0,0.498,-0.964
1778050067.1324341,beam,71.89,2397,3,44.05,0.0,0.635,1.131
1778050067.245817,beam,72.08,2400,3,44.05,0.0,0.467,-1.487
1778050067.3601398,beam,72.32,2404,3,44.05,0.0,0.585,1.035
1778050067.461568,beam,72.54,2407,3,44.05,0.0,0.589,0.043
1778050067.5657399,beam,72.76,2409,3,44.05,0.0,0.589,0.0
1778050067.6657717,beam,72.97,2412,3,44.05,0.0,0.573,-0.162
1778050067.7837284,beam,73.22,2416,3,44.05,0.0,0.602,0.242
1778050067.891974,beam,73.45,2419,3,44.05,0.0,0.589,-0.118
1778050067.9942439,beam,73.63,2422,3,44.05,0.0,0.489,-0.976
1778050068.110722,beam,73.85,2426,3,44.05,0.0,0.531,0.359
1778050068.2121012,beam,74.08,2428,3,44.05,0.0,0.613,0.81
1778050068.329727,beam,74.31,2432,3,44.05,0.0,0.552,-0.517
1778050068.4301538,beam,74.48,2435,3,44.05,0.0,0.473,-0.785
1778050068.547136,beam,74.68,2438,3,44.05,0.0,0.478,0.039
1778050068.6471663,beam,74.88,2441,3,44.05,0.0,0.544,0.664
1778050068.7638643,beam,75.14,2444,3,44.05,0.0,0.624,0.685
1778050068.8810012,beam,75.35,2448,3,44.05,0.0,0.492,-1.129
1778050068.9974897,beam,75.54,2451,3,44.05,0.0,0.458,-0.291
1778050069.107893,beam,75.82,2454,3,44.05,0.0,0.689,2.088
1778050069.211861,beam,75.95,2457,3,44.05,0.0,0.371,-3.05
1778050069.3121526,beam,76.16,2460,3,44.05,0.0,0.564,1.924
1778050069.416613,beam,76.36,2463,3,44.05,0.0,0.525,-0.378
1778050069.5262501,beam,76.55,2466,3,44.05,0.0,0.496,-0.263
1778050069.642438,beam,76.79,2470,3,44.05,0.0,0.578,0.701
1778050069.7452002,beam,76.99,2473,3,44.05,0.0,0.52,-0.56
1778050069.8481212,beam,77.17,2476,3,44.05,0.0,0.51,-0.094
1778050069.9667075,beam,77.36,2479,3,44.05,0.0,0.44,-0.592
1778050070.0832462,beam,77.56,2480,3,40.08,0.0,0.465,0.214
1778050070.1938882,beam,77.69,2439,3,30.55,0.0,0.336,-1.165
1778050070.3131857,beam,77.78,2340,3,22.62,0.0,0.202,-1.126
1778050070.4137094,beam,77.77,2264,3,20.63,0.0,-0.009,-2.092
1778050070.5312374,beam,77.78,2231,3,20.63,0.0,0.021,0.255
1778050070.6433525,beam,77.75,2228,3,21.43,0.0,-0.071,-0.826
1778050070.744964,beam,77.76,2232,3,21.43,0.0,0.002,0.718
1778050070.8465226,beam,77.77,2237,3,22.62,0.0,0.03,0.276
1778050070.9650245,beam,77.75,2250,3,25.4,0.0,-0.036,-0.556
1778050071.077914,beam,77.81,2276,3,26.59,0.0,0.156,1.7
1778050071.1943605,beam,77.87,2290,3,26.59,0.0,0.133,-0.197
1778050071.295217,beam,77.87,2293,3,26.59,0.0,-0.007,-1.388
1778050071.4127047,beam,77.91,2294,3,25.4,0.0,0.103,0.936
1778050071.5259812,beam,77.95,2289,3,26.59,0.0,0.102,-0.004
1778050071.630152,beam,77.98,2294,3,26.98,0.0,0.076,-0.259
1778050071.74422,beam,78.02,2300,3,26.98,0.0,0.09,0.124
1778050071.8594825,beam,78.07,2302,3,26.59,0.0,0.117,0.233
1778050071.9632533,beam,78.11,2300,3,26.19,0.0,0.127,0.1
1778050072.0649395,beam,78.23,2300,3,26.98,0.0,0.31,1.805
1778050072.1812754,beam,78.26,2305,3,26.98,0.0,0.074,-2.035
1778050072.2941873,beam,78.26,2306,3,26.98,0.0,-0.001,-0.663
1778050072.397551,beam,78.29,2305,3,26.19,0.0,0.092,0.9
1778050072.5122004,beam,78.33,2304,3,26.98,0.0,0.1,0.069
1778050072.6259742,beam,78.39,2306,3,26.59,0.0,0.127,0.236
1778050072.7484276,beam,78.44,2306,3,26.59,0.0,0.119,-0.058
1778050072.8622372,beam,78.48,2307,3,26.59,0.0,0.102,-0.154
1778050072.9744241,beam,78.53,2308,3,26.59,0.0,0.115,0.114
1778050073.0908847,beam,78.55,2309,3,26.59,0.0,0.064,-0.437
1778050073.1958666,beam,78.61,2309,3,26.59,0.0,0.147,0.793
1778050073.296719,beam,78.65,2310,3,26.59,0.0,0.117,-0.302
1778050073.407072,beam,78.69,2311,3,26.59,0.0,0.111,-0.049
1778050073.5110059,beam,78.72,2312,3,26.59,0.0,0.057,-0.525
1778050073.6129441,beam,78.77,2313,3,26.59,0.0,0.157,0.985
1778050073.7145317,beam,78.8,2314,3,26.59,0.0,0.083,-0.73
1778050073.8241322,beam,78.86,2314,3,26.98,0.0,0.132,0.446
1778050073.9249723,beam,78.89,2318,3,26.98,0.0,0.084,-0.473
1778050074.0262547,beam,78.93,2320,3,26.98,0.0,0.114,0.291
1778050074.1273127,beam,78.96,2321,3,26.98,0.0,0.09,-0.233
1778050074.242982,beam,79.01,2322,3,26.98,0.0,0.107,0.142
1778050074.3451064,beam,79.06,2323,3,26.98,0.0,0.147,0.395
1778050074.455953,beam,79.09,2324,3,26.98,0.0,0.073,-0.667
1778050074.560089,beam,79.12,2325,3,26.98,0.0,0.088,0.141
1778050074.6621008,beam,79.16,2326,3,26.98,0.0,0.116,0.279
1778050074.762589,beam,79.2,2327,3,26.59,0.0,0.107,-0.096
1778050074.8769965,beam,79.3,2325,3,26.59,0.0,0.246,1.218
1778050074.9799585,beam,79.35,2324,3,26.19,0.0,0.113,-1.295
1778050075.0904868,beam,79.29,2316,3,26.19,0.0,-0.142,-2.3
1778050075.196704,beam,79.33,2320,3,26.98,0.0,0.098,2.257
1778050075.297522,beam,79.4,2327,3,26.98,0.0,0.209,1.104
1778050075.413437,beam,79.39,2327,3,25.4,0.0,-0.028,-2.044
1778050075.5237384,beam,79.52,2318,3,26.59,0.0,0.312,3.08
1778050075.6256168,beam,79.42,2324,3,26.59,0.0,-0.262,-5.634
1778050075.7271721,beam,79.58,2328,3,26.59,0.0,0.429,6.802
1778050075.8296442,beam,79.51,2329,3,26.19,0.0,-0.191,-6.049
1778050075.9471312,beam,79.56,2324,3,25.4,0.0,0.139,2.809
1778050076.0609229,beam,79.62,2326,3,26.59,0.0,0.131,-0.075
1778050076.1637192,beam,79.69,2331,3,26.59,0.0,0.189,0.567
1778050076.272599,beam,79.72,2333,3,26.59,0.0,0.073,-1.068
1778050076.374378,beam,79.77,2333,3,26.59,0.0,0.137,0.635
1778050076.4750664,beam,79.81,2334,3,26.59,0.0,0.108,-0.292
1778050076.577669,beam,79.77,2335,3,26.59,0.0,-0.108,-2.105
1778050076.6781306,beam,79.72,2336,3,26.59,0.0,-0.121,-0.13
1778050076.7918422,beam,79.83,2336,3,26.59,0.0,0.264,3.387
1778050076.8936057,beam,79.92,2337,3,26.59,0.0,0.235,-0.281
1778050077.00636,beam,79.91,2338,3,26.59,0.0,-0.016,-2.229
1778050077.1083817,beam,79.91,2339,3,26.59,0.0,0.002,0.174
1778050077.2240758,beam,80.01,2339,3,26.59,0.0,0.246,2.112
1778050077.326303,beam,80.01,2340,3,26.59,0.0,-0.017,-2.577
1778050077.4301171,beam,80.06,2341,3,26.59,0.0,0.133,1.449
1778050077.540364,beam,80.11,2342,3,26.59,0.0,0.125,-0.073
1778050077.6445074,beam,80.13,2342,3,26.59,0.0,0.055,-0.671
1778050077.7450998,beam,80.19,2343,3,26.59,0.0,0.191,1.348
1778050077.8607106,beam,80.21,2344,3,26.59,0.0,0.045,-1.262
1778050077.9805338,beam,80.23,2345,3,26.59,0.0,0.036,-0.072
1778050078.0805972,beam,80.26,2345,3,26.59,0.0,0.089,0.526
1778050078.191664,beam,80.27,2346,3,26.59,0.0,0.024,-0.581
1778050078.29279,beam,80.32,2347,3,26.59,0.0,0.142,1.163
1778050078.3956347,beam,80.36,2347,3,26.59,0.0,0.103,-0.38
1778050078.5072165,beam,80.39,2348,3,26.59,0.0,0.08,-0.204
1778050078.6101544,beam,80.42,2349,3,26.59,0.0,0.087,0.065
1778050078.7116022,beam,80.47,2350,3,26.59,0.0,0.115,0.283
1778050078.8129578,beam,80.5,2350,3,26.59,0.0,0.08,-0.35
1778050078.9245384,beam,80.53,2351,3,26.59,0.0,0.089,0.079
1778050079.0279393,beam,80.57,2352,3,26.59,0.0,0.105,0.156
1778050079.1394875,beam,80.6,2353,3,26.59,0.0,0.081,-0.212
1778050079.244948,beam,80.63,2353,3,26.59,0.0,0.077,-0.042
1778050079.3568628,beam,80.68,2354,3,26.59,0.0,0.129,0.467
1778050079.4584286,beam,80.7,2355,3,26.59,0.0,0.038,-0.892
1778050079.5619009,beam,80.76,2356,3,26.59,0.0,0.162,1.189
1778050079.6639075,beam,80.79,2356,3,26.59,0.0,0.074,-0.857
1778050079.777571,beam,80.82,2358,3,26.98,0.0,0.082,0.069
1778050079.8970683,beam,80.85,2361,3,26.98,0.0,0.079,-0.022
1778050080.0124419,beam,80.89,2363,3,26.98,0.0,0.079,-0.005
1778050080.1262424,beam,80.93,2364,3,26.98,0.0,0.097,0.157
1778050080.2271907,beam,81.0,2365,3,26.98,0.0,0.193,0.96
1778050080.3395789,beam,81.01,2365,3,26.98,0.0,0.042,-1.344
1778050080.4427795,beam,81.04,2365,3,26.19,0.0,0.086,0.422
1778050080.558288,beam,81.07,2360,3,26.19,0.0,0.073,-0.113
1778050080.662339,beam,81.11,2360,3,26.19,0.0,0.096,0.223
1778050080.7741687,beam,81.16,2360,3,26.19,0.0,0.111,0.131
1778050080.8759131,beam,81.18,2361,3,26.19,0.0,0.075,-0.355
1778050080.9799154,beam,81.2,2361,3,26.19,0.0,0.048,-0.253
1778050081.0876002,beam,81.22,2362,3,26.19,0.0,0.046,-0.018
1778050081.1929297,beam,81.23,2360,3,25.4,0.0,0.03,-0.157
1778050081.3052387,beam,81.27,2361,3,26.19,0.0,0.097,0.598
1778050081.408886,beam,81.28,2363,3,26.19,0.0,0.028,-0.664
1778050081.5092413,beam,81.3,2364,3,26.19,0.0,0.046,0.175
1778050081.6111019,beam,81.32,2365,3,26.19,0.0,0.059,0.133
1778050081.7207687,beam,81.37,2365,3,26.19,0.0,0.136,0.704
1778050081.8377657,beam,81.39,2366,3,26.19,0.0,0.039,-0.833
1778050081.9411619,beam,81.37,2363,3,25.4,0.0,-0.06,-0.957
1778050082.0444357,beam,81.42,2360,3,25.4,0.0,0.148,2.013
1778050082.1569314,beam,81.43,2359,3,25.4,0.0,0.026,-1.08
1778050082.2719705,beam,81.45,2359,3,25.4,0.0,0.05,0.202
1778050082.3756552,beam,81.46,2360,3,25.4,0.0,0.035,-0.144
1778050082.478715,beam,81.5,2360,3,25.4,0.0,0.083,0.474
1778050082.5790133,beam,81.52,2363,3,26.19,0.0,0.077,-0.065
1778050082.6906934,beam,81.54,2368,3,26.19,0.0,0.04,-0.333
1778050082.7951117,beam,81.57,2370,3,26.19,0.0,0.074,0.333
1778050082.9057229,beam,81.61,2370,3,26.19,0.0,0.097,0.202
1778050083.0107853,beam,81.64,2371,3,26.19,0.0,0.087,-0.09
1778050083.1118174,beam,81.66,2372,3,26.19,0.0,0.064,-0.23
1778050083.2205346,beam,81.69,2372,3,26.19,0.0,0.077,0.118
1778050083.3224754,beam,81.69,2373,3,26.19,0.0,0.004,-0.716
1778050083.4233267,beam,81.71,2373,3,26.19,0.0,0.056,0.516
1778050083.5268767,beam,81.77,2374,3,26.19,0.0,0.143,0.837
1778050083.6285446,beam,81.75,2374,3,26.19,0.0,-0.043,-1.83
1778050083.7289307,beam,81.79,2375,3,26.19,0.0,0.109,1.521
1778050083.8417542,beam,81.79,2375,3,26.19,0.0,0.006,-0.911
1778050083.9543204,beam,81.83,2376,3,26.19,0.0,0.091,0.748
1778050084.060862,beam,81.86,2376,3,26.19,0.0,0.087,-0.038
1778050084.1763804,beam,81.88,2377,3,26.19,0.0,0.036,-0.436
1778050084.2765954,beam,81.91,2378,3,26.19,0.0,0.085,0.484
1778050084.388921,beam,81.95,2378,3,26.19,0.0,0.104,0.168
1778050084.4915056,beam,81.96,2377,3,25.4,0.0,0.028,-0.733
1778050084.6052072,beam,81.98,2372,3,25.4,0.0,0.049,0.182
1778050084.7118409,beam,81.98,2353,3,21.83,0.0,-0.009,-0.541
1778050084.8232582,beam,81.94,2335,3,21.43,0.0,-0.097,-0.792
1778050084.9244108,beam,81.92,2335,3,22.62,0.0,-0.048,0.484
1778050085.03831,beam,81.95,2342,3,23.02,0.0,0.072,1.053
1778050085.1416142,beam,81.93,2345,3,23.81,0.0,-0.047,-1.157
1778050085.2549238,beam,81.91,2352,3,23.81,0.0,-0.053,-0.046
1778050085.3581166,beam,81.91,2354,3,23.81,0.0,-0.014,0.375
1778050085.4602714,beam,81.93,2354,3,23.81,0.0,0.055,0.675
1778050085.5763497,beam,81.92,2354,3,23.81,0.0,-0.021,-0.654
1778050085.6889083,beam,81.95,2354,3,23.81,0.0,0.08,0.9
1778050085.7943656,beam,81.96,2354,3,23.81,0.0,0.024,-0.532
1778050085.9061906,beam,81.94,2355,3,23.81,0.0,-0.046,-0.625
1778050086.0096104,beam,81.94,2356,3,24.21,0.0,-0.012,0.328
1778050086.1214428,beam,81.93,2355,3,24.21,0.0,-0.027,-0.137
1778050086.2248492,beam,81.95,2360,3,24.21,0.0,0.071,0.947
1778050086.3409753,beam,81.98,2363,3,25.0,0.0,0.064,-0.056
1778050086.4526956,beam,81.98,2361,3,24.21,0.0,-0.003,-0.603
1778050086.5539749,beam,82.0,2359,3,24.21,0.0,0.062,0.64
1778050086.6584775,beam,81.99,2359,3,24.21,0.0,-0.028,-0.864
1778050086.7725985,beam,82.01,2366,3,25.4,0.0,0.055,0.734
1778050086.8765726,beam,82.02,2370,3,25.4,0.0,0.006,-0.475
1778050086.9894218,beam,82.04,2372,3,25.4,0.0,0.046,0.358
1778050087.0939126,beam,82.05,2372,3,25.4,0.0,0.042,-0.042
1778050087.2095363,beam,82.01,2372,3,25.4,0.0,-0.104,-1.265
1778050087.3221436,beam,82.12,2372,3,25.4,0.0,0.276,3.373
1778050087.4252694,beam,82.12,2373,3,25.4,0.0,0.002,-2.654
1778050087.5263412,beam,82.09,2373,3,25.4,0.0,-0.096,-0.968
1778050087.6425765,beam,82.12,2374,3,25.4,0.0,0.073,1.45
1778050087.7551227,beam,82.15,2374,3,25.4,0.0,0.084,0.1
1778050087.855996,beam,82.15,2375,3,25.4,0.0,0.011,-0.72
1778050087.9596663,beam,82.17,2375,3,25.4,0.0,0.052,0.397
1778050088.0699868,beam,82.19,2375,3,25.4,0.0,0.041,-0.101
1778050088.1724784,beam,82.19,2376,3,25.4,0.0,-0.009,-0.493
1778050088.2877178,beam,82.21,2376,3,25.4,0.0,0.054,0.553
1778050088.3895235,beam,82.22,2376,3,25.4,0.0,0.041,-0.136
1778050088.4903626,beam,82.23,2377,3,25.4,0.0,0.023,-0.17
1778050088.6040766,beam,82.28,2377,3,25.4,0.0,0.109,0.756
1778050088.7054014,beam,82.26,2378,3,25.4,0.0,-0.034,-1.41
1778050088.8071592,beam,82.33,2378,3,25.4,0.0,0.179,2.09
1778050088.9222298,beam,82.33,2383,3,26.19,0.0,-0.011,-1.65
1778050089.0234392,beam,82.35,2386,3,26.19,0.0,0.06,0.701
1778050089.125293,beam,82.37,2384,3,25.4,0.0,0.051,-0.093
1778050089.2265835,beam,82.35,2381,3,25.4,0.0,-0.043,-0.922
1778050089.3377206,beam,82.37,2385,3,26.19,0.0,0.052,0.849
1778050089.4403603,beam,82.43,2388,3,25.4,0.0,0.159,1.05
1778050089.5529532,beam,82.43,2390,3,26.59,0.0,0.001,-1.404
1778050089.6591735,beam,82.44,2393,3,26.59,0.0,0.011,0.093
1778050089.7707272,beam,82.53,2394,3,26.59,0.0,0.236,2.012
1778050089.8738186,beam,82.54,2395,3,26.59,0.0,0.032,-1.972
1778050089.975815,beam,82.53,2395,3,26.59,0.0,-0.029,-0.605
1778050090.090489,beam,82.54,2396,3,26.59,0.0,0.027,0.49
1778050090.2020755,beam,82.58,2398,3,26.98,0.0,0.103,0.685
1778050090.3094964,beam,82.61,2401,3,26.98,0.0,0.06,-0.402
1778050090.421699,beam,82.66,2402,3,26.98,0.0,0.132,0.643
1778050090.5257223,beam,82.63,2403,3,26.98,0.0,-0.082,-2.058
1778050090.6373587,beam,82.71,2403,3,26.98,0.0,0.188,2.417
1778050090.7404606,beam,82.72,2404,3,26.98,0.0,0.048,-1.355
1778050090.8416507,beam,82.79,2405,3,26.98,0.0,0.185,1.351
1778050090.9586704,beam,82.8,2405,3,26.98,0.0,0.018,-1.425
1778050091.0723898,beam,82.87,2406,3,26.98,0.0,0.174,1.367
1778050091.1889358,beam,82.89,2407,3,26.98,0.0,0.055,-1.017
1778050091.3032484,beam,82.94,2408,3,26.98,0.0,0.112,0.495
1778050091.405431,beam,82.94,2408,3,26.98,0.0,0.013,-0.97
1778050091.5070474,beam,82.94,2409,3,26.98,0.0,-0.009,-0.209
1778050091.6187725,beam,83.01,2410,3,26.98,0.0,0.162,1.524
1778050091.722611,beam,82.96,2410,3,26.98,0.0,-0.117,-2.687
1778050091.824805,beam,82.99,2411,3,26.98,0.0,0.067,1.805
1778050091.9372406,beam,83.11,2411,3,26.98,0.0,0.315,2.201
1778050092.0596623,beam,83.12,2412,3,26.98,0.0,0.006,-2.521
1778050092.174838,beam,83.1,2413,3,26.98,0.0,-0.048,-0.469
1778050092.2861662,beam,83.15,2414,3,26.98,0.0,0.135,1.645
1778050092.3898191,beam,83.17,2414,3,26.98,0.0,0.054,-0.787
1778050092.5088825,beam,83.18,2415,3,26.98,0.0,0.03,-0.199
1778050092.6185272,beam,83.22,2416,3,26.98,0.0,0.084,0.491
1778050092.722944,beam,83.26,2416,3,26.98,0.0,0.11,0.249
1778050092.8425422,beam,83.33,2417,3,26.98,0.0,0.175,0.547
1778050092.9541416,beam,83.4,2418,3,26.98,0.0,0.174,-0.014
1778050093.0571487,beam,83.4,2418,3,26.98,0.0,-0.004,-1.723
1778050093.1743076,beam,83.41,2419,3,26.98,0.0,0.013,0.143
1778050093.2743196,beam,83.48,2419,3,26.98,0.0,0.202,1.891
1778050093.3870282,beam,83.48,2420,3,26.98,0.0,-0.005,-1.838
1778050093.507958,beam,83.53,2421,3,26.98,0.0,0.131,1.125
1778050093.6197982,beam,83.53,2421,3,26.98,0.0,-0.004,-1.202
1778050093.721032,beam,83.6,2422,3,26.98,0.0,0.178,1.794
1778050093.8377216,beam,83.59,2423,3,26.98,0.0,-0.024,-1.728
1778050093.9530761,beam,83.62,2423,3,26.98,0.0,0.077,0.873
1778050094.076209,beam,83.65,2424,3,26.98,0.0,0.076,-0.007
1778050094.1896124,beam,83.68,2425,3,26.98,0.0,0.064,-0.106
1778050094.3018913,beam,83.71,2425,3,26.98,0.0,0.086,0.197
1778050094.4030976,beam,83.75,2426,3,26.98,0.0,0.088,0.022
1778050094.5262132,beam,83.79,2430,3,26.98,0.0,0.103,0.116
1778050094.6387753,beam,83.77,2431,3,26.98,0.0,-0.056,-1.408
1778050094.7515256,beam,83.85,2434,3,28.97,0.0,0.21,2.355
1778050094.8678672,beam,83.88,2450,3,29.76,0.0,0.073,-1.171
1778050094.974862,beam,83.96,2460,3,30.16,0.0,0.2,1.181
1778050095.0896163,beam,84.01,2461,3,29.76,0.0,0.12,-0.695
1778050095.2031488,beam,84.07,2462,3,30.16,0.0,0.133,0.12
1778050095.3044364,beam,84.13,2465,3,30.16,0.0,0.181,0.468
1778050095.4210432,beam,84.15,2464,3,29.76,0.0,0.052,-1.104
1778050095.5338533,beam,84.23,2464,3,29.76,0.0,0.181,1.142
1778050095.6476924,beam,84.25,2463,3,29.36,0.0,0.059,-1.074
1778050095.757299,beam,84.34,2463,3,30.16,0.0,0.228,1.544
1778050095.8577251,beam,84.39,2467,3,29.36,0.0,0.135,-0.923
1778050095.971274,beam,84.42,2468,3,30.16,0.0,0.079,-0.496
1778050096.0838828,beam,84.51,2468,3,29.36,0.0,0.222,1.274
1778050096.1890664,beam,84.51,2467,3,29.76,0.0,-0.007,-2.181
1778050096.2907288,beam,84.57,2469,3,29.36,0.0,0.151,1.554
1778050096.4026456,beam,84.63,2467,3,28.97,0.0,0.171,0.177
1778050096.5086186,beam,84.65,2466,3,28.97,0.0,0.029,-1.335
1778050096.6203957,beam,84.74,2467,3,28.97,0.0,0.225,1.751
1778050096.7353728,beam,84.72,2468,3,28.97,0.0,-0.047,-2.362
1778050096.8402448,beam,84.8,2469,3,28.97,0.0,0.215,2.496
1778050096.9530826,beam,84.83,2472,3,29.76,0.0,0.087,-1.136
1778050097.0668147,beam,84.89,2477,3,29.76,0.0,0.141,0.477
1778050097.1735272,beam,84.93,2479,3,28.97,0.0,0.093,-0.449
1778050097.2814586,beam,84.98,2477,3,29.76,0.0,0.139,0.423
1778050097.3877084,beam,84.99,2477,3,28.97,0.0,0.035,-0.983
1778050097.5021315,beam,85.06,2474,3,28.17,0.0,0.159,1.086
1778050097.6176486,beam,85.08,2471,3,28.17,0.0,0.038,-1.044
1778050097.7256162,beam,85.1,2471,3,28.17,0.0,0.074,0.326
1778050097.8329372,beam,85.17,2471,3,28.17,0.0,0.169,0.884
1778050097.9381192,beam,85.19,2471,3,27.78,0.0,0.058,-1.055
1778050098.0517404,beam,85.22,2469,3,27.78,0.0,0.073,0.139
1778050098.1524005,beam,85.23,2469,3,27.78,0.0,0.02,-0.533
1778050098.2525258,beam,85.27,2469,3,28.57,0.0,0.117,0.972
1778050098.3573942,beam,85.31,2474,3,28.17,0.0,0.113,-0.041
1778050098.4690003,beam,85.36,2476,3,27.78,0.0,0.121,0.07
1778050098.5721092,beam,85.37,2473,3,27.78,0.0,0.017,-1.001
1778050098.6864915,beam,85.41,2472,3,27.78,0.0,0.112,0.826
1778050098.8073332,beam,85.43,2476,3,28.17,0.0,0.037,-0.62
1778050098.9202917,beam,85.47,2478,3,27.78,0.0,0.097,0.536
1778050099.024694,beam,85.51,2475,3,27.78,0.0,0.115,0.166
1778050099.1372628,beam,85.52,2475,3,27.78,0.0,0.026,-0.793
1778050099.254157,beam,85.56,2476,3,27.78,0.0,0.089,0.539
1778050099.3663342,beam,85.61,2476,3,27.78,0.0,0.12,0.284
1778050099.4723663,beam,85.64,2477,3,27.78,0.0,0.07,-0.476
1778050099.5825129,beam,85.67,2478,3,27.78,0.0,0.076,0.05
1778050099.6853426,beam,85.68,2478,3,27.78,0.0,0.049,-0.26
1778050099.7902951,beam,85.69,2479,3,27.78,0.0,0.016,-0.308
1778050099.9054193,beam,85.74,2480,3,27.78,0.0,0.109,0.8
1778050100.0193796,beam,85.76,2480,3,27.78,0.0,0.062,-0.409
1778050100.1337967,beam,85.79,2481,3,27.78,0.0,0.065,0.03
1778050100.2367024,beam,85.82,2482,3,27.78,0.0,0.099,0.33
1778050100.3376722,beam,85.85,2482,3,27.78,0.0,0.064,-0.35
1778050100.4567478,beam,85.88,2483,3,27.78,0.0,0.068,0.037
1778050100.5680604,beam,85.91,2484,3,27.78,0.0,0.072,0.029
1778050100.6706355,beam,85.96,2484,3,27.78,0.0,0.14,0.666
1778050100.7710154,beam,85.98,2485,3,27.78,0.0,0.05,-0.897
1778050100.8833823,beam,85.99,2485,3,27.78,0.0,0.049,-0.011
1778050100.987923,beam,86.03,2486,3,27.78,0.0,0.089,0.385
1778050101.1027422,beam,86.06,2487,3,28.17,0.0,0.078,-0.095
1778050101.2099493,beam,86.08,2490,3,28.17,0.0,0.038,-0.372
1778050101.3228395,beam,86.11,2491,3,28.57,0.0,0.084,0.405
1778050101.4364672,beam,86.17,2494,3,28.57,0.0,0.137,0.465
1778050101.540348,beam,86.19,2496,3,28.57,0.0,0.075,-0.598
1778050101.6525364,beam,86.22,2498,3,28.57,0.0,0.054,-0.186
1778050101.7557714,beam,86.26,2500,3,28.97,0.0,0.112,0.568
1778050101.8663628,beam,86.3,2503,3,28.97,0.0,0.12,0.068
1778050101.9710069,beam,86.35,2504,3,28.97,0.0,0.119,-0.006
1778050102.0891144,beam,86.37,2505,3,28.97,0.0,0.046,-0.623
1778050102.2018416,beam,86.41,2506,3,28.97,0.0,0.094,0.427
1778050102.3164828,beam,86.47,2507,3,28.97,0.0,0.151,0.496
1778050102.4194014,beam,86.49,2507,3,28.97,0.0,0.051,-0.965
1778050102.5225546,beam,86.53,2508,3,28.97,0.0,0.103,0.5
1778050102.6357176,beam,86.56,2509,3,28.97,0.0,0.084,-0.162
1778050102.7487378,beam,86.6,2508,3,28.57,0.0,0.093,0.075
1778050102.8560755,beam,86.61,2507,3,28.57,0.0,0.018,-0.694
1778050102.9675672,beam,86.66,2506,3,28.17,0.0,0.135,1.043
1778050103.0734618,beam,86.69,2505,3,28.17,0.0,0.081,-0.506
1778050103.1847122,beam,86.71,2506,3,28.17,0.0,0.047,-0.308
1778050103.2848644,beam,86.74,2507,3,28.97,0.0,0.095,0.479
1778050103.3986137,beam,86.79,2513,3,28.97,0.0,0.119,0.211
1778050103.5021236,beam,86.83,2514,3,29.36,0.0,0.102,-0.165
1778050103.6173878,beam,86.87,2518,3,29.36,0.0,0.101,-0.004
1778050103.7215884,beam,86.91,2521,3,29.76,0.0,0.102,0.01
1778050103.834753,beam,86.95,2524,3,29.36,0.0,0.102,-0.005
1778050103.939085,beam,86.98,2525,3,29.76,0.0,0.086,-0.146
1778050104.0538695,beam,87.05,2527,3,29.76,0.0,0.15,0.551
1778050104.1675446,beam,87.09,2528,3,29.76,0.0,0.114,-0.311
1778050104.27408,beam,87.12,2529,3,29.76,0.0,0.074,-0.379
1778050104.3817732,beam,87.18,2530,3,29.76,0.0,0.15,0.71
1778050104.4870055,beam,87.2,2531,3,29.76,0.0,0.067,-0.794
1778050104.6000159,beam,87.26,2531,3,29.36,0.0,0.124,0.501
1778050104.7059243,beam,87.3,2531,3,29.76,0.0,0.121,-0.022
1778050104.8064268,beam,87.35,2533,3,29.36,0.0,0.125,0.035
1778050104.921247,beam,87.38,2531,3,29.36,0.0,0.086,-0.335
1778050105.0356565,beam,87.41,2532,3,29.36,0.0,0.073,-0.118
1778050105.1358905,beam,87.45,2533,3,29.36,0.0,0.102,0.294
1778050105.25161,beam,87.49,2533,3,29.36,0.0,0.107,0.046
1778050105.3672082,beam,87.53,2534,3,29.36,0.0,0.088,-0.166
1778050105.4681578,beam,87.56,2535,3,29.36,0.0,0.083,-0.05
1778050105.5830672,beam,87.6,2536,3,29.36,0.0,0.102,0.168
1778050105.6869533,beam,87.64,2537,3,29.36,0.0,0.106,0.033
1778050105.8011909,beam,87.7,2538,3,29.36,0.0,0.149,0.373
1778050105.9144218,beam,87.75,2539,3,29.36,0.0,0.11,-0.337
1778050106.0200424,beam,87.79,2539,3,29.36,0.0,0.095,-0.141
1778050106.1346767,beam,87.82,2540,3,29.36,0.0,0.088,-0.067
1778050106.255347,beam,87.86,2541,3,29.36,0.0,0.095,0.062
1778050106.364903,beam,87.9,2542,3,29.36,0.0,0.086,-0.085
1778050106.4693034,beam,87.94,2543,3,29.36,0.0,0.105,0.18
1778050106.5697546,beam,87.95,2544,3,29.36,0.0,0.053,-0.515
1778050106.685571,beam,87.99,2545,3,29.36,0.0,0.073,0.173
1778050106.799366,beam,88.01,2546,3,29.36,0.0,0.068,-0.042
1778050106.9053955,beam,88.06,2546,3,29.36,0.0,0.117,0.458
1778050107.0179908,beam,88.09,2545,3,28.97,0.0,0.087,-0.265
1778050107.133756,beam,88.12,2545,3,28.97,0.0,0.065,-0.189
1778050107.2495322,beam,88.17,2545,3,28.97,0.0,0.126,0.527
1778050107.354785,beam,88.2,2546,3,28.97,0.0,0.084,-0.398
1778050107.4554188,beam,88.23,2547,3,28.97,0.0,0.079,-0.047
1778050107.5711832,beam,88.27,2547,3,28.97,0.0,0.083,0.035
1778050107.6717587,beam,88.29,2548,3,28.57,0.0,0.074,-0.095
1778050107.7823908,beam,88.31,2546,3,28.57,0.0,0.049,-0.228
1778050107.9049473,beam,88.36,2546,3,28.57,0.0,0.113,0.525
1778050108.020946,beam,88.38,2547,3,28.57,0.0,0.032,-0.699
1778050108.1365197,beam,88.42,2548,3,28.57,0.0,0.098,0.576
1778050108.2520342,beam,88.45,2548,3,28.57,0.0,0.076,-0.198
1778050108.354009,beam,88.47,2549,3,28.57,0.0,0.06,-0.15
1778050108.4547825,beam,88.49,2550,3,28.57,0.0,0.045,-0.154
1778050108.5549824,beam,88.5,2550,3,28.57,0.0,0.028,-0.161
1778050108.6690328,beam,88.52,2551,3,28.57,0.0,0.049,0.181
1778050108.769319,beam,88.59,2551,3,28.57,0.0,0.201,1.512
1778050108.8847568,beam,88.57,2552,3,28.57,0.0,-0.044,-2.121
1778050108.9858897,beam,88.6,2553,3,28.57,0.0,0.071,1.133
1778050109.097889,beam,88.65,2553,3,28.57,0.0,0.122,0.461
1778050109.1991434,beam,88.66,2555,3,28.57,0.0,0.022,-0.991
1778050109.3025644,beam,88.71,2554,3,28.57,0.0,0.135,1.092
1778050109.4167593,beam,88.76,2556,3,28.57,0.0,0.129,-0.056
1778050109.5331235,beam,88.76,2556,3,28.57,0.0,-0.006,-1.161
1778050109.647684,beam,88.77,2558,3,28.97,0.0,0.028,0.305
1778050109.75438,beam,88.81,2560,3,28.97,0.0,0.097,0.642
1778050109.8675551,beam,88.85,2562,3,28.97,0.0,0.104,0.064
1778050109.968641,beam,88.85,2562,3,28.97,0.0,0.019,-0.845
1778050110.0708344,beam,88.87,2563,3,28.97,0.0,0.033,0.142
1778050110.1886418,beam,88.89,2563,3,28.97,0.0,0.061,0.233
1778050110.3050025,beam,88.9,2563,3,28.97,0.0,0.008,-0.45
1778050110.421342,beam,88.93,2563,3,28.97,0.0,0.074,0.568
1778050110.5360162,beam,88.97,2563,3,28.97,0.0,0.097,0.196
1778050110.6522663,beam,88.97,2563,3,28.97,0.0,0.017,-0.684
1778050110.7524788,beam,89.03,2564,3,28.97,0.0,0.157,1.396
1778050110.8698535,beam,89.08,2566,3,28.97,0.0,0.106,-0.439
1778050110.9796908,beam,89.1,2569,3,29.36,0.0,0.057,-0.441
1778050111.0812526,beam,89.14,2571,3,29.36,0.0,0.116,0.58
1778050111.182278,beam,89.15,2572,3,29.36,0.0,0.022,-0.927
1778050111.2868006,beam,89.2,2573,3,29.36,0.0,0.13,1.032
1778050111.4000525,beam,89.23,2573,3,29.36,0.0,0.086,-0.39
1778050111.5127883,beam,89.28,2574,3,29.36,0.0,0.125,0.347
1778050111.6175616,beam,89.3,2575,3,29.36,0.0,0.038,-0.829
1778050111.7305949,beam,89.33,2575,3,29.36,0.0,0.088,0.441
1778050111.837376,beam,89.37,2576,3,29.36,0.0,0.084,-0.041
1778050111.9386697,beam,89.39,2577,3,29.36,0.0,0.053,-0.301
1778050112.0519881,beam,89.41,2578,3,29.36,0.0,0.053,-0.001
1778050112.1658542,beam,89.44,2578,3,29.36,0.0,0.089,0.316
1778050112.2701278,beam,89.47,2579,3,29.36,0.0,0.055,-0.324
1778050112.385153,beam,89.47,2580,3,29.36,0.0,0.015,-0.352
1778050112.4996498,beam,89.5,2580,3,29.36,0.0,0.072,0.497
1778050112.6038067,beam,89.55,2581,3,29.36,0.0,0.139,0.644
1778050112.7164276,beam,89.57,2582,3,29.36,0.0,0.042,-0.864
1778050112.8320584,beam,89.6,2582,3,29.36,0.0,0.065,0.203
1778050112.9469922,beam,89.62,2583,3,28.97,0.0,0.062,-0.026
1778050113.052586,beam,89.67,2581,3,28.97,0.0,0.134,0.683
1778050113.1637907,beam,89.67,2581,3,28.97,0.0,0.002,-1.188
1778050113.268371,beam,89.71,2582,3,28.97,0.0,0.096,0.902
1778050113.3847964,beam,89.74,2582,3,28.97,0.0,0.08,-0.144
1778050113.4982364,beam,89.77,2583,3,28.97,0.0,0.069,-0.09
1778050113.616885,beam,89.81,2582,3,28.57,0.0,0.078,0.075
1778050113.7305582,beam,89.82,2581,3,28.57,0.0,0.035,-0.378
1778050113.8363655,beam,89.85,2581,3,28.57,0.0,0.071,0.335
1778050113.9520566,beam,89.87,2584,3,28.97,0.0,0.043,-0.237
1778050114.0651495,beam,89.89,2583,3,28.57,0.0,0.054,0.09
1778050114.1869087,beam,89.92,2585,3,28.97,0.0,0.067,0.107
1778050114.299355,beam,89.94,2587,3,28.97,0.0,0.062,-0.041
1778050114.4148042,beam,89.97,2587,3,28.97,0.0,0.069,0.058
1778050114.5368395,beam,89.99,2588,3,28.97,0.0,0.046,-0.189
1778050114.6469462,beam,90.02,2589,3,28.97,0.0,0.066,0.186
1778050114.7492225,beam,90.03,2589,3,28.97,0.0,0.045,-0.21
1778050114.8558803,beam,90.05,2588,3,28.57,0.0,0.044,-0.005
1778050114.967708,beam,90.08,2586,3,28.17,0.0,0.069,0.226
1778050115.0820754,beam,90.07,2584,3,28.17,0.0,-0.02,-0.784
1778050115.1949487,beam,90.09,2585,3,28.17,0.0,0.054,0.658
1778050115.2977483,beam,90.12,2585,3,28.17,0.0,0.087,0.322
1778050115.4135907,beam,90.14,2585,3,28.97,0.0,0.038,-0.425
1778050115.5183256,beam,90.16,2586,3,28.17,0.0,0.045,0.068
1778050115.6309657,beam,90.21,2588,3,28.57,0.0,0.119,0.657
1778050115.7339993,beam,90.23,2590,3,28.57,0.0,0.056,-0.615
1778050115.8464255,beam,90.24,2590,3,28.57,0.0,0.036,-0.18
1778050115.948673,beam,90.27,2591,3,28.57,0.0,0.075,0.383
1778050116.066467,beam,90.24,2591,3,28.57,0.0,-0.068,-1.215
1778050116.1811082,beam,90.29,2592,3,28.97,0.0,0.115,1.602
1778050116.285737,beam,90.31,2595,3,28.97,0.0,0.053,-0.597
1778050116.3861105,beam,90.34,2596,3,28.97,0.0,0.099,0.463
1778050116.5029142,beam,90.37,2597,3,28.97,0.0,0.074,-0.214
1778050116.6127172,beam,90.38,2597,3,28.97,0.0,0.017,-0.522
1778050116.7167432,beam,90.41,2595,3,27.78,0.0,0.072,0.533
1778050116.8199468,beam,90.42,2584,3,26.19,0.0,0.039,-0.327
1778050116.931408,beam,90.4,2575,3,25.4,0.0,-0.046,-0.756
1778050117.0362296,beam,90.4,2569,3,25.0,0.0,-0.011,0.331
1778050117.152747,beam,90.38,2562,3,23.81,0.0,-0.056,-0.388
1778050117.2671685,beam,90.34,2556,3,23.81,0.0,-0.077,-0.182
1778050117.3682945,beam,90.33,2555,3,23.81,0.0,-0.048,0.289
1778050117.483378,beam,90.29,2554,3,23.81,0.0,-0.092,-0.385
1778050117.5857103,beam,90.28,2553,3,23.81,0.0,-0.022,0.683
1778050117.6956918,beam,90.27,2554,3,25.0,0.0,-0.032,-0.086
1778050117.7993224,beam,90.26,2563,3,25.4,0.0,-0.017,0.142
1778050117.9110312,beam,90.24,2567,3,26.98,0.0,-0.061,-0.395
1778050118.017881,beam,90.25,2575,3,26.98,0.0,0.038,0.929
1778050118.1289854,beam,90.26,2578,3,26.98,0.0,0.012,-0.237
1778050118.2307425,beam,90.25,2576,3,26.19,0.0,-0.005,-0.166
1778050118.3332734,beam,90.25,2572,3,26.98,0.0,-0.003,0.022
1778050118.433717,beam,90.26,2576,3,26.98,0.0,0.006,0.09
1778050118.5350657,beam,90.25,2578,3,26.98,0.0,-0.017,-0.231
1778050118.6482677,beam,90.27,2579,3,26.98,0.0,0.045,0.549
1778050118.7508194,beam,90.26,2580,3,26.98,0.0,-0.032,-0.746
1778050118.8609369,beam,90.27,2579,3,26.98,0.0,0.025,0.518
1778050118.9643612,beam,90.27,2578,3,26.98,0.0,0.004,-0.208
1778050119.0783603,beam,90.26,2578,3,27.78,0.0,-0.016,-0.178
1778050119.1812131,beam,90.28,2585,3,28.17,0.0,0.059,0.737
1778050119.2946868,beam,90.29,2585,3,27.78,0.0,0.027,-0.284
1778050119.4008365,beam,90.29,2585,3,26.98,0.0,-0.015,-0.395
1778050119.510934,beam,90.31,2582,3,27.78,0.0,0.052,0.607
1778050119.6141703,beam,90.32,2582,3,26.98,0.0,0.033,-0.186
1778050119.7273834,beam,90.32,2582,3,27.78,0.0,-0.001,-0.301
1778050119.830732,beam,90.32,2585,3,26.98,0.0,-0.006,-0.047
1778050119.9508874,beam,90.34,2581,3,26.98,0.0,0.042,0.401
1778050120.060784,beam,90.34,2580,3,28.17,0.0,0.021,-0.194
1778050120.1651711,beam,90.35,2587,3,28.17,0.0,0.023,0.023
1778050120.277742,beam,90.36,2590,3,28.17,0.0,0.021,-0.017
1778050120.3799565,beam,90.37,2590,3,28.17,0.0,0.035,0.133
1778050120.5016026,beam,90.39,2591,3,28.17,0.0,0.04,0.037
1778050120.6114304,beam,90.42,2591,3,28.17,0.0,0.06,0.183
1778050120.7153099,beam,90.42,2592,3,27.78,0.0,0.013,-0.448
1778050120.8305345,beam,90.43,2591,3,28.57,0.0,0.015,0.018
1778050120.9437335,beam,90.45,2591,3,27.78,0.0,0.052,0.322
1778050121.050378,beam,90.46,2590,3,27.78,0.0,0.026,-0.239
1778050121.1673717,beam,90.48,2590,3,27.78,0.0,0.047,0.174
1778050121.2819834,beam,90.48,2590,3,27.78,0.0,0.014,-0.285
1778050121.3968287,beam,90.5,2591,3,28.17,0.0,0.037,0.198
1778050121.4976845,beam,90.51,2593,3,27.78,0.0,0.034,-0.025
1778050121.5976923,beam,90.53,2592,3,27.78,0.0,0.043,0.094
1778050121.6978135,beam,90.53,2591,3,27.78,0.0,0.01,-0.331
1778050121.8098154,beam,90.55,2591,3,27.78,0.0,0.052,0.371
1778050121.9162416,beam,90.58,2592,3,27.78,0.0,0.075,0.214
1778050122.0314639,beam,90.58,2592,3,27.78,0.0,0.004,-0.616
1778050122.1455932,beam,90.59,2592,3,27.78,0.0,0.017,0.119
1778050122.2604718,beam,90.58,2592,3,27.78,0.0,-0.014,-0.273
1778050122.3630702,beam,90.61,2593,3,27.78,0.0,0.072,0.842
1778050122.483828,beam,90.63,2593,3,27.78,0.0,0.04,-0.271
1778050122.5960963,beam,90.64,2594,3,27.78,0.0,0.028,-0.102
1778050122.7012846,beam,90.66,2594,3,27.78,0.0,0.064,0.337
1778050122.8177283,beam,90.68,2594,3,27.78,0.0,0.038,-0.221
1778050122.9316955,beam,90.67,2594,3,27.78,0.0,-0.025,-0.554
1778050123.0444598,beam,90.69,2595,3,27.78,0.0,0.049,0.655
1778050123.1509948,beam,90.69,2595,3,27.78,0.0,0.017,-0.295
1778050123.2646375,beam,90.7,2595,3,27.78,0.0,0.004,-0.118
1778050123.3799849,beam,90.73,2596,3,27.78,0.0,0.075,0.616
1778050123.482504,beam,90.73,2596,3,27.78,0.0,0.007,-0.663
1778050123.5942657,beam,90.75,2597,3,28.17,0.0,0.059,0.465
1778050123.6996543,beam,90.78,2600,3,28.17,0.0,0.059,0.006
1778050123.8149931,beam,90.79,2600,3,28.57,0.0,0.046,-0.115
1778050123.928284,beam,90.79,2603,3,28.57,0.0,-0.008,-0.481
1778050124.034081,beam,90.83,2603,3,28.57,0.0,0.104,1.062
1778050124.1450722,beam,90.85,2604,3,28.57,0.0,0.057,-0.426
1778050124.2504997,beam,90.86,2606,3,28.57,0.0,0.009,-0.45
1778050124.360922,beam,90.87,2606,3,28.57,0.0,0.037,0.256
1778050124.4657135,beam,90.9,2606,3,28.57,0.0,0.088,0.483
1778050124.5790415,beam,90.91,2606,3,28.57,0.0,0.003,-0.748
1778050124.6929657,beam,90.95,2607,3,28.57,0.0,0.11,0.933
1778050124.7955549,beam,90.95,2607,3,28.57,0.0,0.001,-1.06
1778050124.9171603,beam,90.98,2606,3,28.17,0.0,0.062,0.507
1778050125.0183275,beam,90.97,2605,3,28.17,0.0,-0.016,-0.776
1778050125.1292422,beam,91.01,2605,3,28.97,0.0,0.082,0.885
1778050125.23054,beam,91.02,2611,3,28.97,0.0,0.042,-0.4
1778050125.3310418,beam,91.05,2612,3,28.57,0.0,0.074,0.324
1778050125.43269,beam,91.06,2610,3,28.97,0.0,0.04,-0.334
1778050125.5471025,beam,91.1,2612,3,28.57,0.0,0.083,0.376
1778050125.665965,beam,91.11,2611,3,28.57,0.0,0.035,-0.41
1778050125.7780094,beam,91.12,2611,3,28.57,0.0,0.03,-0.044
1778050125.8836057,beam,91.15,2612,3,28.57,0.0,0.074,0.425
1778050125.9943805,beam,91.16,2612,3,28.57,0.0,0.026,-0.435
1778050126.0993133,beam,91.19,2613,3,28.97,0.0,0.082,0.533
1778050126.2129204,beam,91.19,2619,3,28.97,0.0,-0.008,-0.792
1778050126.335001,beam,91.22,2617,3,28.97,0.0,0.076,0.684
1778050126.4436882,beam,91.24,2617,3,28.97,0.0,0.042,-0.31
1778050126.5438302,beam,91.26,2618,3,28.97,0.0,0.062,0.196
1778050126.647621,beam,91.28,2618,3,28.97,0.0,0.054,-0.076
1778050126.7620976,beam,91.3,2619,3,29.36,0.0,0.047,-0.058
1778050126.8654323,beam,91.3,2620,3,28.97,0.0,0.002,-0.44
1778050126.976274,beam,91.33,2621,3,29.36,0.0,0.081,0.715
1778050127.0800357,beam,91.37,2622,3,28.97,0.0,0.107,0.253
1778050127.1822476,beam,91.38,2621,3,28.97,0.0,0.025,-0.802
1778050127.2952163,beam,91.4,2621,3,28.97,0.0,0.048,0.201
1778050127.410846,beam,91.43,2622,3,28.97,0.0,0.064,0.142
1778050127.5131497,beam,91.45,2622,3,28.97,0.0,0.061,-0.035
1778050127.6158407,beam,91.47,2623,3,28.97,0.0,0.053,-0.078
1778050127.7321184,beam,91.5,2623,3,28.97,0.0,0.06,0.067
1778050127.8448565,beam,91.52,2624,3,28.97,0.0,0.053,-0.062
1778050127.9487557,beam,91.53,2623,3,28.57,0.0,0.019,-0.327
1778050128.064763,beam,91.54,2622,3,28.57,0.0,0.028,0.074
1778050128.1649282,beam,91.57,2622,3,28.57,0.0,0.088,0.6
1778050128.276893,beam,91.58,2622,3,28.57,0.0,0.018,-0.627
1778050128.378741,beam,91.6,2623,3,28.57,0.0,0.078,0.585
1778050128.4983792,beam,91.63,2623,3,28.57,0.0,0.054,-0.195
1778050128.6120226,beam,91.64,2623,3,28.57,0.0,0.031,-0.204
1778050128.7141485,beam,91.66,2624,3,28.57,0.0,0.056,0.24
1778050128.8289235,beam,91.67,2624,3,28.57,0.0,0.018,-0.329
1778050128.9419286,beam,91.7,2625,3,28.57,0.0,0.086,0.606
1778050129.04719,beam,91.71,2625,3,28.57,0.0,0.013,-0.694
1778050129.1595132,beam,91.74,2625,3,28.57,0.0,0.068,0.485
1778050129.2601757,beam,91.74,2626,3,28.57,0.0,0.023,-0.447
1778050129.3626823,beam,91.77,2626,3,28.57,0.0,0.077,0.526
1778050129.462914,beam,91.78,2626,3,28.57,0.0,0.028,-0.484
1778050129.5815535,beam,91.81,2627,3,28.57,0.0,0.062,0.287
1778050129.6984587,beam,91.81,2627,3,28.57,0.0,0.013,-0.421
1778050129.8119833,beam,91.83,2628,3,28.57,0.0,0.033,0.174
1778050129.9311593,beam,91.84,2628,3,28.57,0.0,0.032,-0.008
1778050130.044246,beam,91.85,2628,3,28.57,0.0,0.029,-0.028
1778050130.1648984,beam,91.88,2629,3,28.57,0.0,0.051,0.187
1778050130.265657,beam,91.89,2632,3,29.36,0.0,0.051,-0.004
1778050130.3799129,beam,91.91,2634,3,28.97,0.0,0.044,-0.056
1778050130.4955416,beam,91.93,2633,3,28.97,0.0,0.05,0.051
1778050130.59761,beam,91.94,2634,3,28.97,0.0,0.027,-0.223
1778050130.7093482,beam,91.97,2634,3,28.97,0.0,0.059,0.282
1778050130.8111944,beam,91.99,2635,3,28.97,0.0,0.061,0.024
1778050130.9143448,beam,92.01,2635,3,28.97,0.0,0.049,-0.116
1778050131.015254,beam,92.03,2635,3,28.97,0.0,0.054,0.043
1778050131.131117,beam,92.04,2636,3,28.97,0.0,0.024,-0.258
1778050131.2478478,beam,92.04,2636,3,28.97,0.0,0.015,-0.077
1778050131.3491657,beam,92.08,2637,3,28.97,0.0,0.092,0.761
1778050131.4624956,beam,92.09,2637,3,28.97,0.0,0.039,-0.465
1778050131.581001,beam,92.11,2638,3,28.97,0.0,0.039,-0.004
1778050131.691236,beam,92.14,2638,3,28.97,0.0,0.072,0.305
1778050131.7955809,beam,92.15,2638,3,28.97,0.0,0.04,-0.311
1778050131.9138696,beam,92.19,2639,3,28.97,0.0,0.076,0.301
1778050132.0278828,beam,92.21,2639,3,28.97,0.0,0.056,-0.173
1778050132.1433027,beam,92.21,2640,3,28.97,0.0,0.003,-0.454
1778050132.2652326,beam,92.22,2640,3,28.97,0.0,0.029,0.207
1778050132.378034,beam,92.27,2641,3,28.97,0.0,0.109,0.717
1778050132.4938233,beam,92.27,2641,3,28.57,0.0,-0.003,-0.967
1778050132.5952754,beam,92.28,2639,3,28.57,0.0,0.04,0.424
1778050132.6974523,beam,92.29,2639,3,28.57,0.0,0.04,-0.004
1778050132.8104272,beam,92.31,2639,3,28.57,0.0,0.045,0.042
1778050132.9140959,beam,92.34,2640,3,28.57,0.0,0.06,0.148
1778050133.0251565,beam,92.33,2640,3,28.57,0.0,-0.011,-0.635
1778050133.1279154,beam,92.37,2640,3,28.57,0.0,0.105,1.128
1778050133.2307885,beam,92.37,2640,3,28.57,0.0,-0.004,-1.063
1778050133.3317385,beam,92.38,2641,3,28.57,0.0,0.032,0.352
1778050133.4444356,beam,92.39,2641,3,28.57,0.0,0.019,-0.107
1778050133.5477953,beam,92.43,2642,3,28.57,0.0,0.112,0.897
1778050133.6611352,beam,92.44,2642,3,28.57,0.0,0.034,-0.691
1778050133.7636445,beam,92.43,2642,3,28.57,0.0,-0.034,-0.661
1778050133.8745725,beam,92.47,2643,3,28.57,0.0,0.085,1.075
1778050133.9805632,beam,92.46,2643,3,28.57,0.0,-0.005,-0.856
1778050134.0947087,beam,92.46,2643,3,28.57,0.0,-0.003,0.021
1778050134.2084422,beam,92.49,2644,3,28.57,0.0,0.058,0.539
1778050134.3114254,beam,92.51,2644,3,28.57,0.0,0.074,0.153
1778050134.4259627,beam,92.51,2644,3,28.57,0.0,-0.004,-0.68
1778050134.5290155,beam,92.52,2644,3,28.57,0.0,0.034,0.362
1778050134.6321125,beam,92.55,2645,3,28.57,0.0,0.066,0.311
1778050134.7414978,beam,92.58,2645,3,28.57,0.0,0.084,0.169
1778050134.8422594,beam,92.57,2645,3,28.57,0.0,-0.041,-1.236
1778050134.9429247,beam,92.57,2646,3,28.57,0.0,0.016,0.56
1778050135.043406,beam,92.6,2646,3,28.57,0.0,0.084,0.681
1778050135.1442833,beam,92.61,2646,3,28.57,0.0,0.03,-0.535
1778050135.2483566,beam,92.6,2646,3,28.57,0.0,-0.027,-0.552
1778050135.3639536,beam,92.63,2649,3,29.36,0.0,0.073,0.868
1778050135.477532,beam,92.65,2653,3,29.36,0.0,0.036,-0.325
1778050135.5789213,beam,92.67,2654,3,29.36,0.0,0.066,0.293
1778050135.6799355,beam,92.7,2654,3,29.36,0.0,0.08,0.142
1778050135.7800596,beam,92.71,2655,3,29.36,0.0,0.02,-0.603
1778050135.8910472,beam,92.72,2655,3,29.36,0.0,0.026,0.053
1778050135.9916673,beam,92.73,2656,3,29.36,0.0,0.025,-0.004
1778050136.09462,beam,92.75,2656,3,29.36,0.0,0.058,0.321
1778050136.2064586,beam,92.77,2653,3,28.57,0.0,0.057,-0.011
1778050136.314167,beam,92.79,2650,3,29.76,0.0,0.039,-0.169
1778050136.425685,beam,92.79,2648,3,26.59,0.0,-0.002,-0.371
1778050136.5270255,beam,92.77,2631,3,25.0,0.0,-0.044,-0.411
1778050136.6396832,beam,92.74,2614,3,21.83,0.0,-0.085,-0.365
1778050136.741038,beam,92.68,2602,3,21.83,0.0,-0.158,-0.717
1778050136.8424363,beam,92.61,2597,3,22.62,0.0,-0.18,-0.218
1778050136.9631689,beam,92.58,2601,3,22.62,0.0,-0.086,0.782
1778050137.0768907,beam,92.54,2598,3,21.43,0.0,-0.09,-0.042
1778050137.1968892,beam,92.42,2551,3,7.14,0.0,-0.281,-1.592
1778050137.3115463,beam,92.04,2427,3,0.0,0.0,-0.925,-5.612
1778050137.4264448,beam,91.69,2397,3,0.0,0.0,-0.833,0.801
1778050137.5457623,beam,91.34,2386,3,0.0,0.0,-0.815,0.15
1778050137.656709,beam,91.03,2377,3,0.0,0.0,-0.778,0.334
1778050137.7598217,beam,90.71,2368,3,0.0,0.0,-0.858,-0.772
1778050137.8781512,beam,90.37,2358,3,0.0,0.0,-0.805,0.448
1778050137.9967566,beam,90.0,2347,3,0.0,0.0,-0.867,-0.523
1778050138.112643,beam,89.63,2336,3,0.0,0.0,-0.893,-0.227
1778050138.2252493,beam,89.32,2326,3,0.0,0.0,-0.759,1.191
1778050138.3283165,beam,89.07,2318,3,0.0,0.0,-0.683,0.734
1778050138.443872,beam,88.7,2309,3,0.0,0.0,-0.887,-1.762
1778050138.5466146,beam,88.35,2299,3,0.0,0.0,-0.934,-0.455
1778050138.6561863,beam,88.01,2289,3,0.0,0.0,-0.856,0.708
1778050138.7607899,beam,87.69,2280,3,0.0,0.0,-0.85,0.057
1778050138.863327,beam,87.41,2271,3,0.0,0.0,-0.771,0.77
1778050138.972328,beam,87.08,2261,3,0.0,0.0,-0.838,-0.616
1778050139.0769918,beam,86.76,2252,3,0.0,0.0,-0.857,-0.174
1778050139.195696,beam,86.4,2242,3,0.0,0.0,-0.828,0.24
1778050139.309261,beam,86.06,2232,3,0.0,0.0,-0.835,-0.06
1778050139.4218965,beam,85.73,2223,3,0.0,0.0,-0.81,0.223
1778050139.5293593,beam,85.39,2213,3,0.0,0.0,-0.88,-0.657
1778050139.6411815,beam,85.06,2203,3,0.0,0.0,-0.825,0.499
1778050139.7620955,beam,84.71,2192,3,0.0,0.0,-0.816,0.069
1778050139.8760967,beam,84.39,2182,3,0.0,0.0,-0.778,0.338
1778050139.9893332,beam,84.05,2172,3,0.0,0.0,-0.836,-0.519
1778050140.0973861,beam,83.78,2164,3,0.0,0.0,-0.698,1.281
1778050140.2114596,beam,83.41,2154,3,0.0,0.0,-0.9,-1.767
1778050140.327669,beam,83.06,2143,3,0.0,0.0,-0.836,0.55
1778050140.441866,beam,82.71,2133,3,0.0,0.0,-0.832,0.031
1778050140.54473,beam,82.42,2124,3,0.0,0.0,-0.785,0.454
1778050140.659218,beam,82.08,2114,3,0.0,0.0,-0.842,-0.493
1778050140.7618904,beam,81.8,2105,3,0.0,0.0,-0.744,0.95
1778050140.872083,beam,81.47,2096,3,0.0,0.0,-0.828,-0.756
1778050140.9734282,beam,81.13,2087,3,0.0,0.0,-0.929,-0.994
1778050141.0939229,beam,80.8,2076,3,0.0,0.0,-0.762,1.382
1778050141.208978,beam,80.46,2066,3,0.0,0.0,-0.832,-0.61
1778050141.3115697,beam,80.24,2059,3,0.0,0.0,-0.579,2.468
1778050141.4119465,beam,79.96,2050,3,0.0,0.0,-0.798,-2.184
1778050141.523333,beam,79.63,2041,3,0.0,0.0,-0.805,-0.06
1778050141.6254013,beam,79.3,2031,3,0.0,0.0,-0.897,-0.902
1778050141.7454448,beam,78.96,2020,3,0.0,0.0,-0.795,0.852
1778050141.8587997,beam,78.62,2009,3,0.0,0.0,-0.838,-0.383
1778050141.973103,beam,78.29,1999,3,0.0,0.0,-0.806,0.281
1778050142.0784833,beam,77.99,1990,3,0.0,0.0,-0.794,0.112
1778050142.1788604,beam,77.65,1980,3,0.0,0.0,-0.934,-1.396
1778050142.2888367,beam,77.38,1970,3,0.0,0.0,-0.684,2.277
1778050142.3931422,beam,77.07,1961,3,0.0,0.0,-0.823,-1.333
1778050142.5081153,beam,76.78,1952,3,0.0,0.0,-0.697,1.094
1778050142.6251688,beam,76.44,1941,3,0.0,0.0,-0.798,-0.859
1778050142.7431483,beam,76.06,1929,3,0.0,0.0,-0.91,-0.949
1778050142.8595495,beam,75.66,1918,3,0.0,1.59,-0.938,-0.238
1778050142.9764059,beam,75.2,1905,3,0.0,5.95,-1.096,-1.359
1778050143.0883863,beam,74.71,1890,3,0.0,0.79,-1.222,-1.121
1778050143.1934028,beam,74.41,1877,3,0.0,0.0,-0.793,4.084
1778050143.3052642,beam,74.13,1870,3,0.0,0.0,-0.688,0.942
1778050143.4071004,beam,73.72,1859,3,0.0,0.0,-1.138,-4.418
1778050143.5112257,beam,73.43,1848,3,0.0,1.59,-0.774,3.489
1778050143.622539,beam,73.04,1832,3,0.0,0.0,-0.97,-1.757
1778050143.7262394,beam,72.69,1820,3,0.0,0.0,-0.936,0.325
1778050143.8436046,beam,72.32,1808,3,0.0,0.0,-0.866,0.598
1778050143.9583743,beam,72.03,1797,3,0.0,0.0,-0.705,1.401
1778050144.0606487,beam,71.69,1787,3,0.0,0.0,-0.917,-2.068
1778050144.176864,beam,71.33,1776,3,0.0,0.0,-0.876,0.351
1778050144.293674,beam,71.17,1765,3,0.0,0.0,-0.382,4.229
1778050144.4076366,beam,70.85,1755,3,0.0,0.0,-0.779,-3.485
1778050144.5251107,beam,70.47,1745,3,0.0,0.0,-0.884,-0.894
1778050144.642575,beam,70.21,1733,3,0.0,0.0,-0.617,2.275
1778050144.755114,beam,69.88,1736,3,1.19,0.0,-0.809,-1.706
1778050144.8614197,beam,69.66,1738,3,0.0,0.0,-0.588,2.072
1778050144.9710877,beam,69.29,1718,3,0.0,2.38,-0.94,-3.207
1778050145.075003,beam,69.02,1701,3,0.0,0.79,-0.713,2.19
1778050145.1936638,beam,68.61,1687,3,0.0,1.59,-0.956,-2.05
1778050145.3042562,beam,68.2,1684,3,1.19,0.0,-1.036,-0.727
1778050145.4083574,beam,67.99,1699,3,3.17,1.59,-0.551,4.661
1778050145.524772,beam,67.63,1756,3,6.75,2.78,-0.877,-2.802
1778050145.6407301,beam,67.18,1850,3,13.49,6.75,-1.067,-1.636
1778050145.7579067,beam,66.94,1881,3,13.49,7.54,-0.566,4.273
1778050145.8742416,beam,66.68,1877,3,13.49,6.75,-0.614,-0.406
1778050145.9777658,beam,66.38,1871,3,13.49,6.75,-0.822,-2.018
1778050146.0928097,beam,66.11,1864,3,13.49,5.95,-0.642,1.572
1778050146.2092757,beam,65.76,1857,3,13.49,5.56,-0.839,-1.691
1778050146.3277962,beam,65.53,1851,3,13.49,3.57,-0.535,2.565
1778050146.4288495,beam,65.32,1846,3,13.49,3.57,-0.582,-0.471
1778050146.5421083,beam,65.16,1846,3,14.29,3.57,-0.404,1.575
1778050146.6561775,beam,64.85,1850,3,15.08,4.76,-0.735,-2.904
1778050146.759215,beam,64.67,1854,3,15.87,5.95,-0.485,2.423
1778050146.873944,beam,64.52,1859,3,15.87,5.56,-0.377,0.945
1778050146.990388,beam,64.42,1865,3,17.46,2.38,-0.247,1.117
1778050147.1090314,beam,64.34,1870,3,17.06,0.0,-0.184,0.532
1778050147.2228982,beam,64.32,1877,3,17.86,1.59,-0.047,1.196
1778050147.3266404,beam,64.23,1888,3,18.65,0.0,-0.241,-1.863
1778050147.4285288,beam,64.21,1895,3,18.65,0.0,-0.058,1.796
1778050147.5393572,beam,64.09,1897,3,18.65,2.78,-0.287,-2.069
1778050147.6570399,beam,64.09,1896,3,18.65,5.56,-0.004,2.408
1778050147.7589693,beam,63.96,1894,3,18.65,5.56,-0.35,-3.399
1778050147.8723962,beam,63.73,1891,3,18.65,4.37,-0.558,-1.835
1778050147.9759564,beam,63.55,1889,3,18.65,5.95,-0.499,0.569
1778050148.0902472,beam,63.54,1886,3,18.65,1.59,-0.027,4.134
1778050148.190253,beam,63.47,1885,3,18.65,2.38,-0.17,-1.434
1778050148.2932067,beam,63.38,1884,3,18.65,4.37,-0.256,-0.828
1778050148.4104772,beam,63.32,1882,3,18.65,3.57,-0.141,0.979
1778050148.5228019,beam,63.17,1880,3,18.65,4.76,-0.374,-2.08
1778050148.6420102,beam,63.04,1877,3,18.65,0.0,-0.309,0.551
1778050148.7542117,beam,63.07,1876,3,18.65,0.79,0.088,3.533
1778050148.8556583,beam,63.05,1876,3,18.65,0.0,-0.051,-1.367
1778050148.958531,beam,63.1,1877,3,18.65,0.0,0.123,1.695
1778050149.0708919,beam,63.12,1877,3,18.65,0.0,0.047,-0.679
1778050149.1748679,beam,63.11,1877,3,18.65,0.0,-0.019,-0.64
1778050149.28687,beam,63.09,1877,3,18.65,0.79,-0.041,-0.193
1778050149.3933718,beam,63.11,1876,3,18.65,2.78,0.038,0.743
1778050149.5055234,beam,62.97,1875,3,18.65,0.0,-0.348,-3.443
1778050149.6057692,beam,62.87,1874,3,18.65,0.0,-0.274,0.735
1778050149.7069707,beam,62.83,1873,3,18.65,0.0,-0.104,1.679
1778050149.8084955,beam,62.83,1878,3,19.84,0.0,0.001,1.04
1778050149.92485,beam,62.78,1889,3,20.63,0.0,-0.125,-1.085
1778050150.038386,beam,62.86,1902,3,20.63,0.0,0.192,2.795
1778050150.1389601,beam,62.85,1906,3,20.63,0.0,-0.02,-2.106
1778050150.2397158,beam,62.84,1907,3,20.63,1.59,-0.019,0.007
1778050150.3413453,beam,62.85,1908,3,20.63,0.0,0.022,0.398
1778050150.4452322,beam,62.86,1908,3,20.63,0.0,0.016,-0.052
1778050150.558712,beam,62.84,1904,3,19.84,0.0,-0.047,-0.557
1778050150.674368,beam,62.83,1897,3,19.84,0.0,-0.017,0.261
1778050150.7752588,beam,62.99,1895,3,19.84,3.57,0.425,4.382
1778050150.8924248,beam,62.93,1894,3,19.84,0.79,-0.129,-4.731
1778050150.9924273,beam,62.76,1890,3,19.44,1.59,-0.477,-3.477
1778050151.1083498,beam,62.72,1886,3,19.44,0.0,-0.1,3.248
1778050151.2261174,beam,62.66,1884,3,19.44,1.59,-0.129,-0.248
1778050151.3381948,beam,62.66,1883,3,19.44,3.57,-0.018,0.99
1778050151.4461305,beam,62.46,1882,3,20.63,2.38,-0.513,-4.58
1778050151.5546103,beam,62.36,1887,3,19.84,4.76,-0.246,2.455
1778050151.6563504,beam,62.4,1882,3,19.44,2.78,0.103,3.439
1778050151.7720673,beam,62.37,1879,3,19.44,1.59,-0.065,-1.456
1778050151.8909843,beam,62.29,1877,3,19.44,1.59,-0.191,-1.056
1778050152.0029132,beam,62.21,1878,3,19.44,1.59,-0.207,-0.147
1778050152.1034367,beam,62.15,1876,3,19.44,0.79,-0.157,0.499
1778050152.2078006,beam,62.19,1876,3,19.44,0.0,0.11,2.56
1778050152.3078125,beam,62.18,1874,3,18.65,0.0,-0.028,-1.386
1778050152.4081395,beam,62.14,1865,3,18.65,0.0,-0.117,-0.884
1778050152.5249162,beam,62.3,1861,3,18.65,0.0,0.378,4.237
1778050152.6385787,beam,62.13,1860,3,18.65,3.57,-0.4,-6.845
1778050152.7418168,beam,62.05,1858,3,18.65,2.38,-0.219,1.753
1778050152.8528137,beam,62.05,1857,3,18.65,2.38,0.003,2.008
1778050152.955535,beam,61.96,1855,3,18.65,2.78,-0.245,-2.416
1778050153.0573642,beam,61.91,1855,3,18.65,2.38,-0.146,0.974
1778050153.1725137,beam,61.81,1853,3,18.65,4.37,-0.237,-0.792
1778050153.2731223,beam,61.79,1850,3,18.65,1.59,-0.072,1.637
1778050153.3740032,beam,61.79,1849,3,18.65,1.59,0.01,0.811
1778050153.4887934,beam,61.58,1849,3,18.65,0.0,-0.507,-4.498
1778050153.5911138,beam,61.64,1849,3,18.65,0.0,0.176,6.671
1778050153.7026122,beam,61.71,1849,3,18.65,0.79,0.176,0.001
1778050153.8082874,beam,61.51,1854,3,19.44,0.0,-0.544,-6.814
1778050153.9210696,beam,61.57,1860,3,19.44,0.0,0.153,6.178
1778050154.041329,beam,61.68,1863,3,19.44,0.0,0.249,0.802
1778050154.1557906,beam,61.63,1863,3,19.44,2.38,-0.105,-3.098
1778050154.2693315,beam,61.63,1864,3,19.44,0.0,-0.013,0.817
1778050154.375989,beam,61.69,1864,3,18.65,0.0,0.147,1.499
1778050154.4862783,beam,61.72,1830,3,8.33,0.0,0.077,-0.639
1778050154.5927906,beam,61.62,1633,3,0.0,0.0,-0.25,-3.068
1778050154.7045069,beam,61.32,1522,3,0.0,0.0,-0.745,-4.43
1778050154.819638,beam,61.06,1465,3,0.0,0.0,-0.628,1.014
1778050154.9212883,beam,60.92,1426,3,0.0,0.0,-0.373,2.512
1778050155.0428529,beam,60.62,1384,3,0.0,0.0,-0.684,-2.556
1778050155.1570656,beam,60.39,1345,3,0.0,0.0,-0.581,0.898
1778050155.2700732,beam,60.17,1305,3,0.0,0.0,-0.524,0.509
1778050155.3750966,beam,59.86,1264,3,0.0,0.0,-0.818,-2.803
1778050155.4919195,beam,59.71,1217,3,0.0,0.0,-0.374,3.795
1778050155.6020758,beam,59.48,1162,3,0.0,0.0,-0.579,-1.853
1778050155.7083883,beam,59.29,1104,3,0.0,0.0,-0.488,0.847
1778050155.8238702,beam,59.11,1029,3,0.0,0.0,-0.44,0.42
1778050155.9388876,beam,58.95,939,3,0.0,0.0,-0.371,0.604
1778050156.0389795,beam,58.74,845,3,0.0,2.38,-0.58,-2.093
1778050156.154204,beam,58.46,776,3,0.0,0.0,-0.684,-0.904
1778050156.2583582,beam,58.32,771,3,0.0,0.0,-0.363,3.086
1778050156.3746445,beam,58.08,771,3,0.0,0.0,-0.588,-1.934
1778050156.488371,beam,58.03,770,3,0.0,0.0,-0.11,4.202
1778050156.5919292,beam,57.77,772,3,0.0,0.0,-0.718,-5.869
1778050156.707281,beam,57.66,772,3,0.0,0.0,-0.256,3.999
1778050156.8093793,beam,57.44,771,3,0.0,0.0,-0.593,-3.301
1778050156.9216418,beam,57.34,769,3,0.0,0.0,-0.262,2.951
1778050157.0241368,beam,57.16,768,3,0.0,0.0,-0.487,-2.193
1778050157.1254187,beam,57.04,769,3,0.0,0.0,-0.306,1.78
1778050157.237765,beam,56.86,768,3,0.0,0.0,-0.459,-1.357
1778050157.3596337,beam,56.74,771,3,0.0,0.0,-0.264,1.6
1778050157.4723141,beam,56.51,772,3,0.0,0.0,-0.571,-2.728
1778050157.5749273,beam,56.39,769,3,0.0,2.38,-0.333,2.324
1778050157.6874983,beam,55.67,768,3,0.0,19.05,-1.78,-12.859
1778050157.792145,beam,54.59,768,3,0.0,30.55,-2.864,-10.359
1778050157.906746,beam,53.05,771,3,0.0,36.51,-3.715,-7.423
1778050158.0078583,beam,51.83,770,3,0.0,36.11,-3.371,3.405
1778050158.1096668,beam,50.42,772,3,0.0,36.51,-3.847,-4.673
1778050158.2197218,beam,48.9,771,3,0.0,36.9,-3.836,0.096
1778050158.3220263,beam,47.48,773,3,0.0,34.92,-3.85,-0.138
1778050158.4234273,beam,46.07,772,3,0.0,36.51,-3.86,-0.094
1778050158.5362282,beam,44.4,771,3,0.0,42.46,-4.11,-2.218
1778050158.6376033,beam,42.54,772,3,0.0,48.81,-5.095,-9.717
1778050158.7389398,beam,40.64,769,2,0.0,51.17,-5.207,-1.107
1778050158.8412192,beam,38.77,770,2,0.0,53.13,-5.078,1.261
1778050158.9560912,beam,36.51,765,2,0.0,53.13,-5.476,-3.461
1778050159.0572839,beam,34.66,769,2,0.0,50.39,-5.08,3.907
1778050159.1580927,beam,32.91,771,2,0.0,46.03,-4.818,2.603
1778050159.269707,beam,31.0,770,2,0.0,48.02,-4.745,0.651
1778050159.3872914,beam,28.93,771,2,0.0,46.03,-4.903,-1.338
1778050159.4913044,beam,27.27,771,2,0.0,34.92,-4.43,4.544
1778050159.6049237,beam,26.41,773,2,0.0,0.0,-2.088,20.611
1778050159.7175968,beam,26.12,770,2,0.0,0.0,-0.727,12.079
1778050159.8231769,beam,26.05,771,2,0.0,0.0,-0.179,5.193
1778050159.9370823,beam,25.78,771,2,0.0,0.0,-0.66,-4.22
1778050160.0401263,beam,25.63,769,2,0.0,0.0,-0.408,2.448
1778050160.1531787,beam,25.47,765,2,3.97,0.0,-0.395,0.108
1778050160.2674148,beam,25.36,1048,2,26.98,0.0,-0.268,1.116
1778050160.3732584,beam,25.46,1431,2,33.33,0.0,0.264,5.026
1778050160.4760873,beam,25.76,1678,2,44.05,0.0,0.822,5.421
1778050160.5930376,beam,26.24,1908,2,52.34,0.0,1.144,2.757
1778050160.7059107,beam,26.82,2046,2,52.34,0.0,1.414,2.393
1778050160.8211668,beam,27.53,2144,2,53.52,0.0,1.714,2.605
1778050160.9212644,beam,28.07,2196,2,57.03,0.0,1.499,-2.156
1778050161.036991,beam,28.96,2245,2,62.11,0.0,2.126,5.423
1778050161.1570373,beam,29.74,2289,2,67.19,0.0,1.81,-2.634
1778050161.2685664,beam,30.58,2322,2,77.73,0.0,2.097,2.572
1778050161.3721256,beam,31.31,2351,2,91.41,0.0,1.96,-1.325
1778050161.47862,beam,32.09,2374,2,98.44,0.0,2.019,0.558
1778050161.5872104,beam,32.91,2392,2,98.83,0.0,2.104,0.785
1778050161.7019324,beam,33.8,2407,2,99.22,0.0,2.164,0.516
1778050161.8083804,beam,34.63,2419,2,100.0,0.0,2.165,0.009
1778050161.9228883,beam,35.48,2431,2,100.0,0.0,2.056,-0.946
1778050162.0379245,beam,36.33,2442,1,100.0,0.0,2.047,-0.078
1778050162.1523123,beam,36.67,2463,1,100.0,0.0,0.838,-10.567
1778050162.2527227,beam,36.96,2522,1,100.0,0.0,0.799,-0.395
1778050162.3682709,beam,37.26,2669,1,100.0,0.0,0.727,-0.624
1778050162.4882314,beam,37.59,2914,1,100.0,0.0,0.747,0.172
1778050162.6022995,beam,38.15,3187,1,100.0,0.0,1.365,5.412
1778050162.7053647,beam,39.28,3376,1,100.0,0.0,3.056,16.411
1778050162.8056452,beam,40.47,3475,1,100.0,0.0,3.286,2.293
1778050162.925368,beam,41.71,3569,1,100.0,0.0,2.893,-3.285
1778050163.0390148,beam,42.97,3656,1,100.0,0.0,3.065,1.513
1778050163.1399937,beam,43.94,3728,1,100.0,0.0,2.664,-3.97
1778050163.2404847,beam,44.87,3799,1,100.0,0.0,2.592,-0.712
1778050163.3508365,beam,45.92,3875,1,100.0,0.0,2.629,0.33
1778050163.4523559,beam,46.89,3946,1,100.0,0.0,2.649,0.199
1778050163.558187,beam,47.89,4018,1,100.0,0.0,2.628,-0.193
1778050163.6669893,beam,49.06,4097,1,100.0,0.0,3.003,3.444
1778050163.7685342,beam,49.83,4169,1,100.0,0.0,2.109,-8.804
1778050163.890538,beam,50.97,4250,1,100.0,0.0,2.586,3.905
1778050164.0007174,beam,51.96,4325,1,100.0,0.0,2.501,-0.772
1778050164.1031094,beam,53.08,4392,1,100.0,0.0,3.036,5.226
1778050164.2051327,beam,53.81,4460,1,100.0,0.0,1.977,-10.377
1778050164.3062108,beam,54.73,4526,1,100.0,0.0,2.543,5.597
1778050164.4252963,beam,55.77,4601,1,100.0,0.0,2.43,-0.948
1778050164.540063,beam,56.65,4670,1,100.0,0.0,2.133,-2.584
1778050164.650777,beam,57.59,4737,1,100.0,0.0,2.358,2.026
1778050164.7537456,beam,58.4,4799,1,100.0,0.0,2.185,-1.674
1778050164.8579414,beam,59.25,4861,1,100.0,0.0,2.246,0.581
1778050164.9680219,beam,60.09,4926,1,100.0,0.0,2.14,-0.958
1778050165.0718555,beam,60.85,4985,1,100.0,0.0,2.019,-1.167
1778050165.174717,beam,61.62,5041,1,100.0,0.0,2.093,0.721
1778050165.2849786,beam,62.44,5103,1,100.0,0.0,2.06,-0.302
1778050165.3902287,beam,63.19,5159,1,100.0,0.0,1.973,-0.831
1778050165.5048122,beam,63.95,5219,1,100.0,0.0,1.849,-1.083
1778050165.606674,beam,64.67,5273,1,100.0,0.0,1.96,1.091
1778050165.7217584,beam,65.52,5336,1,100.0,0.0,2.057,0.842
1778050165.8227928,beam,66.19,5389,1,100.0,0.0,1.829,-2.25
1778050165.939006,beam,66.98,5449,1,100.0,0.0,1.9,0.606
1778050166.0512764,beam,67.73,5508,1,100.0,0.0,1.85,-0.441
1778050166.1528196,beam,68.36,5557,1,100.0,0.0,1.719,-1.294
1778050166.2676635,beam,69.06,5613,1,100.0,0.0,1.703,-0.132
1778050166.3677585,beam,69.82,5660,1,100.0,0.0,2.111,4.069
1778050166.4833646,beam,70.55,5714,1,100.0,0.0,1.749,-3.128
1778050166.5845695,beam,71.12,5608,2,100.0,0.0,1.554,-1.927
1778050166.6887321,beam,71.81,5160,2,100.0,0.0,1.85,2.838
1778050166.8031993,beam,72.41,4658,2,100.0,0.0,1.448,-3.506
1778050166.9038792,beam,72.83,4239,2,100.0,0.0,1.174,-2.726
1778050167.0057988,beam,73.2,3838,2,100.0,0.0,1.01,-1.607
1778050167.1215918,beam,74.23,3520,2,100.0,0.0,2.457,12.493
1778050167.221691,beam,74.72,3463,2,100.0,0.0,1.367,-10.89
1778050167.3330395,beam,75.28,3471,2,100.0,0.0,1.387,0.182
1778050167.437693,beam,75.84,3488,2,100.0,0.0,1.482,0.906
1778050167.5506449,beam,76.29,3508,2,100.0,0.0,1.129,-3.119
1778050167.653036,beam,76.93,3527,2,100.0,0.0,1.733,5.894
1778050167.7536504,beam,77.39,3546,2,100.0,0.0,1.261,-4.688
1778050167.8562572,beam,77.89,3565,2,100.0,0.0,1.354,0.91
1778050167.970474,beam,78.5,3586,2,100.0,0.0,1.476,1.062
1778050168.072271,beam,79.04,3605,2,100.0,0.0,1.469,-0.067
1778050168.1835806,beam,79.61,3626,2,100.0,0.0,1.431,-0.341
1778050168.2868338,beam,80.09,3645,2,100.0,0.0,1.297,-1.301
1778050168.3889945,beam,80.59,3664,2,100.0,0.0,1.353,0.557
1778050168.504177,beam,81.16,3685,2,100.0,0.0,1.387,0.292
1778050168.6054199,beam,81.67,3704,2,100.0,0.0,1.399,0.113
1778050168.7212095,beam,82.2,3723,2,100.0,0.0,1.259,-1.202
1778050168.83521,beam,82.78,3745,2,100.0,0.0,1.406,1.288
1778050168.939125,beam,83.25,3763,2,100.0,0.0,1.28,-1.211
1778050169.0537183,beam,83.83,3785,2,100.0,0.0,1.402,1.059
1778050169.1672208,beam,84.37,3804,2,100.0,0.0,1.311,-0.803
1778050169.2824795,beam,84.94,3826,2,100.0,0.0,1.368,0.495
1778050169.3869646,beam,85.47,3846,2,100.0,0.0,1.409,0.391
1778050169.4907424,beam,85.98,3865,2,100.0,0.0,1.375,-0.326
1778050169.605082,beam,86.54,3886,2,100.0,0.0,1.355,-0.176
1778050169.7192333,beam,87.08,3906,2,100.0,0.0,1.324,-0.271
1778050169.83525,beam,87.63,3926,2,100.0,0.0,1.304,-0.17
1778050169.9397962,beam,88.11,3945,2,100.0,0.0,1.281,-0.223
1778050170.0564167,beam,88.61,3963,2,100.0,0.0,1.19,-0.779
1778050170.167677,beam,89.17,3984,2,100.0,0.0,1.418,2.051
1778050170.2719789,beam,89.66,4003,2,100.0,0.0,1.29,-1.226
1778050170.3848906,beam,90.18,4023,2,100.0,0.0,1.291,0.009
1778050170.4991822,beam,90.71,4043,2,100.0,0.0,1.267,-0.208
1778050170.6023982,beam,91.15,4060,2,100.0,0.0,1.186,-0.788
1778050170.7170515,beam,91.66,4080,2,99.22,0.0,1.245,0.512
1778050170.8350248,beam,92.17,4098,2,93.36,0.0,1.211,-0.285
1778050170.935393,beam,92.58,4109,2,82.81,0.0,1.127,-0.84
1778050171.051899,beam,93.01,4106,2,58.59,0.0,1.022,-0.9
1778050171.169185,beam,93.15,4048,2,21.83,0.0,0.332,-5.878
1778050171.2826054,beam,92.66,3896,2,0.0,0.0,-1.194,-13.454
1778050171.3865063,beam,92.17,3856,2,0.0,0.0,-1.322,-1.241
1778050171.4869654,beam,91.85,3842,2,0.0,0.0,-0.889,4.312
1778050171.5887713,beam,91.51,3828,2,0.0,0.0,-0.92,-0.306
1778050171.7001128,beam,91.08,3810,2,0.0,0.0,-1.08,-1.432
1778050171.804663,beam,90.68,3791,2,0.0,0.0,-1.051,0.277
1778050171.9181547,beam,90.24,3772,2,0.0,0.0,-1.068,-0.15
1778050172.0202587,beam,89.83,3754,2,0.0,0.0,-1.115,-0.464
1778050172.1325383,beam,89.41,3740,2,2.38,0.0,-1.057,0.521
1778050172.2333195,beam,89.08,3738,2,3.97,0.0,-0.889,1.661
1778050172.3357377,beam,88.8,3732,2,5.56,0.0,-0.761,1.251
1778050172.4385765,beam,88.49,3725,2,5.56,0.0,-0.859,-0.953
1778050172.5523458,beam,88.24,3709,3,5.56,0.0,-0.612,2.178
1778050172.653117,beam,88.19,3548,3,7.14,0.0,-0.122,4.856
1778050172.7545357,beam,88.11,3290,3,7.54,0.0,-0.236,-1.121
1778050172.866697,beam,88.01,3013,3,9.52,0.0,-0.226,0.09
1778050172.970196,beam,87.92,2757,3,9.52,0.0,-0.26,-0.33
1778050173.0712159,beam,87.84,2502,3,8.33,0.0,-0.226,0.341
1778050173.1815298,beam,87.59,2375,3,7.54,0.0,-0.609,-3.476
1778050173.2824671,beam,87.38,2359,3,7.54,0.0,-0.586,0.226
1778050173.3985934,beam,87.15,2352,3,7.54,0.0,-0.549,0.32
1778050173.5006454,beam,86.96,2347,3,7.54,0.0,-0.524,0.245
1778050173.6158054,beam,86.77,2342,3,7.54,0.0,-0.458,0.574
1778050173.7202427,beam,86.58,2342,3,8.33,0.0,-0.508,-0.481
1778050173.8339539,beam,86.37,2335,3,7.54,0.0,-0.515,-0.065
1778050173.9478703,beam,86.15,2325,3,7.54,0.0,-0.531,-0.14
1778050174.0510817,beam,85.93,2319,3,7.54,0.0,-0.582,-0.493
1778050174.152271,beam,85.73,2314,3,7.54,0.0,-0.569,0.135
1778050174.2546496,beam,85.54,2308,3,7.54,0.0,-0.513,0.545
1778050174.3661284,beam,85.31,2303,3,7.54,0.0,-0.565,-0.469
1778050174.4697173,beam,85.11,2301,3,8.73,0.0,-0.526,0.376
1778050174.5865247,beam,84.92,2301,3,8.73,0.0,-0.455,0.605
1778050174.6991,beam,84.71,2296,3,8.73,0.0,-0.512,-0.499
1778050174.8017154,beam,84.53,2291,3,8.73,0.0,-0.512,-0.002
1778050174.9025846,beam,84.34,2286,3,8.73,0.0,-0.501,0.112
1778050175.0038042,beam,84.17,2282,3,8.73,0.0,-0.466,0.342
1778050175.1194565,beam,83.96,2277,3,8.73,0.0,-0.521,-0.475
1778050175.2195566,beam,83.77,2274,3,9.52,0.0,-0.509,0.114
1778050175.3352282,beam,83.58,2273,3,9.52,0.0,-0.468,0.357
1778050175.4512763,beam,83.45,2268,3,9.52,0.0,-0.319,1.284
1778050175.565682,beam,83.22,2263,3,9.52,0.0,-0.54,-1.927
1778050175.681155,beam,83.04,2258,3,9.52,0.0,-0.433,0.926
1778050175.8040855,beam,82.86,2253,3,9.52,0.0,-0.42,0.103
1778050175.9193304,beam,82.62,2247,3,9.52,0.0,-0.562,-1.235
1778050176.034057,beam,82.49,2242,3,9.52,0.0,-0.333,1.997
1778050176.1480095,beam,82.2,2238,3,9.52,0.0,-0.697,-3.188
1778050176.2538755,beam,82.06,2233,3,9.52,0.0,-0.362,3.164
1778050176.3673942,beam,81.84,2228,3,9.52,0.0,-0.548,-1.64
1778050176.4824033,beam,81.69,2223,3,9.52,0.0,-0.353,1.692
1778050176.5838811,beam,81.53,2219,3,9.52,0.0,-0.444,-0.896
1778050176.6976192,beam,81.33,2213,3,9.52,0.0,-0.498,-0.478
1778050176.8018262,beam,81.11,2208,3,9.52,0.0,-0.565,-0.644
1778050176.9041996,beam,80.9,2204,3,9.52,0.0,-0.587,-0.212
1778050177.0180006,beam,80.69,2199,3,9.52,0.0,-0.519,0.596
1778050177.131595,beam,80.58,2194,3,9.52,0.0,-0.25,2.375
1778050177.2476382,beam,80.45,2190,3,9.52,0.0,-0.329,-0.688
1778050177.3550088,beam,80.18,2184,3,9.52,0.0,-0.682,-3.286
1778050177.46906,beam,79.97,2179,3,9.52,0.0,-0.521,1.415
1778050177.5835538,beam,79.91,2175,3,9.52,0.0,-0.129,3.419
1778050177.6844392,beam,79.65,2170,3,9.52,0.0,-0.717,-5.825
1778050177.78687,beam,79.5,2165,3,9.52,0.0,-0.414,2.954
1778050177.9023976,beam,79.31,2160,3,8.33,0.0,-0.462,-0.413
1778050178.013227,beam,79.07,2146,3,7.54,0.0,-0.592,-1.174
1778050178.117203,beam,78.86,2129,3,5.95,0.0,-0.562,0.292
1778050178.2193341,beam,78.62,2099,3,3.17,0.0,-0.655,-0.909
1778050178.3349466,beam,78.33,2053,3,1.19,0.0,-0.694,-0.34
1778050178.4485466,beam,78.01,2036,3,2.38,0.0,-0.78,-0.752
1778050178.56492,beam,77.72,2035,3,2.78,0.0,-0.703,0.66
1778050178.6700025,beam,77.47,2035,3,2.78,0.0,-0.665,0.361
1778050178.7817893,beam,77.12,2026,3,2.38,0.0,-0.861,-1.753
1778050178.8862517,beam,76.84,2011,3,1.98,0.0,-0.743,1.13
1778050178.9987202,beam,76.51,1997,3,1.98,0.0,-0.835,-0.819
1778050179.1142771,beam,76.24,1986,3,1.59,0.0,-0.644,1.649
1778050179.2186902,beam,75.86,1968,3,1.19,0.0,-0.999,-3.396
1778050179.3354862,beam,75.63,1953,3,1.59,0.0,-0.55,3.839
1778050179.4513354,beam,75.31,1947,3,1.59,0.0,-0.779,-1.977
1778050179.5519228,beam,74.97,1944,3,2.38,0.0,-0.929,-1.486
1778050179.662973,beam,74.71,1950,3,2.78,0.0,-0.644,2.569
1778050179.7697694,beam,74.44,1949,3,2.78,0.0,-0.716,-0.676
1778050179.8698776,beam,74.22,1947,3,3.17,0.0,-0.591,1.251
1778050179.9844575,beam,73.89,1942,3,3.17,0.0,-0.804,-1.861
1778050180.096514,beam,73.61,1934,3,3.17,0.0,-0.699,0.937
1778050180.2027197,beam,73.35,1927,3,3.17,0.0,-0.69,0.085
1778050180.321267,beam,73.08,1919,3,3.17,0.0,-0.634,0.471
1778050180.4308207,beam,72.79,1911,3,3.17,0.0,-0.715,-0.736
1778050180.5368938,beam,72.52,1905,3,3.17,0.0,-0.712,0.026
1778050180.6542716,beam,72.33,1902,3,3.57,0.0,-0.452,2.215
1778050180.7700307,beam,72.03,1896,3,3.57,0.0,-0.723,-2.339
1778050180.8862553,beam,71.76,1888,3,3.57,0.0,-0.657,0.567
1778050180.9979725,beam,71.51,1882,3,3.57,0.0,-0.619,0.341
1778050181.1002326,beam,71.18,1875,3,3.17,0.0,-0.876,-2.514
1778050181.215641,beam,70.94,1852,3,3.17,0.0,-0.578,2.576
1778050181.3323708,beam,70.65,1848,3,3.17,0.0,-0.691,-0.964
1778050181.4476311,beam,70.42,1843,3,3.17,0.0,-0.554,1.19
1778050181.5527692,beam,70.17,1837,3,3.17,0.0,-0.673,-1.13
1778050181.66623,beam,69.88,1829,3,3.17,0.0,-0.711,-0.338
1778050181.7806394,beam,69.61,1821,3,3.17,0.0,-0.656,0.478
1778050181.8859797,beam,69.36,1814,3,3.17,0.0,-0.655,0.007
1778050181.9863572,beam,69.11,1808,3,3.17,0.0,-0.704,-0.484
1778050182.1004524,beam,68.8,1799,3,2.78,0.0,-0.755,-0.45
1778050182.216567,beam,68.58,1786,3,2.78,0.0,-0.503,2.172
1778050182.3296745,beam,68.3,1777,3,2.78,0.0,-0.69,-1.652
1778050182.4297252,beam,68.1,1770,3,2.78,0.0,-0.554,1.362
1778050182.5305803,beam,67.79,1762,3,2.78,0.0,-0.872,-3.154
1778050182.6310532,beam,67.63,1756,3,2.78,0.0,-0.44,4.292
1778050182.737877,beam,67.41,1749,3,2.78,0.0,-0.563,-1.148
1778050182.850888,beam,67.11,1741,3,2.78,0.0,-0.744,-1.6
1778050182.9658012,beam,66.81,1733,3,2.78,0.0,-0.721,0.197
1778050183.0693207,beam,66.59,1726,3,2.78,0.0,-0.583,1.337
1778050183.183176,beam,66.31,1718,3,2.78,0.0,-0.683,-0.88
1778050183.2980404,beam,66.04,1711,3,2.78,0.0,-0.652,0.271
1778050183.4151177,beam,65.79,1702,3,2.78,0.0,-0.612,0.345
1778050183.5315797,beam,65.52,1695,3,2.78,0.0,-0.635,-0.203
1778050183.6333652,beam,65.31,1689,3,2.78,0.0,-0.58,0.539
1778050183.7506547,beam,65.03,1681,3,2.78,0.0,-0.667,-0.74
1778050183.8661118,beam,64.77,1673,3,2.78,0.0,-0.627,0.346
1778050183.9815981,beam,64.53,1666,3,2.78,0.0,-0.569,0.508
1778050184.0870252,beam,64.28,1659,3,2.78,0.0,-0.668,-0.948
1778050184.2058973,beam,64.01,1647,3,1.98,0.0,-0.608,0.509
1778050184.312234,beam,63.75,1622,3,1.19,0.0,-0.696,-0.825
1778050184.4201248,beam,63.54,1595,3,1.19,0.0,-0.538,1.46
1778050184.527293,beam,63.28,1573,3,0.79,0.0,-0.671,-1.235
1778050184.633308,beam,63.03,1552,3,1.19,0.0,-0.659,0.106
1778050184.7516427,beam,62.71,1546,3,1.59,0.0,-0.751,-0.779
1778050184.8698506,beam,62.47,1550,3,1.98,0.0,-0.573,1.513
1778050184.9783838,beam,62.23,1554,3,2.38,0.0,-0.591,-0.169
1778050185.0867236,beam,61.96,1559,3,2.78,0.0,-0.709,-1.089
1778050185.1858606,beam,61.73,1566,3,2.78,0.0,-0.635,0.743
1778050185.2957435,beam,61.52,1570,3,2.78,0.0,-0.531,0.946
1778050185.413318,beam,61.29,1568,3,1.98,0.0,-0.548,-0.141
1778050185.5133727,beam,61.06,1557,3,2.38,0.0,-0.632,-0.845
1778050185.6177948,beam,60.84,1545,3,1.98,0.0,-0.578,0.521
1778050185.718836,beam,60.62,1529,3,1.98,0.0,-0.622,-0.432
1778050185.819063,beam,60.42,1517,3,1.98,0.0,-0.556,0.65
1778050185.9358323,beam,60.16,1505,3,1.98,0.0,-0.613,-0.488
1778050186.0449736,beam,59.91,1496,3,1.98,0.0,-0.631,-0.162
1778050186.151431,beam,59.65,1487,3,1.98,0.0,-0.681,-0.472
1778050186.2697618,beam,59.44,1478,3,1.98,0.0,-0.496,1.57
1778050186.3789172,beam,59.22,1470,3,1.98,0.0,-0.558,-0.568
1778050186.497052,beam,58.93,1462,3,1.98,0.0,-0.68,-1.035
1778050186.598495,beam,58.7,1455,3,1.98,0.0,-0.622,0.568
1778050186.7186844,beam,58.47,1446,3,1.98,0.0,-0.53,0.764
1778050186.819814,beam,58.26,1439,3,1.98,0.0,-0.601,-0.696
1778050186.9282086,beam,58.08,1435,3,2.78,0.0,-0.439,1.495
1778050187.0364432,beam,57.83,1444,3,2.78,0.0,-0.659,-2.036
1778050187.1468658,beam,57.61,1449,3,2.78,0.0,-0.558,0.92
1778050187.2646568,beam,57.35,1449,3,2.78,0.0,-0.606,-0.412
1778050187.382744,beam,57.12,1446,3,2.78,0.0,-0.53,0.646
1778050187.500853,beam,56.93,1441,3,2.78,0.0,-0.456,0.625
1778050187.6046648,beam,56.7,1435,3,2.78,0.0,-0.621,-1.593
1778050187.7121332,beam,56.47,1429,3,2.78,0.0,-0.587,0.324
1778050187.8333962,beam,56.29,1423,3,2.78,0.0,-0.421,1.363
1778050187.933407,beam,56.11,1417,3,2.78,0.0,-0.499,-0.779
1778050188.03473,beam,55.92,1412,3,2.78,0.0,-0.504,-0.051
1778050188.1449914,beam,55.7,1406,3,2.78,0.0,-0.571,-0.6
1778050188.2451975,beam,55.53,1400,3,2.78,0.0,-0.466,1.044
1778050188.3480017,beam,55.32,1398,3,3.17,0.0,-0.554,-0.856
1778050188.4502184,beam,55.19,1405,3,3.97,0.0,-0.369,1.814
1778050188.5512097,beam,54.97,1418,3,3.97,0.0,-0.602,-2.311
1778050188.6678643,beam,54.78,1423,3,3.97,0.0,-0.445,1.348
1778050188.7811635,beam,54.57,1418,3,3.57,0.0,-0.519,-0.652
1778050188.8820431,beam,54.42,1410,3,3.97,0.0,-0.401,1.167
1778050188.9824562,beam,54.29,1410,3,3.97,0.0,-0.383,0.175
1778050189.0986977,beam,54.06,1413,3,4.37,0.0,-0.531,-1.276
1778050189.2181573,beam,53.9,1409,3,3.97,0.0,-0.39,1.182
1778050189.3278859,beam,53.73,1402,3,4.37,0.0,-0.429,-0.352
1778050189.4351676,beam,53.59,1404,3,4.76,0.0,-0.367,0.574
1778050189.5431573,beam,53.42,1409,3,4.76,0.0,-0.437,-0.645
1778050189.6468594,beam,53.27,1409,3,4.76,0.0,-0.396,0.397
1778050189.7501776,beam,53.11,1406,3,4.76,0.0,-0.421,-0.242
1778050189.8502877,beam,52.97,1402,3,4.76,0.0,-0.395,0.259
1778050189.9602625,beam,52.84,1399,3,4.76,0.0,-0.328,0.608
1778050190.0604753,beam,52.73,1396,3,4.76,0.0,-0.314,0.139
1778050190.1807065,beam,52.54,1391,3,4.76,0.0,-0.431,-0.976
1778050190.2807603,beam,52.38,1387,3,4.76,0.0,-0.435,-0.037
1778050190.3960974,beam,52.23,1382,3,4.76,0.0,-0.365,0.608
1778050190.4993482,beam,52.12,1379,3,4.76,0.0,-0.288,0.75
1778050190.6160994,beam,51.96,1367,3,3.97,0.0,-0.387,-0.853
1778050190.734023,beam,51.78,1352,3,3.97,0.0,-0.435,-0.405
1778050190.8507562,beam,51.61,1343,3,3.97,0.0,-0.387,0.407
1778050190.9513838,beam,51.46,1339,3,4.37,0.0,-0.429,-0.418
1778050191.0638494,beam,51.31,1341,3,4.37,0.0,-0.357,0.64
1778050191.1661682,beam,51.17,1341,3,4.37,0.0,-0.379,-0.208
1778050191.2792058,beam,51.0,1337,3,3.97,0.0,-0.437,-0.512
1778050191.3816168,beam,50.84,1326,3,3.97,0.0,-0.428,0.087
1778050191.4834619,beam,50.7,1319,3,3.97,0.0,-0.37,0.566
1778050191.5836778,beam,50.57,1314,3,3.97,0.0,-0.365,0.046
1778050191.6936767,beam,50.43,1309,3,3.97,0.0,-0.367,-0.015
1778050191.7957861,beam,50.26,1305,3,3.97,0.0,-0.444,-0.751
1778050191.8968577,beam,50.1,1300,3,4.37,0.0,-0.435,0.086
1778050191.9975913,beam,49.94,1304,3,4.76,0.0,-0.449,-0.135
1778050192.10086,beam,49.79,1325,3,7.14,0.0,-0.42,0.282
1778050192.2131855,beam,49.69,1370,3,9.52,0.0,-0.227,1.713
1778050192.3156874,beam,49.64,1398,3,9.92,0.0,-0.156,0.691
1778050192.430197,beam,49.57,1423,3,11.91,0.0,-0.167,-0.098
1778050192.5319881,beam,49.56,1455,3,13.49,0.0,-0.027,1.377
1778050192.6457772,beam,49.49,1492,3,14.29,0.0,-0.161,-1.175
1778050192.7492585,beam,49.49,1513,3,14.29,0.0,-0.006,1.494
1778050192.8527353,beam,49.52,1524,3,14.29,0.0,0.095,0.981
1778050192.9664927,beam,49.51,1529,3,14.29,0.0,-0.039,-1.182
1778050193.0683322,beam,49.49,1531,3,14.29,0.0,-0.037,0.024
1778050193.183299,beam,49.52,1537,3,15.08,0.0,0.072,0.945
1778050193.2966154,beam,49.54,1551,3,15.87,0.0,0.029,-0.375
1778050193.399032,beam,49.55,1565,3,15.87,0.0,0.046,0.168
1778050193.4998255,beam,49.6,1583,3,17.06,0.0,0.141,0.939
1778050193.6013243,beam,49.63,1602,3,17.46,0.0,0.062,-0.781
1778050193.7179167,beam,49.66,1620,3,17.86,0.0,0.089,0.233
1778050193.8302343,beam,49.73,1633,3,18.25,0.0,0.16,0.634
1778050193.9306033,beam,49.77,1642,3,18.25,0.0,0.105,-0.547
1778050194.050459,beam,49.84,1652,3,18.65,0.0,0.18,0.622
1778050194.1508002,beam,49.92,1658,3,18.65,0.0,0.212,0.326
1778050194.2639844,beam,50.0,1662,3,18.65,0.0,0.184,-0.248
1778050194.366833,beam,50.06,1664,3,18.65,0.0,0.175,-0.089
1778050194.4792042,beam,50.12,1666,3,18.65,0.0,0.136,-0.352
1778050194.5808594,beam,50.19,1667,3,18.65,0.0,0.2,0.631
1778050194.6982734,beam,50.28,1669,3,19.44,0.0,0.208,0.071
1778050194.815225,beam,50.35,1673,3,19.44,0.0,0.169,-0.33
1778050194.929736,beam,50.42,1685,3,20.63,0.0,0.178,0.075
1778050195.0348213,beam,50.49,1694,3,19.84,0.0,0.185,0.065
1778050195.1495342,beam,50.58,1702,3,20.63,0.0,0.219,0.301
1778050195.2612395,beam,50.68,1714,3,20.63,0.0,0.233,0.122
1778050195.3636012,beam,50.75,1722,3,20.63,0.0,0.215,-0.178
1778050195.467584,beam,50.84,1728,3,20.63,0.0,0.226,0.112
1778050195.5810068,beam,50.93,1735,3,21.43,0.0,0.229,0.021
1778050195.6980622,beam,51.04,1747,3,21.83,0.0,0.254,0.215
1778050195.7996342,beam,51.14,1755,3,21.83,0.0,0.275,0.207
1778050195.9148319,beam,51.25,1761,3,21.43,0.0,0.27,-0.045
1778050196.0177698,beam,51.34,1760,3,21.43,0.0,0.244,-0.251
1778050196.13323,beam,51.47,1759,3,21.43,0.0,0.299,0.473
1778050196.25114,beam,51.56,1759,3,21.43,0.0,0.219,-0.674
1778050196.3647254,beam,51.67,1759,3,21.43,0.0,0.277,0.505
1778050196.4795694,beam,51.77,1760,3,21.43,0.0,0.246,-0.264
1778050196.5811505,beam,51.87,1761,3,21.43,0.0,0.267,0.207
1778050196.6921332,beam,51.96,1762,3,21.43,0.0,0.219,-0.438
1778050196.7959375,beam,52.06,1763,3,21.43,0.0,0.259,0.394
1778050196.8997276,beam,52.13,1764,3,21.43,0.0,0.193,-0.645
1778050197.0156493,beam,52.24,1766,3,21.43,0.0,0.278,0.738
1778050197.1172128,beam,52.33,1767,3,21.43,0.0,0.245,-0.325
1778050197.2286556,beam,52.44,1768,3,21.43,0.0,0.253,0.074
1778050197.3307867,beam,52.52,1769,3,21.43,0.0,0.241,-0.121
1778050197.4486196,beam,52.63,1772,3,21.83,0.0,0.238,-0.026
1778050197.5487247,beam,52.71,1777,3,21.83,0.0,0.221,-0.168
1778050197.6603596,beam,52.81,1780,3,21.83,0.0,0.265,0.396
1778050197.7842867,beam,52.91,1783,3,21.83,0.0,0.227,-0.31
1778050197.8957298,beam,53.04,1784,3,21.83,0.0,0.325,0.881
1778050197.9971673,beam,53.12,1786,3,21.83,0.0,0.201,-1.226
1778050198.099342,beam,53.22,1787,3,21.83,0.0,0.28,0.775
1778050198.212971,beam,53.3,1788,3,21.83,0.0,0.198,-0.722
1778050198.3131294,beam,53.41,1789,3,21.83,0.0,0.303,1.053
1778050198.4141078,beam,53.49,1790,3,21.83,0.0,0.215,-0.877
1778050198.5185013,beam,53.59,1791,3,21.83,0.0,0.269,0.519
1778050198.6344767,beam,53.63,1792,3,21.83,0.0,0.102,-1.44
1778050198.7419288,beam,53.73,1794,3,21.83,0.0,0.244,1.321
1778050198.8458803,beam,53.84,1795,3,21.83,0.0,0.301,0.547
1778050198.9490852,beam,53.93,1796,3,21.83,0.0,0.254,-0.453
1778050199.062186,beam,54.03,1797,3,21.83,0.0,0.242,-0.102
1778050199.162673,beam,54.12,1798,3,21.83,0.0,0.245,0.024
1778050199.2642975,beam,54.21,1799,3,21.83,0.0,0.239,-0.061
1778050199.37784,beam,54.33,1801,3,21.83,0.0,0.301,0.55
1778050199.4798074,beam,54.38,1802,3,21.83,0.0,0.127,-1.707
1778050199.582326,beam,54.46,1803,3,21.83,0.0,0.227,0.977
1778050199.69822,beam,54.55,1808,3,22.62,0.0,0.224,-0.031
1778050199.808669,beam,54.64,1817,3,22.62,0.0,0.226,0.022
1778050199.9109833,beam,54.76,1822,3,22.62,0.0,0.304,0.762
1778050200.0171258,beam,54.83,1825,3,22.62,0.0,0.198,-0.998
1778050200.1253457,beam,54.92,1827,3,22.62,0.0,0.22,0.201
1778050200.2302856,beam,55.01,1828,3,22.62,0.0,0.254,0.323
1778050200.3438163,beam,55.12,1828,3,22.62,0.0,0.254,0.005
1778050200.4616828,beam,55.22,1830,3,23.02,0.0,0.231,-0.194
1778050200.5676265,beam,55.32,1833,3,22.62,0.0,0.277,0.43
1778050200.67859,beam,55.37,1833,3,23.02,0.0,0.115,-1.459
1778050200.779402,beam,55.45,1836,3,22.62,0.0,0.227,1.112
1778050200.880079,beam,55.54,1836,3,22.62,0.0,0.236,0.091
1778050200.9998076,beam,55.64,1837,3,22.62,0.0,0.249,0.108
1778050201.109895,beam,55.76,1838,3,22.62,0.0,0.296,0.426
1778050201.2310963,beam,55.85,1839,3,22.62,0.0,0.217,-0.657
1778050201.333847,beam,55.92,1840,3,22.62,0.0,0.175,-0.402
1778050201.44494,beam,55.99,1841,3,22.62,0.0,0.169,-0.053
1778050201.5463269,beam,56.09,1842,3,22.62,0.0,0.269,0.983
1778050201.6576703,beam,56.17,1843,3,22.62,0.0,0.2,-0.623
1778050201.7584183,beam,56.26,1844,3,22.62,0.0,0.251,0.511
1778050201.8637345,beam,56.29,1845,3,22.62,0.0,0.094,-1.49
1778050201.9667115,beam,56.41,1846,3,22.62,0.0,0.32,2.188
1778050202.0818021,beam,56.45,1847,3,22.62,0.0,0.085,-2.04
1778050202.1836622,beam,56.51,1848,3,22.62,0.0,0.182,0.954
1778050202.2847521,beam,56.59,1849,3,22.62,0.0,0.204,0.218
1778050202.397346,beam,56.8,1850,3,22.62,0.0,0.536,2.947
1778050202.4981081,beam,57.17,1854,3,22.62,0.0,1.01,4.702
1778050202.5997772,beam,57.34,1857,3,22.62,0.0,0.464,-5.361
1778050202.7161543,beam,57.0,1856,3,22.62,0.0,-0.81,-10.954
1778050202.8310575,beam,56.55,1853,3,22.62,0.0,-1.086,-2.399
1778050202.9495938,beam,56.65,1851,3,22.62,0.0,0.241,11.198
1778050203.0634434,beam,56.85,1852,3,22.62,0.0,0.482,2.118
1778050203.1734366,beam,57.07,1854,3,22.62,0.0,0.555,0.663
1778050203.280421,beam,57.2,1856,3,22.62,0.0,0.326,-2.148
1778050203.4028873,beam,57.38,1858,3,22.62,0.0,0.407,0.661
1778050203.509022,beam,57.43,1860,3,22.62,0.0,0.134,-2.572
1778050203.6131206,beam,57.47,1861,3,22.62,0.0,0.108,-0.246
1778050203.7131472,beam,57.52,1862,3,22.62,0.0,0.143,0.347
1778050203.8311112,beam,57.58,1863,3,22.62,0.0,0.142,-0.001
1778050203.9402053,beam,57.68,1864,3,22.62,0.0,0.243,0.924
1778050204.0450034,beam,57.75,1865,3,22.62,0.0,0.206,-0.353
1778050204.149835,beam,57.83,1866,3,22.62,0.0,0.21,0.036
1778050204.2658603,beam,57.94,1867,3,22.62,0.0,0.262,0.447
1778050204.3737316,beam,58.0,1869,3,23.02,0.0,0.157,-0.97
1778050204.4805312,beam,58.09,1873,3,22.62,0.0,0.216,0.555
1778050204.5960448,beam,58.19,1879,3,22.62,0.0,0.246,0.258
1778050204.6982682,beam,58.25,1879,3,23.02,0.0,0.16,-0.843
1778050204.816206,beam,58.35,1878,3,22.62,0.0,0.236,0.641
1778050204.931295,beam,58.4,1876,3,22.62,0.0,0.135,-0.873
1778050205.0515077,beam,58.51,1876,3,22.62,0.0,0.237,0.845
1778050205.1562064,beam,58.58,1877,3,22.62,0.0,0.19,-0.444
1778050205.2592306,beam,58.64,1878,3,22.62,0.0,0.174,-0.16
1778050205.3644323,beam,58.7,1879,3,22.62,0.0,0.153,-0.198
1778050205.4825768,beam,58.79,1880,3,22.62,0.0,0.201,0.403
1778050205.5979664,beam,58.85,1881,3,22.62,0.0,0.157,-0.377
1778050205.7067795,beam,58.96,1882,3,22.62,0.0,0.268,1.019
1778050205.8085718,beam,59.03,1883,3,22.62,0.0,0.204,-0.625
1778050205.9123669,beam,59.08,1884,3,22.62,0.0,0.119,-0.825
1778050206.0289395,beam,59.18,1885,3,22.62,0.0,0.241,1.05
1778050206.1465952,beam,59.22,1886,3,22.62,0.0,0.112,-1.093
1778050206.2474027,beam,59.32,1887,3,22.62,0.0,0.258,1.445
1778050206.3626983,beam,59.39,1888,3,22.62,0.0,0.165,-0.809
1778050206.4636705,beam,59.46,1889,3,22.62,0.0,0.208,0.427
1778050206.563927,beam,59.51,1890,3,22.62,0.0,0.134,-0.742
1778050206.6722915,beam,59.56,1891,3,22.62,0.0,0.116,-0.163
1778050206.775675,beam,59.66,1892,3,22.62,0.0,0.289,1.675
1778050206.8766553,beam,59.73,1893,3,22.62,0.0,0.199,-0.89
1778050206.9810104,beam,59.81,1894,3,22.62,0.0,0.198,-0.013
1778050207.094105,beam,59.88,1895,3,22.62,0.0,0.163,-0.305
1778050207.197942,beam,59.95,1896,3,22.62,0.0,0.19,0.258
1778050207.313309,beam,59.98,1898,3,22.62,0.0,0.084,-0.918
1778050207.4163084,beam,60.06,1899,3,22.62,0.0,0.221,1.331
1778050207.5294318,beam,60.13,1900,3,22.62,0.0,0.173,-0.43
1778050207.6302676,beam,60.2,1901,3,22.62,0.0,0.187,0.143
1778050207.7465622,beam,60.26,1902,3,22.62,0.0,0.138,-0.419
1778050207.8483691,beam,60.32,1903,3,22.62,0.0,0.162,0.228
1778050207.962629,beam,60.4,1904,3,22.62,0.0,0.186,0.213
1778050208.0640755,beam,60.46,1905,3,22.62,0.0,0.172,-0.141
1778050208.164934,beam,60.55,1906,3,22.62,0.0,0.24,0.674
1778050208.2793999,beam,60.56,1907,3,22.62,0.0,0.046,-1.694
1778050208.3908813,beam,60.65,1908,3,23.02,0.0,0.204,1.418
1778050208.4966176,beam,60.71,1913,3,23.02,0.0,0.165,-0.366
1778050208.6068113,beam,60.76,1916,3,22.62,0.0,0.131,-0.315
1778050208.7131538,beam,60.81,1914,3,22.62,0.0,0.121,-0.09
1778050208.8296745,beam,60.94,1913,3,22.62,0.0,0.316,1.675
1778050208.9469395,beam,61.04,1913,3,22.62,0.0,0.228,-0.748
1778050209.0651588,beam,61.01,1914,3,22.62,0.0,-0.071,-2.531
1778050209.1730013,beam,61.09,1915,3,23.81,0.0,0.226,2.751
1778050209.278478,beam,61.16,1925,3,22.62,0.0,0.16,-0.625
1778050209.3972747,beam,61.22,1923,3,22.62,0.0,0.156,-0.03
1778050209.5060096,beam,61.3,1920,3,23.81,0.0,0.212,0.512
1778050209.6137502,beam,61.32,1930,3,23.81,0.0,0.044,-1.558
1778050209.7272437,beam,61.38,1930,3,22.62,0.0,0.13,0.754
1778050209.8496566,beam,61.46,1932,3,23.81,0.0,0.191,0.497
1778050209.9544024,beam,61.55,1935,3,22.62,0.0,0.241,0.484
1778050210.0747783,beam,61.61,1934,3,23.81,0.0,0.143,-0.815
1778050210.1939433,beam,61.7,1943,3,23.81,0.0,0.214,0.593
1778050210.3134956,beam,61.78,1943,3,23.81,0.0,0.167,-0.391
1778050210.422995,beam,61.85,1946,3,23.81,0.0,0.178,0.094
1778050210.543226,beam,61.91,1949,3,24.21,0.0,0.149,-0.241
1778050210.6614697,beam,61.98,1955,3,23.81,0.0,0.163,0.121
1778050210.7763531,beam,62.07,1955,3,24.21,0.0,0.215,0.453
1778050210.897749,beam,62.15,1959,3,24.21,0.0,0.182,-0.271
1778050211.0071013,beam,62.22,1963,3,25.0,0.0,0.191,0.083
1778050211.1076589,beam,62.29,1971,3,25.0,0.0,0.183,-0.078
1778050211.2113862,beam,62.38,1977,3,25.0,0.0,0.236,0.507
1778050211.3295598,beam,62.45,1981,3,25.4,0.0,0.162,-0.624
1778050211.4461558,beam,62.57,1986,3,25.4,0.0,0.297,1.154
1778050211.5555923,beam,62.68,1990,3,25.4,0.0,0.277,-0.177
1778050211.6569884,beam,62.79,1993,3,25.4,0.0,0.314,0.362
1778050211.7593012,beam,62.84,1994,3,25.4,0.0,0.133,-1.77
1778050211.8797348,beam,63.01,1996,3,25.0,0.0,0.39,2.132
1778050211.9968324,beam,63.21,1991,3,24.21,0.0,0.457,0.579
1778050212.1172247,beam,63.35,1983,3,23.81,0.0,0.337,-0.998
1778050212.2233396,beam,63.5,1980,3,24.21,0.0,0.392,0.52
1778050212.3308892,beam,63.74,1983,3,23.81,0.0,0.614,2.063
1778050212.4378147,beam,63.9,1982,3,23.81,0.0,0.406,-1.95
1778050212.5437868,beam,64.07,1982,3,23.02,0.0,0.452,0.44
1778050212.6625903,beam,64.19,1978,3,23.02,0.0,0.287,-1.395
1778050212.772518,beam,64.36,1977,3,23.02,0.0,0.43,1.307
1778050212.8823075,beam,64.52,1978,3,23.02,0.0,0.402,-0.259
1778050212.9935699,beam,64.68,1981,3,23.02,0.0,0.403,0.008
1778050213.1152432,beam,64.87,1984,3,23.02,0.0,0.436,0.269
1778050213.2209957,beam,65.08,1987,3,23.02,0.0,0.543,1.017
1778050213.3294506,beam,65.27,1991,3,23.81,0.0,0.482,-0.564
1778050213.4479704,beam,65.45,2001,3,23.81,0.0,0.42,-0.522
1778050213.5557108,beam,65.68,2008,3,23.02,0.0,0.593,1.607
1778050213.6607482,beam,65.88,2007,3,23.81,0.0,0.544,-0.464
1778050213.7709525,beam,66.05,2011,3,23.02,0.0,0.421,-1.12
1778050213.893737,beam,66.26,2011,3,23.02,0.0,0.484,0.514
1778050214.013965,beam,66.5,2013,3,23.02,0.0,0.536,0.427
1778050214.125852,beam,66.69,2016,3,23.02,0.0,0.478,-0.51
1778050214.2385051,beam,66.85,2020,3,23.02,0.0,0.404,-0.657
1778050214.3387067,beam,67.03,2023,3,23.02,0.0,0.493,0.882
1778050214.4465404,beam,67.26,2027,3,23.02,0.0,0.583,0.832
1778050214.5559115,beam,67.47,2031,3,23.02,0.0,0.534,-0.443
1778050214.6791468,beam,67.71,2035,3,23.02,0.0,0.559,0.202
1778050214.793781,beam,67.93,2040,3,23.02,0.0,0.512,-0.407
1778050214.8953815,beam,68.09,2043,3,23.02,0.0,0.446,-0.656
1778050215.0080843,beam,68.28,2047,3,23.02,0.0,0.465,0.174
1778050215.120474,beam,68.55,2052,3,23.02,0.0,0.684,1.943
1778050215.221742,beam,68.7,2056,3,23.02,0.0,0.407,-2.73
1778050215.3327088,beam,68.99,2060,3,23.02,0.0,0.725,2.861
1778050215.4467037,beam,69.16,2064,3,23.02,0.0,0.397,-2.877
1778050215.5548134,beam,69.38,2068,3,23.02,0.0,0.584,1.731
1778050215.6634197,beam,69.58,2073,3,23.02,0.0,0.504,-0.738
1778050215.7730505,beam,69.83,2077,3,23.02,0.0,0.637,1.215
1778050215.876437,beam,70.0,2081,3,23.02,0.0,0.465,-1.661
1778050215.9789693,beam,70.2,2085,3,23.02,0.0,0.518,0.514
1778050216.0881705,beam,70.41,2090,3,23.02,0.0,0.552,0.312
1778050216.2087407,beam,70.68,2094,3,23.02,0.0,0.624,0.593
1778050216.3281455,beam,70.87,2098,3,23.02,0.0,0.442,-1.52
1778050216.4303188,beam,71.06,2103,3,23.02,0.0,0.517,0.735
1778050216.5458293,beam,71.27,2107,3,23.02,0.0,0.505,-0.101
1778050216.6607625,beam,71.5,2111,3,23.02,0.0,0.543,0.325
1778050216.7627087,beam,71.69,2115,3,23.02,0.0,0.515,-0.271
1778050216.8708768,beam,71.92,2119,3,23.02,0.0,0.601,0.796
1778050216.9762025,beam,72.05,2123,3,23.02,0.0,0.332,-2.56
1778050217.079655,beam,72.26,2127,3,23.02,0.0,0.569,2.29
1778050217.1943476,beam,72.51,2132,3,23.02,0.0,0.609,0.351
1778050217.3061864,beam,72.71,2136,3,23.02,0.0,0.49,-1.06
1778050217.408421,beam,72.92,2141,3,23.02,0.0,0.588,0.95
1778050217.509987,beam,73.08,2144,3,23.02,0.0,0.417,-1.679
1778050217.6129851,beam,73.27,2148,3,23.02,0.0,0.527,1.068
1778050217.7130907,beam,73.46,2152,3,23.02,0.0,0.52,-0.075
1778050217.82118,beam,73.63,2157,3,23.02,0.0,0.443,-0.713
1778050217.9258502,beam,73.82,2161,3,23.02,0.0,0.488,0.438
1778050218.041203,beam,74.0,2165,3,23.02,0.0,0.449,-0.339
1778050218.146055,beam,74.23,2169,3,23.02,0.0,0.598,1.421
1778050218.2596707,beam,74.48,2173,3,23.02,0.0,0.61,0.106
1778050218.362165,beam,74.64,2177,3,23.02,0.0,0.43,-1.757
1778050218.4703681,beam,74.82,2182,3,23.02,0.0,0.469,0.357
1778050218.5743601,beam,75.04,2186,3,23.02,0.0,0.588,1.145
1778050218.6793158,beam,75.05,2189,3,23.02,0.0,0.038,-5.236
1778050218.7865777,beam,75.27,2192,3,23.02,0.0,0.57,4.953
1778050218.891009,beam,75.47,2195,3,23.02,0.0,0.535,-0.333
1778050218.9943368,beam,75.58,2199,3,23.02,0.0,0.274,-2.526
1778050219.1079175,beam,75.8,2204,3,23.02,0.0,0.542,2.36
1778050219.2275476,beam,75.98,2208,3,23.02,0.0,0.427,-0.956
1778050219.342225,beam,76.11,2211,3,23.02,0.0,0.307,-1.047
1778050219.4594333,beam,76.26,2215,3,23.02,0.0,0.365,0.489
1778050219.5623274,beam,76.37,2218,3,23.02,0.0,0.286,-0.769
1778050219.6755502,beam,76.63,2222,3,23.02,0.0,0.642,3.145
1778050219.7932458,beam,76.77,2227,3,23.02,0.0,0.336,-2.598
1778050219.9086225,beam,76.99,2231,3,23.02,0.0,0.519,1.587
1778050220.0278277,beam,77.05,2234,3,23.02,0.0,0.157,-3.037
1778050220.1290627,beam,77.06,2234,3,23.02,0.0,0.026,-1.295
1778050220.242929,beam,77.2,2236,3,23.02,0.0,0.326,2.634
1778050220.34391,beam,77.34,2240,3,23.02,0.0,0.4,0.739
1778050220.4576495,beam,77.55,2245,3,23.02,0.0,0.496,0.837
1778050220.5607827,beam,77.77,2249,3,23.02,0.0,0.594,0.958
1778050220.6743817,beam,77.76,2250,3,23.02,0.0,-0.026,-5.458
1778050220.7778618,beam,77.89,2253,3,23.02,0.0,0.358,3.707
1778050220.892551,beam,78.01,2256,3,23.02,0.0,0.3,-0.506
1778050220.9950812,beam,78.07,2257,3,23.02,0.0,0.14,-1.561
1778050221.1086392,beam,78.05,2258,3,23.02,0.0,-0.048,-1.652
1778050221.2124631,beam,78.14,2259,3,23.02,0.0,0.25,2.871
1778050221.3277075,beam,78.31,2260,3,23.02,0.0,0.408,1.366
1778050221.4363334,beam,78.34,2264,3,23.02,0.0,0.086,-2.963
1778050221.5434537,beam,78.5,2267,3,23.02,0.0,0.404,2.971
1778050221.6628222,beam,78.54,2268,3,23.02,0.0,0.097,-2.577
1778050221.7688708,beam,78.62,2269,3,22.62,0.0,0.208,1.054
1778050221.8768435,beam,78.65,2260,3,19.44,0.0,0.071,-1.273
1778050221.977508,beam,78.65,2228,3,14.29,0.0,0.009,-0.613
1778050222.087172,beam,78.51,2137,3,0.0,0.0,-0.346,-3.239
1778050222.192831,beam,78.18,2035,3,0.0,0.0,-0.876,-5.016
1778050222.3116872,beam,77.8,1995,3,0.0,0.0,-0.885,-0.074
1778050222.412765,beam,77.54,1980,3,0.0,0.0,-0.719,1.642
1778050222.5246584,beam,77.3,1969,3,0.0,0.0,-0.588,1.167
1778050222.6356537,beam,77.09,1961,3,0.0,0.0,-0.521,0.603
1778050222.7404761,beam,76.98,1956,3,0.0,0.0,-0.315,1.966
1778050222.858501,beam,76.71,1949,3,0.0,0.0,-0.616,-2.548
1778050222.9614441,beam,76.43,1943,3,0.0,0.0,-0.779,-1.584
1778050223.0742533,beam,76.05,1931,3,0.0,0.0,-0.917,-1.224
1778050223.1757796,beam,75.72,1920,3,0.0,0.0,-0.921,-0.039
1778050223.2780695,beam,75.49,1911,3,0.0,0.0,-0.606,3.082
1778050223.3917255,beam,75.3,1902,3,0.0,0.0,-0.473,1.171
1778050223.5086968,beam,75.1,1895,3,0.0,0.0,-0.476,-0.026
1778050223.6095145,beam,74.9,1889,3,0.0,0.0,-0.557,-0.803
1778050223.7110054,beam,74.68,1883,3,0.0,0.0,-0.608,-0.511
1778050223.821017,beam,74.45,1875,3,0.0,0.0,-0.578,0.28
1778050223.9243696,beam,74.23,1868,3,0.0,0.0,-0.589,-0.111
1778050224.0300736,beam,74.05,1861,3,0.0,0.0,-0.457,1.251
1778050224.1408072,beam,73.79,1857,3,1.59,0.0,-0.651,-1.756
1778050224.2614408,beam,73.57,1890,3,2.78,0.0,-0.507,1.193
1778050224.3621018,beam,73.38,1918,3,5.56,0.0,-0.526,-0.188
1778050224.4709537,beam,73.25,1957,3,6.75,0.0,-0.333,1.776
1778050224.5913036,beam,73.15,1969,3,7.14,0.0,-0.227,0.882
1778050224.6915658,beam,73.08,1970,3,7.14,0.0,-0.205,0.216
1778050224.7935867,beam,72.99,1968,3,7.14,0.0,-0.246,-0.4
1778050224.9043021,beam,72.9,1966,3,7.14,0.0,-0.228,0.159
1778050225.0067177,beam,72.82,1964,3,7.54,0.0,-0.211,0.167
1778050225.1081395,beam,72.73,1965,3,7.54,0.0,-0.247,-0.35
1778050225.22474,beam,72.64,1963,3,7.54,0.0,-0.208,0.331
1778050225.3265939,beam,72.59,1966,3,9.92,0.0,-0.158,0.494
1778050225.4419425,beam,72.54,1999,3,13.49,0.0,-0.104,0.468
1778050225.5462725,beam,72.59,2015,3,13.49,0.0,0.133,2.272
1778050225.6580038,beam,72.56,2018,3,13.49,0.0,-0.082,-1.925
1778050225.7718706,beam,72.56,2018,3,12.7,0.0,0.009,0.796
1778050225.8912134,beam,72.5,2011,3,12.7,0.0,-0.152,-1.348
1778050226.0104854,beam,72.41,2009,3,12.7,0.0,-0.196,-0.364
1778050226.1188736,beam,72.37,2009,3,12.7,0.0,-0.115,0.74
1778050226.2291632,beam,72.4,2008,3,12.7,0.0,0.075,1.727
1778050226.33763,beam,72.38,2008,3,12.7,0.0,-0.051,-1.162
1778050226.458332,beam,72.41,2007,3,12.7,0.0,0.072,1.016
1778050226.5778248,beam,72.4,2007,3,12.7,0.0,-0.012,-0.701
1778050226.695721,beam,72.4,2006,3,12.7,0.0,-0.015,-0.026
1778050226.8095667,beam,72.44,2006,3,12.7,0.0,0.09,0.921
1778050226.9180567,beam,72.34,2005,3,12.7,0.0,-0.241,-3.047
1778050227.029529,beam,72.3,2005,3,12.7,0.0,-0.093,1.326
1778050227.1415074,beam,72.32,2004,3,12.7,0.0,0.029,1.095
1778050227.2506008,beam,72.26,2003,3,12.7,0.0,-0.141,-1.566
1778050227.3512099,beam,72.34,2003,3,13.49,0.0,0.22,3.593
1778050227.453051,beam,72.26,2008,3,13.49,0.0,-0.214,-4.261
1778050227.5555215,beam,72.23,2010,3,13.49,0.0,-0.084,1.269
1778050227.6772072,beam,72.19,2011,3,13.49,0.0,-0.091,-0.054
1778050227.7793663,beam,72.23,2011,3,13.49,0.0,0.1,1.869
1778050227.8926878,beam,72.13,2009,3,13.49,0.0,-0.243,-3.031
1778050227.9934142,beam,72.14,2009,3,13.49,0.0,0.033,2.737
1778050228.1054807,beam,72.12,2009,3,12.7,0.0,-0.038,-0.63
1778050228.2059247,beam,72.1,2003,3,12.7,0.0,-0.058,-0.202
1778050228.3070223,beam,72.11,1998,3,12.3,0.0,0.011,0.687
1778050228.4174578,beam,72.06,1995,3,12.3,0.0,-0.109,-1.092
1778050228.5415692,beam,72.02,1993,3,12.3,0.0,-0.09,0.154
1778050228.6427653,beam,71.97,1992,3,12.3,0.0,-0.147,-0.556
1778050228.743892,beam,72.01,1992,3,12.3,0.0,0.101,2.451
1778050228.851168,beam,71.93,1991,3,12.3,0.0,-0.209,-2.895
1778050228.9522479,beam,71.9,1990,3,12.3,0.0,-0.076,1.324
1778050229.0541587,beam,71.86,1989,3,12.3,0.0,-0.111,-0.351
1778050229.1615732,beam,71.8,1986,3,11.91,0.0,-0.144,-0.302
1778050229.265774,beam,71.76,1983,3,11.91,0.0,-0.115,0.279
1778050229.3690772,beam,71.71,1981,3,11.91,0.0,-0.131,-0.157
1778050229.4745235,beam,71.66,1980,3,11.91,0.0,-0.123,0.075
1778050229.578295,beam,71.61,1979,3,11.91,0.0,-0.139,-0.159
1778050229.694742,beam,71.5,1979,3,12.7,0.0,-0.26,-1.035
1778050229.80015,beam,71.48,1983,3,12.7,0.0,-0.054,1.951
1778050229.9031029,beam,71.46,1983,3,12.7,0.0,-0.074,-0.194
1778050230.0048685,beam,71.36,1982,3,12.7,0.0,-0.259,-1.812
1778050230.1049025,beam,71.31,1980,3,12.7,0.0,-0.142,1.169
1778050230.226788,beam,71.26,1979,3,12.7,0.0,-0.123,0.156
1778050230.336449,beam,71.21,1977,3,12.7,0.0,-0.124,-0.012
1778050230.458648,beam,71.1,1975,3,12.7,0.0,-0.24,-0.95
1778050230.567443,beam,71.0,1973,3,12.7,0.0,-0.252,-0.11
1778050230.6739848,beam,70.99,1972,3,12.7,0.0,-0.025,2.129
1778050230.7950609,beam,70.87,1970,3,12.7,0.0,-0.282,-2.118
1778050230.902199,beam,70.78,1968,3,12.7,0.0,-0.241,0.38
1778050231.0096123,beam,70.76,1966,3,12.7,0.0,-0.044,1.834
1778050231.1168242,beam,70.67,1964,3,12.7,0.0,-0.234,-1.772
1778050231.2397418,beam,70.57,1961,3,12.7,0.0,-0.235,-0.006
1778050231.3426898,beam,70.52,1960,3,12.7,0.0,-0.127,1.045
1778050231.4488,beam,70.45,1958,3,12.7,0.0,-0.192,-0.612
1778050231.5556474,beam,70.32,1956,3,12.7,0.0,-0.325,-1.243
1778050231.6594968,beam,70.2,1953,3,12.7,0.0,-0.331,-0.056
1778050231.7689579,beam,70.14,1951,3,12.7,0.0,-0.133,1.805
1778050231.889738,beam,70.04,1948,3,12.7,0.0,-0.238,-0.869
1778050232.0060482,beam,69.9,1945,3,12.7,0.0,-0.347,-0.934
1778050232.1251369,beam,69.8,1943,3,12.7,0.0,-0.218,1.081
1778050232.2424617,beam,69.73,1946,3,13.49,0.0,-0.177,0.351
1778050232.3588421,beam,69.65,1947,3,13.49,0.0,-0.183,-0.052
1778050232.4723697,beam,69.58,1946,3,13.49,0.0,-0.17,0.114
1778050232.592123,beam,69.47,1944,3,13.49,0.0,-0.261,-0.757
1778050232.707384,beam,69.42,1942,3,13.49,0.0,-0.11,1.304
1778050232.8151455,beam,69.33,1940,3,13.49,0.0,-0.235,-1.155
1778050232.9206226,beam,69.28,1938,3,13.49,0.0,-0.128,1.014
1778050233.0207543,beam,69.19,1937,3,14.29,0.0,-0.272,-1.442
1778050233.124982,beam,69.15,1942,3,14.29,0.0,-0.101,1.64
1778050233.2407267,beam,69.06,1943,3,14.29,0.0,-0.204,-0.89
1778050233.3421392,beam,69.0,1942,3,14.29,0.0,-0.18,0.234
1778050233.4578254,beam,68.94,1940,3,14.29,0.0,-0.127,0.466
1778050233.5746672,beam,68.89,1939,3,14.29,0.0,-0.117,0.083
1778050233.6901143,beam,68.83,1937,3,14.29,0.0,-0.163,-0.402
1778050233.8085878,beam,68.76,1936,3,14.29,0.0,-0.162,0.01
1778050233.926252,beam,68.7,1935,3,14.29,0.0,-0.146,0.137
1778050234.0424094,beam,68.64,1936,3,14.29,0.0,-0.125,0.179
1778050234.158739,beam,68.59,1933,3,14.29,0.0,-0.133,-0.063
1778050234.2769442,beam,68.52,1931,3,14.29,0.0,-0.169,-0.306
1778050234.3925002,beam,68.46,1929,3,14.29,0.0,-0.123,0.392
1778050234.507641,beam,68.39,1927,3,13.49,0.0,-0.17,-0.404
1778050234.624478,beam,68.33,1918,3,13.49,0.0,-0.157,0.111
1778050234.7402062,beam,68.23,1917,3,14.29,0.0,-0.229,-0.619
1778050234.856199,beam,68.18,1920,3,13.49,0.0,-0.121,0.923
1778050234.957287,beam,68.15,1914,3,13.49,0.0,-0.083,0.385
1778050235.0726213,beam,68.06,1913,3,14.29,0.0,-0.228,-1.258
1778050235.1900258,beam,68.0,1910,3,13.49,0.0,-0.139,0.757
1778050235.3083808,beam,67.9,1906,3,13.49,0.0,-0.24,-0.854
1778050235.4088264,beam,67.86,1904,3,13.49,0.0,-0.106,1.33
1778050235.5182097,beam,67.78,1903,3,13.49,0.0,-0.19,-0.767
1778050235.632088,beam,67.71,1901,3,13.49,0.0,-0.185,0.043
1778050235.7417278,beam,67.67,1899,3,13.49,0.0,-0.108,0.704
1778050235.8537326,beam,67.59,1897,3,13.49,0.0,-0.189,-0.724
1778050235.953794,beam,67.53,1896,3,13.49,0.0,-0.156,0.332
1778050236.0555315,beam,67.48,1899,3,14.29,0.0,-0.138,0.171
1778050236.167322,beam,67.4,1902,3,14.29,0.0,-0.195,-0.505
1778050236.2881868,beam,67.33,1901,3,14.29,0.0,-0.165,0.245
1778050236.3889544,beam,67.27,1899,3,13.49,0.0,-0.158,0.071
1778050236.4890895,beam,67.18,1891,3,13.49,0.0,-0.256,-0.977
1778050236.5999062,beam,67.11,1887,3,13.49,0.0,-0.191,0.584
1778050236.7011874,beam,67.05,1885,3,13.49,0.0,-0.161,0.296
1778050236.801493,beam,66.96,1883,3,13.49,0.0,-0.238,-0.766
1778050236.905725,beam,66.91,1883,3,14.29,0.0,-0.134,0.994
1778050237.0067976,beam,66.84,1888,3,14.29,0.0,-0.187,-0.519
1778050237.1138647,beam,66.8,1889,3,14.29,0.0,-0.122,0.602
1778050237.224728,beam,66.74,1888,3,14.29,0.0,-0.143,-0.187
1778050237.333427,beam,66.67,1886,3,14.29,0.0,-0.186,-0.393
1778050237.4376848,beam,66.61,1885,3,14.29,0.0,-0.148,0.361
1778050237.5413465,beam,66.57,1883,3,14.29,0.0,-0.105,0.417
1778050237.6581898,beam,66.5,1882,3,14.29,0.0,-0.178,-0.622
1778050237.764621,beam,66.41,1880,3,14.29,0.0,-0.22,-0.401
1778050237.8732538,beam,66.36,1879,3,14.29,0.0,-0.145,0.696
1778050237.9926076,beam,66.29,1877,3,14.29,0.0,-0.163,-0.155
1778050238.097905,beam,66.22,1875,3,14.29,0.0,-0.162,0.01
1778050238.202957,beam,66.15,1873,3,14.29,0.0,-0.198,-0.339
1778050238.3060944,beam,66.08,1872,3,14.29,0.0,-0.197,0.008
1778050238.421376,beam,66.01,1870,3,14.29,0.0,-0.156,0.359
1778050238.524458,beam,65.94,1869,3,14.29,0.0,-0.184,-0.272
1778050238.6309407,beam,65.87,1867,3,14.29,0.0,-0.202,-0.17
1778050238.7359688,beam,65.82,1866,3,14.29,0.0,-0.114,0.833
1778050238.8569057,beam,65.75,1868,3,14.29,0.0,-0.167,-0.437
1778050238.9729316,beam,65.71,1865,3,14.29,0.0,-0.104,0.546
1778050239.0830743,beam,65.64,1862,3,14.29,0.0,-0.161,-0.521
1778050239.2007937,beam,65.61,1861,3,14.29,0.0,-0.083,0.667
1778050239.3011808,beam,65.57,1860,3,14.29,0.0,-0.099,-0.162
1778050239.433632,beam,65.55,1859,3,14.29,0.0,-0.048,0.387
1778050239.5663931,beam,65.5,1858,3,14.29,0.0,-0.094,-0.347
1778050239.6668582,beam,65.45,1857,3,14.29,0.0,-0.151,-0.572
1778050239.7679677,beam,65.44,1856,3,14.29,0.0,-0.025,1.249
1778050239.9009228,beam,65.36,1855,3,14.29,0.0,-0.164,-1.049
1778050240.0018353,beam,65.3,1854,3,14.29,0.0,-0.164,0.003
1778050240.1346617,beam,65.25,1853,3,14.29,0.0,-0.108,0.423
1778050240.2668045,beam,65.19,1851,3,14.29,0.0,-0.134,-0.199
1778050240.3672135,beam,65.15,1850,3,14.29,0.0,-0.102,0.321
1778050240.4677036,beam,65.1,1849,3,14.29,0.0,-0.145,-0.431
1778050240.5712192,beam,65.03,1847,3,14.29,0.0,-0.192,-0.447
1778050240.6795044,beam,64.93,1845,3,14.29,0.0,-0.258,-0.61
1778050240.7926347,beam,64.81,1842,3,14.29,0.0,-0.285,-0.242
1778050240.9025912,beam,64.68,1839,3,14.29,0.0,-0.332,-0.424
1778050241.014639,beam,64.63,1837,3,14.29,0.0,-0.126,1.839
1778050241.1164567,beam,64.53,1835,3,13.49,0.0,-0.264,-1.364
1778050241.224369,beam,64.43,1830,3,14.29,0.0,-0.261,0.034
1778050241.3298924,beam,64.37,1831,3,14.29,0.0,-0.166,0.897
1778050241.4327958,beam,64.29,1830,3,14.29,0.0,-0.196,-0.291
1778050241.5383136,beam,64.24,1829,3,14.29,0.0,-0.133,0.602
1778050241.6537251,beam,64.19,1828,3,14.29,0.0,-0.132,0.008
1778050241.7557428,beam,64.14,1826,3,14.29,0.0,-0.141,-0.096
1778050241.867203,beam,64.08,1825,3,14.29,0.0,-0.149,-0.064
1778050241.9890997,beam,63.99,1824,3,14.29,0.0,-0.186,-0.306
1778050242.098477,beam,63.99,1823,3,14.29,0.0,-0.012,1.592
1778050242.2007089,beam,63.93,1822,3,14.29,0.0,-0.169,-1.542
1778050242.3219397,beam,63.86,1820,3,14.29,0.0,-0.152,0.144
1778050242.4400885,beam,63.81,1819,3,14.29,0.0,-0.12,0.267
1778050242.5483582,beam,63.77,1818,3,14.29,0.0,-0.1,0.185
1778050242.668331,beam,63.69,1817,3,14.29,0.0,-0.192,-0.768
1778050242.7878656,beam,63.63,1816,3,14.29,0.0,-0.144,0.403
1778050242.889902,beam,63.62,1815,3,14.29,0.0,-0.017,1.252
1778050242.9988594,beam,63.59,1813,3,14.29,0.0,-0.078,-0.566
1778050243.1011071,beam,63.51,1812,3,14.29,0.0,-0.215,-1.336
1778050243.2014408,beam,63.5,1812,3,14.29,0.0,-0.035,1.791
1778050243.3212454,beam,63.44,1811,3,14.29,0.0,-0.143,-0.905
1778050243.43813,beam,63.39,1809,3,14.29,0.0,-0.119,0.21
1778050243.5526495,beam,63.31,1808,3,14.29,0.0,-0.172,-0.462
1778050243.667849,beam,63.28,1806,3,14.29,0.0,-0.076,0.829
1778050243.7835383,beam,63.23,1805,3,14.29,0.0,-0.132,-0.477
1778050243.90257,beam,63.09,1803,3,14.29,0.0,-0.315,-1.54
1778050244.020181,beam,63.03,1801,3,14.29,0.0,-0.151,1.392
1778050244.1369693,beam,62.94,1800,3,14.29,0.0,-0.213,-0.526
1778050244.246489,beam,62.9,1798,3,14.29,0.0,-0.114,0.904
1778050244.3530777,beam,62.71,1796,3,14.29,0.0,-0.478,-3.416
1778050244.4534287,beam,62.7,1794,3,14.29,0.0,-0.02,4.559
1778050244.56314,beam,62.62,1792,3,14.29,0.0,-0.204,-1.673
1778050244.6709473,beam,62.51,1790,3,14.29,0.0,-0.298,-0.878
1778050244.783531,beam,62.33,1788,3,14.29,0.0,-0.446,-1.308
1778050244.8878322,beam,62.23,1785,3,14.29,0.0,-0.259,1.792
1778050244.9963176,beam,62.18,1783,3,14.29,0.0,-0.134,1.15
1778050245.0996287,beam,62.12,1781,3,14.29,0.0,-0.16,-0.25
1778050245.2182324,beam,61.96,1778,3,14.29,0.0,-0.366,-1.736
1778050245.3367715,beam,61.84,1775,3,14.29,0.0,-0.287,0.662
1778050245.4536114,beam,61.65,1772,3,14.29,0.0,-0.454,-1.428
1778050245.571069,beam,61.53,1769,3,14.29,0.0,-0.273,1.544
1778050245.6816766,beam,61.41,1766,3,14.29,0.0,-0.314,-0.369
1778050245.799439,beam,61.24,1763,3,14.29,0.0,-0.407,-0.796
1778050245.8995042,beam,61.16,1761,3,14.29,0.0,-0.201,2.061
1778050246.0279777,beam,61.03,1758,3,14.29,0.0,-0.288,-0.68
1778050246.1304142,beam,60.81,1755,3,14.29,0.0,-0.584,-2.889
1778050246.2317996,beam,60.63,1752,3,14.29,0.0,-0.51,0.732
1778050246.331902,beam,60.52,1746,3,12.7,0.0,-0.306,2.043
1778050246.454706,beam,60.37,1732,3,14.29,0.0,-0.336,-0.246
1778050246.56283,beam,60.26,1736,3,14.29,0.0,-0.286,0.461
1778050246.663371,beam,60.15,1736,3,14.29,0.0,-0.309,-0.226
1778050246.7718616,beam,60.0,1728,3,13.49,0.0,-0.371,-0.574
1778050246.8744788,beam,59.9,1720,3,14.29,0.0,-0.276,0.925
1778050246.9876108,beam,59.7,1723,3,14.29,0.0,-0.478,-1.783
1778050247.101381,beam,59.49,1723,3,14.29,0.0,-0.536,-0.509
1778050247.2028053,beam,59.34,1714,3,13.49,0.0,-0.398,1.361
1778050247.3133445,beam,59.14,1704,3,14.29,0.0,-0.493,-0.856
1778050247.4353905,beam,58.93,1707,3,14.29,0.0,-0.477,0.128
1778050247.5538504,beam,58.75,1707,3,14.29,0.0,-0.444,0.281
1778050247.6629171,beam,58.56,1705,3,14.29,0.0,-0.472,-0.262
1778050247.7711654,beam,58.41,1702,3,14.29,0.0,-0.386,0.798
1778050247.8711774,beam,58.25,1699,3,14.29,0.0,-0.431,-0.45
1778050247.9829314,beam,58.06,1695,3,14.29,0.0,-0.48,-0.437
1778050248.0992877,beam,57.86,1691,3,14.29,0.0,-0.485,-0.043
1778050248.217334,beam,57.68,1688,3,14.29,0.0,-0.414,0.598
1778050248.3206253,beam,57.6,1684,3,14.29,0.0,-0.23,1.778
1778050248.4308722,beam,57.33,1681,3,14.29,0.0,-0.677,-4.048
1778050248.551515,beam,57.13,1677,3,14.29,0.0,-0.463,1.77
1778050248.6637104,beam,56.96,1673,3,14.29,0.0,-0.419,0.395
1778050248.7640383,beam,56.83,1670,3,14.29,0.0,-0.367,0.515
1778050248.8662484,beam,56.68,1667,3,14.29,0.0,-0.395,-0.271
1778050248.9707813,beam,56.51,1664,3,14.29,0.0,-0.461,-0.632
1778050249.0714633,beam,56.35,1661,3,14.29,0.0,-0.423,0.378
1778050249.1725948,beam,56.22,1657,3,14.29,0.0,-0.378,0.444
1778050249.2853866,beam,56.02,1654,3,14.29,0.0,-0.492,-1.014
1778050249.3950853,beam,55.86,1651,3,14.29,0.0,-0.389,0.941
1778050249.4958043,beam,55.69,1647,3,14.29,0.0,-0.478,-0.879
1778050249.5985582,beam,55.51,1644,3,14.29,0.0,-0.477,0.007
1778050249.6987684,beam,55.39,1641,3,14.29,0.0,-0.332,1.448
1778050249.8205776,beam,55.18,1638,3,14.29,0.0,-0.48,-1.216
1778050249.9354205,beam,55.04,1635,3,14.29,0.0,-0.335,1.265
1778050250.0368462,beam,54.9,1632,3,14.29,0.0,-0.4,-0.64
1778050250.1521268,beam,54.73,1629,3,14.29,0.0,-0.404,-0.035
1778050250.2536376,beam,54.58,1626,3,14.29,0.0,-0.421,-0.175
1778050250.3540435,beam,54.42,1623,3,14.29,0.0,-0.442,-0.202
1778050250.4639478,beam,54.27,1620,3,14.29,0.0,-0.368,0.673
1778050250.5648162,beam,54.1,1617,3,14.29,0.0,-0.47,-1.018
1778050250.6650574,beam,53.99,1614,3,14.29,0.0,-0.308,1.614
1778050250.7677014,beam,53.85,1612,3,14.29,0.0,-0.389,-0.781
1778050250.870688,beam,53.73,1609,3,14.29,0.0,-0.316,0.704
1778050250.9881558,beam,53.57,1606,3,14.29,0.0,-0.377,-0.52
1778050251.1025896,beam,53.38,1603,3,14.29,0.0,-0.449,-0.627
1778050251.2053986,beam,53.26,1601,3,14.29,0.0,-0.339,1.064
1778050251.3117993,beam,53.15,1598,3,14.29,0.0,-0.281,0.554
1778050251.413571,beam,53.01,1596,3,14.29,0.0,-0.389,-1.064
1778050251.5329661,beam,52.83,1593,3,14.29,0.0,-0.405,-0.133
1778050251.655207,beam,52.7,1590,3,14.29,0.0,-0.298,0.872
1778050251.766744,beam,52.54,1587,3,14.29,0.0,-0.394,-0.863
1778050251.8877604,beam,52.43,1585,3,14.29,0.0,-0.27,1.03
1778050251.99372,beam,52.3,1583,3,14.29,0.0,-0.327,-0.542
1778050252.094742,beam,52.18,1580,3,14.29,0.0,-0.349,-0.219
1778050252.1967554,beam,52.04,1578,3,14.29,0.0,-0.364,-0.144
1778050252.30049,beam,51.95,1576,3,14.29,0.0,-0.253,1.066
1778050252.4027448,beam,51.84,1574,3,14.29,0.0,-0.279,-0.253
1778050252.5193858,beam,51.71,1572,3,14.29,0.0,-0.33,-0.432
1778050252.621714,beam,51.58,1570,3,14.29,0.0,-0.356,-0.257
1778050252.7359412,beam,51.48,1552,3,11.51,0.0,-0.231,1.092
1778050252.8364844,beam,51.36,1522,3,11.51,0.0,-0.326,-0.945
1778050252.9522316,beam,51.23,1503,3,11.91,0.0,-0.317,0.083
1778050253.0671635,beam,51.06,1499,3,12.7,0.0,-0.4,-0.724
1778050253.1783357,beam,50.93,1507,3,12.7,0.0,-0.325,0.674
1778050253.2984989,beam,50.81,1509,3,12.7,0.0,-0.297,0.232
1778050253.3998322,beam,50.7,1510,3,12.7,0.0,-0.302,-0.045
1778050253.4998755,beam,50.61,1509,3,12.7,0.0,-0.233,0.689
1778050253.6187463,beam,50.47,1517,3,13.49,0.0,-0.339,-0.893
1778050253.7298896,beam,50.37,1522,3,13.49,0.0,-0.233,0.946
1778050253.8300307,beam,50.3,1523,3,13.49,0.0,-0.2,0.336
1778050253.9314432,beam,50.22,1523,3,13.49,0.0,-0.222,-0.215
1778050254.0389547,beam,50.13,1523,3,13.49,0.0,-0.242,-0.186
1778050254.146123,beam,50.05,1522,3,13.49,0.0,-0.197,0.416
1778050254.2502515,beam,49.96,1520,3,13.49,0.0,-0.257,-0.575
1778050254.3540938,beam,49.89,1518,3,13.49,0.0,-0.166,0.878
1778050254.4678082,beam,49.84,1517,3,13.49,0.0,-0.138,0.245
1778050254.5698946,beam,49.75,1519,3,13.49,0.0,-0.236,-0.962
1778050254.6753457,beam,49.68,1517,3,13.49,0.0,-0.194,0.4
1778050254.7799435,beam,49.59,1514,3,13.49,0.0,-0.219,-0.24
1778050254.882959,beam,49.56,1513,3,13.49,0.0,-0.092,1.23
1778050255.0027716,beam,49.52,1511,3,13.49,0.0,-0.088,0.032
1778050255.1173146,beam,49.44,1510,3,13.49,0.0,-0.203,-1.003
1778050255.2210395,beam,49.37,1509,3,13.49,0.0,-0.176,0.263
1778050255.33509,beam,49.32,1508,3,13.49,0.0,-0.118,0.509
1778050255.4509492,beam,49.31,1507,3,13.49,0.0,-0.041,0.666
1778050255.5597792,beam,49.26,1507,3,13.49,0.0,-0.128,-0.801
1778050255.6641695,beam,49.2,1508,3,14.29,0.0,-0.164,-0.342
1778050255.768921,beam,49.16,1517,3,14.29,0.0,-0.092,0.684
1778050255.8855588,beam,49.14,1523,3,14.29,0.0,-0.042,0.427
1778050255.9926462,beam,49.13,1525,3,14.29,0.0,-0.034,0.077
1778050256.09964,beam,49.13,1526,3,14.29,0.0,0.013,0.44
1778050256.2171454,beam,49.09,1525,3,13.49,0.0,-0.109,-1.041
1778050256.3210466,beam,49.04,1514,3,13.49,0.0,-0.136,-0.262
1778050256.4264736,beam,49.03,1507,3,13.49,0.0,-0.028,1.029
1778050256.530706,beam,49.03,1505,3,14.29,0.0,0.007,0.34
1778050256.636915,beam,49.04,1513,3,14.29,0.0,0.04,0.306
1778050256.752315,beam,49.02,1520,3,14.29,0.0,-0.067,-0.926
1778050256.8607562,beam,48.98,1523,3,14.29,0.0,-0.087,-0.182
1778050256.9679148,beam,49.0,1524,3,14.29,0.0,0.043,1.214
1778050257.0849562,beam,49.05,1525,3,14.29,0.0,0.114,0.608
1778050257.2021677,beam,49.11,1526,3,14.29,0.0,0.145,0.265
1778050257.3176494,beam,49.1,1526,3,14.29,0.0,-0.017,-1.403
1778050257.4339216,beam,49.1,1526,3,14.29,0.0,-0.016,0.008
1778050257.553611,beam,49.17,1526,3,14.29,0.0,0.171,1.557
1778050257.6625752,beam,49.27,1527,3,14.29,0.0,0.26,0.819
1778050257.769077,beam,49.34,1529,3,14.29,0.0,0.189,-0.668
1778050257.885316,beam,49.36,1530,3,14.29,0.0,0.042,-1.262
1778050257.9890723,beam,49.38,1530,3,14.29,0.0,0.056,0.138
1778050258.0967448,beam,49.48,1531,3,14.29,0.0,0.252,1.818
1778050258.2005396,beam,49.59,1528,3,13.49,0.0,0.286,0.328
1778050258.3166845,beam,49.72,1520,3,13.49,0.0,0.317,0.262
1778050258.4334624,beam,49.74,1521,3,13.49,0.0,0.057,-2.222
1778050258.5537302,beam,49.8,1519,3,13.49,0.0,0.138,0.669
1778050258.6629012,beam,49.92,1522,3,14.29,0.0,0.306,1.543
1778050258.768377,beam,50.06,1532,3,14.29,0.0,0.362,0.529
1778050258.8832438,beam,50.18,1539,3,14.29,0.0,0.297,-0.568
1778050258.994784,beam,50.25,1542,3,14.29,0.0,0.17,-1.14
1778050259.1159155,beam,50.37,1544,3,14.29,0.0,0.267,0.807
1778050259.2364447,beam,50.55,1547,3,14.29,0.0,0.413,1.213
1778050259.3440197,beam,50.69,1549,3,14.29,0.0,0.374,-0.368
1778050259.4550319,beam,50.8,1551,3,14.29,0.0,0.275,-0.892
1778050259.5628521,beam,50.9,1553,3,14.29,0.0,0.243,-0.292
1778050259.6680255,beam,51.04,1555,3,14.29,0.0,0.376,1.263
1778050259.7865229,beam,51.22,1558,3,14.29,0.0,0.422,0.388
1778050259.8940241,beam,51.37,1560,3,14.29,0.0,0.381,-0.387
1778050259.994516,beam,51.49,1563,3,14.29,0.0,0.349,-0.318
1778050260.1032891,beam,51.6,1565,3,14.29,0.0,0.286,-0.578
1778050260.2109363,beam,51.77,1567,3,14.29,0.0,0.418,1.23
1778050260.3196335,beam,51.93,1570,3,14.29,0.0,0.406,-0.112
1778050260.426543,beam,52.1,1573,3,14.29,0.0,0.464,0.54
1778050260.5350628,beam,52.27,1576,3,14.29,0.0,0.422,-0.38
1778050260.644342,beam,52.42,1579,3,14.29,0.0,0.374,-0.44
1778050260.7673619,beam,52.61,1582,3,14.29,0.0,0.438,0.517
1778050260.8857298,beam,52.81,1586,3,14.29,0.0,0.473,0.297
1778050260.9961917,beam,52.97,1589,3,14.29,0.0,0.386,-0.784
1778050261.1170762,beam,53.16,1592,3,14.29,0.0,0.445,0.487
1778050261.228434,beam,53.3,1595,3,14.29,0.0,0.345,-0.899
1778050261.3501139,beam,53.54,1599,3,14.29,0.0,0.558,1.752
1778050261.4598086,beam,53.79,1603,3,14.29,0.0,0.616,0.525
1778050261.5678022,beam,53.86,1607,3,14.29,0.0,0.191,-3.934
1778050261.668522,beam,53.99,1609,3,14.29,0.0,0.347,1.553
1778050261.781341,beam,54.31,1613,3,14.29,0.0,0.795,3.963
1778050261.8829598,beam,54.5,1617,3,14.29,0.0,0.516,-2.741
1778050261.9944828,beam,54.68,1621,3,14.29,0.0,0.46,-0.501
1778050262.1010602,beam,54.84,1625,3,14.29,0.0,0.411,-0.464
1778050262.2189646,beam,55.13,1629,3,14.29,0.0,0.678,2.265
1778050262.334247,beam,55.26,1633,3,14.29,0.0,0.32,-3.101
1778050262.4507058,beam,55.46,1637,3,14.29,0.0,0.472,1.299
1778050262.5651412,beam,55.74,1641,3,14.29,0.0,0.688,1.892
1778050262.682322,beam,55.99,1645,3,14.29,0.0,0.6,-0.755
1778050262.7856853,beam,56.12,1649,3,14.29,0.0,0.35,-2.412
1778050262.900493,beam,56.42,1654,3,14.29,0.0,0.703,3.075
1778050263.01339,beam,56.54,1657,3,14.29,0.0,0.3,-3.574
1778050263.1241562,beam,56.74,1661,3,14.29,0.0,0.505,1.855
1778050263.229482,beam,56.95,1665,3,14.29,0.0,0.561,0.532
1778050263.3354511,beam,57.15,1670,3,14.29,0.0,0.525,-0.346
1778050263.4459293,beam,57.39,1674,3,14.29,0.0,0.591,0.602
1778050263.5520732,beam,57.59,1678,3,15.08,0.0,0.526,-0.61
1778050263.6677055,beam,57.83,1692,3,14.29,0.0,0.577,0.439
1778050263.7835276,beam,58.07,1692,3,14.29,0.0,0.587,0.081
1778050263.9007332,beam,58.28,1694,3,14.29,0.0,0.498,-0.754
1778050264.0109515,beam,58.49,1703,3,15.08,0.0,0.512,0.125
1778050264.1176374,beam,58.67,1709,3,14.29,0.0,0.48,-0.3
1778050264.2299666,beam,58.9,1708,3,14.29,0.0,0.579,0.88
1778050264.3471375,beam,59.13,1711,3,14.29,0.0,0.536,-0.368
1778050264.4649718,beam,59.36,1715,3,14.29,0.0,0.548,0.107
1778050264.580364,beam,59.59,1720,3,14.29,0.0,0.546,-0.025
1778050264.6874275,beam,59.75,1724,3,14.29,0.0,0.414,-1.227
1778050264.8009546,beam,59.96,1729,3,14.29,0.0,0.522,0.95
1778050264.916032,beam,60.16,1733,3,14.29,0.0,0.488,-0.299
1778050265.0184772,beam,60.34,1737,3,14.29,0.0,0.484,-0.034
1778050265.1268678,beam,60.54,1741,3,14.29,0.0,0.498,0.126
1778050265.2328632,beam,60.73,1746,3,14.29,0.0,0.507,0.085
1778050265.3397732,beam,60.92,1750,3,14.29,0.0,0.482,-0.235
1778050265.4452834,beam,61.13,1754,3,14.29,0.0,0.552,0.667
1778050265.5665464,beam,61.34,1759,3,14.29,0.0,0.479,-0.601
1778050265.6811638,beam,61.54,1764,3,14.29,0.0,0.506,0.238
1778050265.7949138,beam,61.75,1768,3,14.29,0.0,0.504,-0.023
1778050265.8975122,beam,61.92,1772,3,14.29,0.0,0.462,-0.412
1778050266.0173142,beam,62.11,1777,3,14.29,0.0,0.436,-0.214
1778050266.1330554,beam,62.32,1781,3,14.29,0.0,0.506,0.606
1778050266.2485566,beam,62.51,1786,3,14.29,0.0,0.462,-0.38
1778050266.364903,beam,62.71,1790,3,14.29,0.0,0.473,0.093
1778050266.4806838,beam,62.89,1795,3,14.29,0.0,0.442,-0.265
1778050266.5983865,beam,63.11,1799,3,14.29,0.0,0.501,0.504
1778050266.7166111,beam,63.3,1804,3,14.29,0.0,0.443,-0.496
1778050266.8329256,beam,63.47,1808,3,14.29,0.0,0.423,-0.174
1778050266.9496374,beam,63.65,1812,3,14.29,0.0,0.424,0.01
1778050267.0579307,beam,63.81,1816,3,14.29,0.0,0.4,-0.224
1778050267.1659677,beam,63.97,1819,3,14.29,0.0,0.418,0.17
1778050267.2763095,beam,64.15,1823,3,14.29,0.0,0.444,0.239
1778050267.3830564,beam,64.31,1827,3,14.29,0.0,0.436,-0.076
1778050267.4897554,beam,64.48,1831,3,14.29,0.0,0.437,0.011
1778050267.5987747,beam,64.6,1834,3,14.29,0.0,0.292,-1.332
1778050267.7213037,beam,64.76,1838,3,14.29,0.0,0.379,0.708
1778050267.8280659,beam,64.89,1841,3,14.29,0.0,0.326,-0.493
1778050267.9340525,beam,65.06,1845,3,14.29,0.0,0.444,1.11
1778050268.0344126,beam,65.17,1848,3,14.29,0.0,0.312,-1.314
1778050268.1402917,beam,65.3,1851,3,14.29,0.0,0.344,0.302
1778050268.2462008,beam,65.47,1855,3,14.29,0.0,0.443,0.939
1778050268.363986,beam,65.63,1859,3,14.29,0.0,0.378,-0.557
1778050268.4815414,beam,65.77,1862,3,14.29,0.0,0.329,-0.419
1778050268.5895677,beam,65.87,1865,3,13.49,0.0,0.249,-0.735
1778050268.7001703,beam,65.97,1861,3,13.49,0.0,0.256,0.059
1778050268.806655,beam,66.1,1860,3,13.49,0.0,0.349,0.876
1778050268.91501,beam,66.21,1862,3,13.49,0.0,0.277,-0.662
1778050269.0252416,beam,66.3,1865,3,13.49,0.0,0.238,-0.359
1778050269.1462235,beam,66.44,1868,3,13.49,0.0,0.302,0.531
1778050269.2679036,beam,66.54,1870,3,13.49,0.0,0.227,-0.615
1778050269.3778315,beam,66.58,1872,3,13.49,0.0,0.124,-0.939
1778050269.4961822,beam,66.69,1875,3,13.49,0.0,0.248,1.049
1778050269.6023817,beam,66.79,1876,3,13.49,0.0,0.269,0.201
1778050269.7139316,beam,66.81,1878,3,13.49,0.0,0.045,-2.01
1778050269.8227985,beam,66.87,1879,3,13.49,0.0,0.138,0.852
1778050269.9307055,beam,66.96,1881,3,13.49,0.0,0.246,0.999
1778050270.040263,beam,67.02,1883,3,13.49,0.0,0.162,-0.767
1778050270.1464632,beam,67.06,1884,3,13.49,0.0,0.084,-0.731
1778050270.2631629,beam,67.11,1885,3,13.49,0.0,0.116,0.277
1778050270.3788948,beam,67.16,1887,3,13.49,0.0,0.141,0.216
1778050270.4976285,beam,67.16,1887,3,13.49,0.0,-0.02,-1.357
1778050270.6155624,beam,67.17,1887,3,13.49,0.0,0.045,0.548
1778050270.7321413,beam,67.24,1888,3,13.49,0.0,0.153,0.93
1778050270.8493953,beam,67.24,1889,3,13.49,0.0,0.008,-1.239
1778050270.9564526,beam,67.24,1891,3,14.29,0.0,0.003,-0.052
1778050271.079939,beam,67.27,1898,3,14.29,0.0,0.055,0.423
1778050271.1972818,beam,67.29,1900,3,14.29,0.0,0.043,-0.103
1778050271.3156545,beam,67.23,1899,3,14.29,0.0,-0.131,-1.463
1778050271.432239,beam,67.2,1894,3,11.51,0.0,-0.067,0.541
1778050271.548735,beam,67.18,1855,3,6.35,0.0,-0.058,0.083
1778050271.6668565,beam,66.94,1766,3,0.0,0.0,-0.548,-4.147
1778050271.7731638,beam,66.73,1691,3,0.0,0.0,-0.557,-0.088
1778050271.881467,beam,66.52,1647,3,0.0,0.0,-0.546,0.104
1778050271.995497,beam,66.28,1619,3,0.0,0.0,-0.573,-0.242
1778050272.1128936,beam,65.94,1596,3,0.0,0.0,-0.801,-1.94
1778050272.2319987,beam,65.62,1574,3,0.0,0.0,-0.749,0.439
1778050272.3404114,beam,65.39,1556,3,0.0,0.0,-0.601,1.368
1778050272.4498875,beam,65.08,1539,3,0.0,0.0,-0.797,-1.794
1778050272.558664,beam,64.76,1522,3,0.0,0.0,-0.81,-0.121
1778050272.6588001,beam,64.52,1506,3,0.0,0.0,-0.666,1.443
1778050272.7797563,beam,64.21,1486,3,0.0,0.0,-0.702,-0.302
1778050272.8899891,beam,63.91,1468,3,0.0,0.0,-0.761,-0.535
1778050272.9902976,beam,63.59,1451,3,0.0,0.0,-0.896,-1.342
1778050273.0934381,beam,63.33,1433,3,0.0,0.0,-0.678,2.108
1778050273.2158122,beam,63.06,1409,3,0.0,0.0,-0.619,0.486
1778050273.3254187,beam,62.73,1385,3,0.0,0.0,-0.854,-2.141
1778050273.448636,beam,62.37,1356,3,0.0,0.0,-0.803,0.411
1778050273.548651,beam,62.09,1354,3,3.97,0.0,-0.77,0.329
1778050273.6494417,beam,61.8,1432,3,8.73,0.0,-0.812,-0.418
1778050273.7498953,beam,61.55,1606,3,15.08,0.0,-0.685,1.266
1778050273.8617425,beam,61.45,1735,3,14.29,0.0,-0.257,3.828
1778050273.9808233,beam,61.37,1753,3,12.7,0.0,-0.165,0.769
1778050274.091152,beam,61.27,1738,3,12.3,0.0,-0.276,-0.998
1778050274.2117157,beam,61.11,1729,3,12.3,0.0,-0.347,-0.593
1778050274.3217769,beam,60.98,1725,3,12.3,0.0,-0.34,0.062
1778050274.4324765,beam,60.87,1721,3,12.3,0.0,-0.279,0.548
1778050274.546296,beam,60.78,1721,3,12.7,0.0,-0.209,0.623
1778050274.6561837,beam,60.64,1722,3,13.49,0.0,-0.369,-1.462
1778050274.7562532,beam,60.52,1731,3,14.29,0.0,-0.326,0.429
1778050274.866914,beam,60.42,1740,3,14.29,0.0,-0.249,0.696
1778050274.9753165,beam,60.32,1741,3,14.29,0.0,-0.268,-0.177
1778050275.0772154,beam,60.2,1739,3,14.29,0.0,-0.322,-0.524
1778050275.1983578,beam,60.1,1737,3,14.29,0.0,-0.235,0.716
1778050275.3067334,beam,59.96,1735,3,14.29,0.0,-0.342,-0.989
1778050275.430489,beam,59.84,1732,3,14.29,0.0,-0.275,0.538
1778050275.5395126,beam,59.7,1729,3,14.29,0.0,-0.348,-0.67
1778050275.6460228,beam,59.59,1727,3,14.29,0.0,-0.3,0.455
1778050275.7562704,beam,59.47,1725,3,15.08,0.0,-0.288,0.107
1778050275.864462,beam,59.35,1730,3,15.08,0.0,-0.307,-0.175
1778050275.9723773,beam,59.22,1726,3,15.08,0.0,-0.335,-0.257
1778050276.0961034,beam,59.1,1735,3,15.87,0.0,-0.281,0.438
1778050276.2044342,beam,59.0,1741,3,15.87,0.0,-0.246,0.316
1778050276.3119383,beam,58.92,1742,3,15.87,0.0,-0.201,0.42
1778050276.4218404,beam,58.78,1740,3,15.87,0.0,-0.351,-1.364
1778050276.5309167,beam,58.66,1738,3,15.87,0.0,-0.306,0.417
1778050276.6379294,beam,58.55,1736,3,15.87,0.0,-0.294,0.113
1778050276.7465942,beam,58.48,1734,3,15.87,0.0,-0.19,0.953
1778050276.8558812,beam,58.35,1732,3,15.87,0.0,-0.33,-1.281
1778050276.9646072,beam,58.27,1730,3,15.87,0.0,-0.199,1.208
1778050277.0648644,beam,58.18,1727,3,15.08,0.0,-0.262,-0.63
1778050277.175648,beam,58.06,1717,3,15.87,0.0,-0.301,-0.349
1778050277.2989166,beam,57.94,1719,3,15.87,0.0,-0.252,0.395
1778050277.4078374,beam,57.82,1720,3,15.87,0.0,-0.309,-0.526
1778050277.5317657,beam,57.71,1719,3,15.87,0.0,-0.247,0.503
1778050277.6424174,beam,57.57,1717,3,15.87,0.0,-0.358,-1.004
1778050277.7544563,beam,57.5,1715,3,15.87,0.0,-0.179,1.601
1778050277.865738,beam,57.39,1713,3,15.87,0.0,-0.267,-0.792
1778050277.977371,beam,57.26,1712,3,15.87,0.0,-0.32,-0.478
1778050278.078902,beam,57.19,1710,3,15.87,0.0,-0.2,1.183
1778050278.1900856,beam,57.07,1708,3,15.87,0.0,-0.3,-0.901
1778050278.3139925,beam,56.97,1705,3,15.87,0.0,-0.225,0.606
1778050278.4239166,beam,56.89,1704,3,15.87,0.0,-0.195,0.278
1778050278.5446203,beam,56.76,1702,3,15.87,0.0,-0.313,-0.981
1778050278.6554074,beam,56.66,1700,3,15.87,0.0,-0.227,0.776
1778050278.7782094,beam,56.58,1698,3,15.87,0.0,-0.181,0.373
1778050278.8882356,beam,56.48,1697,3,15.87,0.0,-0.276,-0.858
1778050278.989024,beam,56.4,1695,3,15.87,0.0,-0.205,0.7
1778050279.0910122,beam,56.34,1697,3,15.87,0.0,-0.152,0.518
1778050279.2115133,beam,56.24,1704,3,16.67,0.0,-0.231,-0.654
1778050279.3211558,beam,56.21,1707,3,16.67,0.0,-0.093,1.26
1778050279.42859,beam,56.15,1707,3,16.67,0.0,-0.146,-0.494
1778050279.5395849,beam,56.04,1706,3,16.67,0.0,-0.285,-1.252
1778050279.6601768,beam,55.96,1705,3,16.67,0.0,-0.184,0.837
1778050279.7708235,beam,55.93,1704,3,17.06,0.0,-0.059,1.126
1778050279.8774836,beam,55.88,1707,3,17.06,0.0,-0.144,-0.797
1778050279.9893916,beam,55.83,1709,3,17.06,0.0,-0.125,0.171
1778050280.0920484,beam,55.81,1709,3,17.06,0.0,-0.054,0.691
1778050280.1924539,beam,55.75,1709,3,17.06,0.0,-0.151,-0.959
1778050280.2926452,beam,55.74,1709,3,17.06,0.0,-0.049,1.01
1778050280.403887,beam,55.69,1708,3,17.06,0.0,-0.106,-0.507
1778050280.5131369,beam,55.66,1708,3,17.06,0.0,-0.075,0.284
1778050280.6238248,beam,55.63,1707,3,17.06,0.0,-0.078,-0.032
1778050280.7482839,beam,55.58,1707,3,17.06,0.0,-0.107,-0.228
1778050280.8635752,beam,55.55,1706,3,17.06,0.0,-0.091,0.135
1778050280.973697,beam,55.51,1705,3,17.06,0.0,-0.082,0.081
1778050281.08736,beam,55.49,1704,3,17.06,0.0,-0.048,0.302
1778050281.2106829,beam,55.48,1703,3,17.06,0.0,-0.022,0.21
1778050281.330195,beam,55.47,1704,3,17.06,0.0,-0.03,-0.065
1778050281.4397159,beam,55.4,1703,3,17.06,0.0,-0.171,-1.286
1778050281.5469077,beam,55.42,1703,3,17.06,0.0,0.028,1.849
1778050281.6551502,beam,55.45,1703,3,17.06,0.0,0.088,0.563
1778050281.7766893,beam,55.4,1703,3,17.06,0.0,-0.115,-1.673
1778050281.8881528,beam,55.39,1702,3,16.67,0.0,-0.036,0.708
1778050281.989919,beam,55.35,1698,3,16.67,0.0,-0.088,-0.509
1778050282.0914822,beam,55.4,1695,3,16.67,0.0,0.121,2.051
1778050282.2138293,beam,55.38,1694,3,16.67,0.0,-0.033,-1.251
1778050282.322961,beam,55.36,1693,3,16.67,0.0,-0.049,-0.153
1778050282.427709,beam,55.34,1693,3,16.67,0.0,-0.061,-0.116
1778050282.5394611,beam,55.38,1693,3,16.67,0.0,0.089,1.348
1778050282.6434395,beam,55.38,1693,3,16.67,0.0,-0.003,-0.884
1778050282.7549536,beam,55.39,1693,3,16.67,0.0,0.037,0.36
1778050282.8626845,beam,55.37,1693,3,16.67,0.0,-0.059,-0.894
1778050282.9702294,beam,55.35,1693,3,16.67,0.0,-0.032,0.25
1778050283.0762968,beam,55.38,1693,3,16.67,0.0,0.071,0.968
1778050283.17815,beam,55.43,1693,3,16.67,0.0,0.13,0.586
1778050283.2962008,beam,55.39,1694,3,16.67,0.0,-0.095,-1.91
1778050283.4026494,beam,55.48,1694,3,16.67,0.0,0.235,3.1
1778050283.5091197,beam,55.52,1694,3,16.67,0.0,0.095,-1.315
1778050283.6216502,beam,55.53,1694,3,16.67,0.0,0.026,-0.614
1778050283.743349,beam,55.47,1694,3,16.67,0.0,-0.135,-1.32
1778050283.8577552,beam,55.49,1695,3,17.06,0.0,0.069,1.78
1778050283.9776037,beam,55.48,1700,3,17.06,0.0,-0.026,-0.792
1778050284.0962462,beam,55.49,1703,3,17.06,0.0,0.026,0.438
1778050284.210673,beam,55.54,1704,3,17.06,0.0,0.108,0.724
1778050284.3123603,beam,55.54,1704,3,17.06,0.0,-0.009,-1.156
1778050284.4271262,beam,55.53,1705,3,17.06,0.0,-0.011,-0.015
1778050284.5426948,beam,55.57,1702,3,16.67,0.0,0.089,0.861
1778050284.661096,beam,55.52,1698,3,16.67,0.0,-0.123,-1.79
1778050284.7771885,beam,55.51,1697,3,17.46,0.0,-0.005,1.018
1778050284.8890977,beam,55.55,1706,3,17.46,0.0,0.087,0.826
1778050284.9922125,beam,55.57,1711,3,17.46,0.0,0.044,-0.424
1778050285.104543,beam,55.58,1713,3,17.46,0.0,0.047,0.033
1778050285.2095428,beam,55.62,1719,3,17.86,0.0,0.096,0.46
1778050285.3271549,beam,55.58,1724,3,18.65,0.0,-0.093,-1.605
1778050285.4298956,beam,55.63,1736,3,19.44,0.0,0.13,2.175
1778050285.5429232,beam,55.67,1758,3,20.63,0.0,0.09,-0.356
1778050285.6440465,beam,55.71,1776,3,20.63,0.0,0.128,0.379
1778050285.7546985,beam,55.76,1786,3,20.63,0.0,0.124,-0.041
1778050285.857372,beam,55.8,1790,3,20.63,0.0,0.113,-0.107
1778050285.978764,beam,55.86,1792,3,19.84,0.0,0.122,0.077
1778050286.0871093,beam,55.88,1786,3,19.84,0.0,0.07,-0.481
1778050286.207009,beam,55.95,1780,3,19.44,0.0,0.151,0.673
1778050286.3084667,beam,56.02,1775,3,19.44,0.0,0.186,0.346
1778050286.4088848,beam,56.01,1771,3,19.44,0.0,-0.01,-1.951
1778050286.5125031,beam,56.08,1771,3,19.84,0.0,0.173,1.768
1778050286.6228335,beam,56.08,1773,3,19.44,0.0,-0.007,-1.637
1778050286.7241595,beam,56.16,1772,3,19.44,0.0,0.238,2.419
1778050286.828203,beam,56.19,1771,3,19.44,0.0,0.085,-1.466
1778050286.9424496,beam,56.22,1771,3,19.44,0.0,0.069,-0.145
1778050287.0521543,beam,56.25,1772,3,19.44,0.0,0.058,-0.096
1778050287.160222,beam,56.27,1772,3,19.44,0.0,0.057,-0.012
1778050287.2625678,beam,56.29,1773,3,19.44,0.0,0.069,0.119
1778050287.3716877,beam,56.34,1773,3,19.44,0.0,0.11,0.371
1778050287.4912205,beam,56.36,1774,3,19.44,0.0,0.06,-0.419
1778050287.6100347,beam,56.39,1774,3,19.44,0.0,0.074,0.124
1778050287.71996,beam,56.43,1779,3,20.63,0.0,0.077,0.027
1778050287.8217514,beam,56.47,1784,3,20.63,0.0,0.124,0.455
1778050287.9436116,beam,56.52,1796,3,21.43,0.0,0.102,-0.175
1778050288.0524,beam,56.57,1810,3,21.43,0.0,0.146,0.397
1778050288.1549354,beam,56.61,1819,3,22.62,0.0,0.114,-0.31
1778050288.2553167,beam,56.66,1834,3,22.62,0.0,0.115,0.01
1778050288.3738892,beam,56.74,1845,3,22.62,0.0,0.209,0.794
1778050288.4919624,beam,56.79,1848,3,21.83,0.0,0.096,-0.954
1778050288.609985,beam,56.88,1845,3,22.62,0.0,0.221,1.054
1778050288.7195015,beam,56.96,1849,3,21.83,0.0,0.207,-0.122
1778050288.8278215,beam,57.01,1845,3,21.43,0.0,0.113,-0.867
1778050288.936595,beam,57.04,1837,3,21.43,0.0,0.082,-0.285
1778050289.0574062,beam,57.11,1833,3,21.43,0.0,0.163,0.67
1778050289.1734753,beam,57.22,1832,3,21.83,0.0,0.263,0.859
1778050289.290767,beam,57.2,1836,3,21.43,0.0,-0.041,-2.589
1778050289.406088,beam,57.23,1832,3,21.43,0.0,0.065,0.919
1778050289.524517,beam,57.22,1831,3,21.43,0.0,-0.016,-0.686
1778050289.6344779,beam,57.23,1831,3,21.43,0.0,0.034,0.451
1778050289.7428641,beam,57.3,1829,3,20.63,0.0,0.164,1.201
1778050289.851433,beam,57.33,1822,3,20.63,0.0,0.09,-0.679
1778050289.9712577,beam,57.4,1818,3,20.63,0.0,0.159,0.578
1778050290.0914073,beam,57.44,1817,3,20.63,0.0,0.098,-0.513
1778050290.1931887,beam,57.46,1817,3,20.63,0.0,0.038,-0.588
1778050290.30197,beam,57.46,1818,3,20.63,0.0,0.005,-0.304
1778050290.4042168,beam,57.49,1818,3,20.63,0.0,0.079,0.723
1778050290.5048387,beam,57.51,1818,3,20.63,0.0,0.069,-0.095
1778050290.626445,beam,57.51,1819,3,20.63,0.0,-0.001,-0.575
1778050290.734816,beam,57.59,1819,3,20.63,0.0,0.204,1.895
1778050290.8378873,beam,57.62,1819,3,20.63,0.0,0.065,-1.35
1778050290.9385912,beam,57.63,1820,3,20.63,0.0,0.04,-0.247
1778050291.0616715,beam,57.58,1820,3,20.63,0.0,-0.112,-1.243
1778050291.1771264,beam,57.63,1823,3,21.43,0.0,0.123,2.042
1778050291.2868423,beam,57.71,1830,3,20.63,0.0,0.186,0.571
1778050291.4062676,beam,57.57,1825,3,20.63,0.0,-0.322,-4.249
1778050291.524582,beam,57.68,1823,3,20.63,0.0,0.253,4.853
1778050291.6340318,beam,57.64,1821,3,21.43,0.0,-0.086,-3.097
1778050291.7342343,beam,57.65,1828,3,21.83,0.0,0.009,0.955
1778050291.8415642,beam,57.7,1839,3,21.83,0.0,0.153,1.334
1778050291.9587467,beam,57.78,1845,3,21.43,0.0,0.176,0.197
1778050292.074246,beam,57.84,1844,3,21.43,0.0,0.158,-0.151
1778050292.193179,beam,57.91,1843,3,21.43,0.0,0.154,-0.039
1778050292.3059044,beam,57.93,1843,3,21.43,0.0,0.049,-0.926
1778050292.4205112,beam,58.0,1843,3,21.43,0.0,0.171,1.063
1778050292.5241148,beam,57.99,1844,3,21.43,0.0,-0.042,-2.059
1778050292.6405492,beam,58.04,1844,3,21.43,0.0,0.135,1.521
1778050292.7508523,beam,58.13,1845,3,21.43,0.0,0.212,0.704
1778050292.8546112,beam,58.16,1846,3,21.43,0.0,0.08,-1.274
1778050292.9556794,beam,58.16,1846,3,21.43,0.0,0.013,-0.667
1778050293.058599,beam,58.21,1847,3,21.43,0.0,0.134,1.18
1778050293.1763825,beam,58.29,1848,3,21.43,0.0,0.18,0.386
1778050293.2903392,beam,58.32,1848,3,21.43,0.0,0.075,-0.917
1778050293.390865,beam,58.34,1849,3,21.43,0.0,0.072,-0.03
1778050293.506497,beam,58.38,1850,3,21.43,0.0,0.096,0.203
1778050293.6082017,beam,58.44,1850,3,21.43,0.0,0.154,0.571
1778050293.7220166,beam,58.52,1851,3,21.43,0.0,0.183,0.253
1778050293.840275,beam,58.53,1852,3,21.43,0.0,0.025,-1.332
1778050293.9408631,beam,58.57,1852,3,21.43,0.0,0.135,1.094
1778050294.0449483,beam,58.68,1853,3,21.43,0.0,0.286,1.446
1778050294.1521614,beam,58.72,1854,3,21.43,0.0,0.097,-1.763
1778050294.2559507,beam,58.7,1854,3,21.43,0.0,-0.052,-1.43
1778050294.3768396,beam,58.82,1855,3,21.43,0.0,0.268,2.643
1778050294.4907246,beam,58.82,1856,3,21.43,0.0,0.02,-2.173
1778050294.6102772,beam,58.87,1856,3,21.43,0.0,0.098,0.648
1778050294.7235825,beam,58.91,1857,3,21.43,0.0,0.094,-0.035
1778050294.8253727,beam,58.96,1858,3,21.43,0.0,0.16,0.65
1778050294.925913,beam,58.98,1860,3,21.83,0.0,0.053,-1.064
1778050295.0394788,beam,59.08,1864,3,21.43,0.0,0.241,1.658
1778050295.1400666,beam,59.05,1863,3,21.83,0.0,-0.094,-3.336
1778050295.256909,beam,59.1,1869,3,22.62,0.0,0.119,1.82
1778050295.3666108,beam,59.12,1879,3,22.62,0.0,0.069,-0.455
1778050295.4750981,beam,59.19,1884,3,22.62,0.0,0.169,0.925
1778050295.575915,beam,59.28,1887,3,22.62,0.0,0.237,0.675
1778050295.6867783,beam,59.36,1887,3,21.83,0.0,0.202,-0.317
1778050295.7939684,beam,59.39,1881,3,21.83,0.0,0.092,-1.02
1778050295.907995,beam,59.39,1877,3,21.83,0.0,-0.001,-0.817
1778050296.0236025,beam,59.49,1875,3,21.83,0.0,0.223,1.933
1778050296.1384227,beam,59.53,1875,3,21.83,0.0,0.119,-0.906
1778050296.2550657,beam,59.55,1876,3,21.83,0.0,0.043,-0.652
1778050296.3558116,beam,59.6,1876,3,21.83,0.0,0.141,0.976
1778050296.4581335,beam,59.66,1882,3,21.43,0.0,0.143,0.019
1778050296.571132,beam,59.7,1880,3,21.83,0.0,0.108,-0.306
1778050296.671835,beam,59.75,1878,3,21.43,0.0,0.149,0.404
1778050296.7732613,beam,59.82,1879,3,22.62,0.0,0.171,0.221
1778050296.8916805,beam,59.83,1882,3,21.83,0.0,0.023,-1.254
1778050297.0066433,beam,59.88,1882,3,21.83,0.0,0.122,0.862
1778050297.1078153,beam,59.91,1882,3,21.83,0.0,0.091,-0.309
1778050297.2155771,beam,59.95,1879,3,21.43,0.0,0.101,0.096
1778050297.32638,beam,60.02,1877,3,21.43,0.0,0.175,0.663
1778050297.4414628,beam,60.04,1876,3,21.83,0.0,0.061,-0.984
1778050297.55577,beam,60.07,1880,3,21.83,0.0,0.067,0.051
1778050297.657156,beam,60.14,1883,3,21.83,0.0,0.19,1.215
1778050297.765867,beam,60.16,1884,3,21.83,0.0,0.034,-1.435
1778050297.8702278,beam,60.2,1885,3,21.83,0.0,0.123,0.85
1778050297.9744678,beam,60.23,1886,3,21.83,0.0,0.079,-0.426
1778050298.0918903,beam,60.28,1887,3,21.83,0.0,0.108,0.247
1778050298.2099822,beam,60.31,1887,3,21.83,0.0,0.081,-0.225
1778050298.3152764,beam,60.36,1888,3,21.83,0.0,0.14,0.562
1778050298.4226859,beam,60.39,1888,3,21.83,0.0,0.076,-0.6
1778050298.5428343,beam,60.43,1889,3,21.83,0.0,0.074,-0.017
1778050298.6483986,beam,60.49,1890,3,21.83,0.0,0.162,0.834
1778050298.7558117,beam,60.51,1890,3,21.83,0.0,0.055,-0.996
1778050298.8747776,beam,60.54,1891,3,21.83,0.0,0.086,0.257
1778050298.983708,beam,60.58,1892,3,21.83,0.0,0.092,0.058
1778050299.0905514,beam,60.62,1892,3,21.83,0.0,0.112,0.193
1778050299.2006047,beam,60.64,1895,3,22.62,0.0,0.037,-0.682
1778050299.309368,beam,60.69,1903,3,22.62,0.0,0.136,0.904
1778050299.4189637,beam,60.75,1907,3,22.62,0.0,0.151,0.141
1778050299.539128,beam,60.81,1910,3,22.62,0.0,0.133,-0.154
1778050299.6585839,beam,60.85,1911,3,22.62,0.0,0.092,-0.338
1778050299.7655156,beam,60.89,1912,3,22.62,0.0,0.12,0.257
1778050299.8708925,beam,60.93,1913,3,22.62,0.0,0.089,-0.295
1778050299.976979,beam,60.97,1914,3,22.62,0.0,0.123,0.327
1778050300.083624,beam,61.03,1912,3,21.83,0.0,0.145,0.204
1778050300.1926672,beam,61.05,1906,3,21.83,0.0,0.061,-0.769
1778050300.3022184,beam,61.11,1908,3,22.62,0.0,0.132,0.642
1778050300.4071882,beam,61.15,1914,3,23.02,0.0,0.117,-0.142
1778050300.5138652,beam,61.21,1917,3,23.02,0.0,0.146,0.275
1778050300.619385,beam,61.21,1920,3,22.62,0.0,0.022,-1.176
1778050300.7255347,beam,61.28,1922,3,23.81,0.0,0.157,1.275
1778050300.8337843,beam,61.32,1928,3,22.62,0.0,0.125,-0.299
1778050300.9402192,beam,61.39,1925,3,22.62,0.0,0.167,0.393
1778050301.0592384,beam,61.42,1922,3,22.62,0.0,0.065,-0.853
1778050301.1685417,beam,61.46,1922,3,22.62,0.0,0.124,0.539
1778050301.2893486,beam,61.52,1922,3,22.62,0.0,0.135,0.094
1778050301.407522,beam,61.56,1923,3,22.62,0.0,0.075,-0.509
1778050301.5220716,beam,61.61,1924,3,22.62,0.0,0.135,0.52
1778050301.636769,beam,61.67,1924,3,22.62,0.0,0.142,0.062
1778050301.7548254,beam,61.69,1925,3,22.62,0.0,0.047,-0.804
1778050301.873275,beam,61.75,1926,3,22.62,0.0,0.134,0.737
1778050301.9804392,beam,61.81,1926,3,22.62,0.0,0.154,0.186
1778050302.0834572,beam,61.81,1930,3,24.21,0.0,0.015,-1.356
1778050302.1915338,beam,61.88,1948,3,25.4,0.0,0.173,1.463
1778050302.2919638,beam,61.95,1966,3,25.4,0.0,0.197,0.243
1778050302.40335,beam,62.02,1976,3,25.0,0.0,0.178,-0.168
1778050302.5132306,beam,62.08,1981,3,26.19,0.0,0.157,-0.193
1778050302.623129,beam,62.18,1992,3,26.19,0.0,0.235,0.708
1778050302.7401474,beam,62.25,2003,3,26.98,0.0,0.183,-0.443
1778050302.8584106,beam,62.36,2012,3,26.98,0.0,0.25,0.563
1778050302.9736025,beam,62.46,2017,3,26.98,0.0,0.239,-0.093
1778050303.0886028,beam,62.56,2020,3,26.98,0.0,0.244,0.044
1778050303.1990833,beam,62.61,2021,3,26.98,0.0,0.131,-1.028
1778050303.3056831,beam,62.69,2023,3,26.98,0.0,0.201,0.656
1778050303.4235928,beam,62.81,2024,3,26.98,0.0,0.286,0.727
1778050303.5400283,beam,62.9,2025,3,26.98,0.0,0.213,-0.628
1778050303.6548605,beam,62.96,2027,3,26.98,0.0,0.149,-0.56
1778050303.7713513,beam,63.08,2028,3,26.98,0.0,0.289,1.201
1778050303.8896146,beam,63.16,2029,3,26.98,0.0,0.184,-0.888
1778050304.006453,beam,63.29,2029,3,26.98,0.0,0.295,0.953
1778050304.1223898,beam,63.37,2030,3,26.19,0.0,0.197,-0.847
1778050304.2410812,beam,63.47,2028,3,26.98,0.0,0.236,0.332
1778050304.3564637,beam,63.57,2032,3,26.98,0.0,0.254,0.15
1778050304.4716957,beam,63.67,2035,3,26.98,0.0,0.24,-0.121
1778050304.588475,beam,63.77,2038,3,26.98,0.0,0.225,-0.125
1778050304.7042751,beam,63.84,2039,3,26.98,0.0,0.166,-0.511
1778050304.82265,beam,63.92,2040,3,26.19,0.0,0.205,0.327
1778050304.9391813,beam,64.02,2035,3,26.19,0.0,0.218,0.113
1778050305.0544448,beam,64.08,2032,3,26.59,0.0,0.143,-0.648
1778050305.1563497,beam,64.15,2035,3,26.98,0.0,0.197,0.527
1778050305.2745414,beam,64.25,2041,3,26.98,0.0,0.252,0.471
1778050305.382089,beam,64.33,2045,3,26.98,0.0,0.203,-0.461
1778050305.4879093,beam,64.42,2048,3,26.98,0.0,0.24,0.348
1778050305.602432,beam,64.5,2049,3,26.19,0.0,0.189,-0.446
1778050305.705503,beam,64.58,2046,3,25.0,0.0,0.217,0.271
1778050305.8132386,beam,64.64,1994,3,8.73,0.0,0.148,-0.635
1778050305.919375,beam,64.49,1775,3,0.0,0.0,-0.391,-5.082
1778050306.023176,beam,64.21,1636,3,0.0,0.0,-0.739,-3.35
1778050306.137391,beam,63.95,1570,3,0.0,0.0,-0.647,0.809
1778050306.2478683,beam,63.67,1534,3,0.0,0.0,-0.695,-0.436
1778050306.3496962,beam,63.42,1505,3,0.0,0.0,-0.678,0.166
1778050306.4550798,beam,63.18,1479,3,0.0,0.0,-0.653,0.234
1778050306.5724287,beam,62.65,1451,3,0.0,0.0,-1.249,-5.08
1778050306.6890829,beam,62.44,1421,3,0.0,0.0,-0.495,6.467
1778050306.8051407,beam,62.4,1393,3,0.0,0.0,-0.099,3.409
1778050306.922358,beam,62.33,1365,3,0.0,0.0,-0.165,-0.557
1778050307.0391111,beam,62.07,1335,3,0.0,0.0,-0.627,-3.959
1778050307.152309,beam,61.67,1302,3,0.0,0.0,-0.965,-2.991
1778050307.2523985,beam,61.39,1271,3,0.0,1.59,-0.796,1.689
1778050307.367865,beam,61.0,1228,3,0.0,4.37,-0.939,-1.239
1778050307.4872065,beam,60.45,1175,3,0.0,8.73,-1.265,-2.73
1778050307.5896943,beam,59.84,1120,3,0.0,11.51,-1.645,-3.706
1778050307.695495,beam,59.18,1053,3,0.0,15.48,-1.755,-1.041
1778050307.8001728,beam,58.46,974,3,0.0,15.48,-1.889,-1.279
1778050307.90627,beam,57.78,880,3,0.0,15.48,-1.784,0.99
1778050308.0224288,beam,57.0,789,3,0.0,16.27,-1.878,-0.805
1778050308.1375775,beam,56.28,776,3,0.0,10.32,-1.732,1.26
1778050308.245501,beam,55.94,773,3,0.0,0.0,-0.871,7.983
1778050308.3504076,beam,55.71,771,3,0.0,0.0,-0.606,2.528
1778050308.4552746,beam,55.58,769,3,0.0,0.0,-0.363,2.31
1778050308.563825,beam,55.33,770,3,0.0,0.0,-0.641,-2.555
1778050308.6676106,beam,55.12,771,3,0.0,0.0,-0.553,0.848
1778050308.7702293,beam,54.91,771,3,0.0,0.0,-0.568,-0.153
1778050308.8734763,beam,54.71,772,3,0.0,0.0,-0.524,0.432
1778050308.9871624,beam,54.52,769,3,0.0,0.0,-0.483,0.354
1778050309.089213,beam,54.34,765,3,0.0,0.0,-0.467,0.159
1778050309.2051792,beam,54.16,764,3,0.0,0.0,-0.438,0.25
1778050309.3201425,beam,53.96,763,3,0.0,0.0,-0.494,-0.489
1778050309.4307957,beam,53.78,762,3,0.0,0.0,-0.433,0.554
1778050309.5518548,beam,53.58,764,3,0.0,0.0,-0.463,-0.243
1778050309.6642334,beam,53.38,768,3,0.0,0.0,-0.492,-0.26
1778050309.7667873,beam,53.2,769,3,0.0,0.0,-0.496,-0.039
1778050309.885227,beam,53.0,767,3,0.0,0.0,-0.463,0.278
1778050310.0053358,beam,52.84,798,3,6.75,0.0,-0.387,0.629
1778050310.1129053,beam,52.65,976,3,9.92,0.0,-0.473,-0.793
1778050310.213621,beam,52.45,1252,3,19.84,0.0,-0.564,-0.904
1778050310.3159988,beam,52.4,1530,3,19.44,0.0,-0.14,4.136
1778050310.422518,beam,52.4,1649,3,19.44,0.0,0.01,1.406
1778050310.5294838,beam,52.38,1683,3,18.25,0.0,-0.057,-0.62
1778050310.6350539,beam,52.38,1649,3,1.19,0.0,-0.01,0.438
1778050310.7549934,beam,52.33,1400,3,0.0,0.0,-0.098,-0.73
1778050310.861947,beam,52.18,1266,3,0.0,0.0,-0.408,-2.903
1778050310.9627643,beam,52.04,1184,3,0.0,0.0,-0.384,0.246
1778050311.0702267,beam,51.81,1100,3,0.0,0.0,-0.575,-1.779
1778050311.187158,beam,51.51,1002,3,0.0,0.0,-0.716,-1.206
1778050311.3025153,beam,51.28,902,3,0.0,0.0,-0.557,1.378
1778050311.421595,beam,51.14,794,3,0.0,0.0,-0.332,1.886
1778050311.5383623,beam,51.08,776,3,0.0,0.0,-0.133,1.71
1778050311.6543684,beam,50.82,772,3,0.0,0.0,-0.628,-4.271
1778050311.7694013,beam,50.58,772,3,0.0,0.0,-0.59,0.332
1778050311.8877754,beam,50.34,770,3,0.0,0.0,-0.545,0.375
1778050312.0026639,beam,50.24,771,3,0.0,0.0,-0.256,2.519
1778050312.1221921,beam,50.13,770,3,0.0,0.0,-0.261,-0.041
1778050312.2299445,beam,49.89,770,3,0.0,2.78,-0.597,-3.122
1778050312.3307247,beam,49.46,770,3,0.0,7.94,-1.185,-5.827
1778050312.4367876,beam,48.97,771,3,0.0,11.51,-1.283,-0.925
1778050312.5541928,beam,48.4,773,3,0.0,14.29,-1.364,-0.694
1778050312.663144,beam,47.7,773,3,0.0,15.48,-1.77,-3.723
1778050312.7690399,beam,46.89,771,3,0.0,17.46,-2.144,-3.536
1778050312.8866131,beam,45.94,766,3,0.0,18.65,-2.233,-0.757
1778050313.0024984,beam,45.07,771,3,0.0,19.05,-2.077,1.353
1778050313.118981,beam,44.22,771,3,0.0,18.65,-2.048,0.244
1778050313.2280118,beam,43.33,767,3,0.0,17.86,-2.26,-1.947
1778050313.3289084,beam,42.77,762,3,0.0,5.56,-1.531,7.23
1778050313.432433,beam,42.55,765,3,0.0,0.0,-0.596,9.028
1778050313.553357,beam,42.43,768,3,0.0,0.0,-0.272,2.679
1778050313.6617582,beam,42.28,770,3,0.0,0.0,-0.38,-0.988
1778050313.7700539,beam,42.03,769,3,0.0,4.37,-0.657,-2.559
1778050313.8705726,beam,41.73,768,3,0.0,0.0,-0.815,-1.577
1778050313.9717753,beam,41.55,770,3,0.0,9.52,-0.504,3.08
1778050314.0836122,beam,40.91,771,3,0.0,17.86,-1.585,-9.668
1778050314.20448,beam,39.89,770,2,0.0,19.44,-2.351,-6.341
1778050314.3164403,beam,39.03,771,2,0.0,19.44,-2.135,1.928
1778050314.4361806,beam,38.12,772,2,0.0,17.06,-2.113,0.187
1778050314.5559907,beam,37.67,772,2,0.0,0.0,-1.035,8.999
1778050314.6646543,beam,37.46,773,2,0.0,0.0,-0.531,4.633
1778050314.7839599,beam,37.23,772,2,0.0,0.0,-0.547,-0.133
1778050314.9046028,beam,36.72,772,2,0.0,7.54,-1.159,-5.074
1778050315.0131083,beam,36.22,773,2,0.0,16.27,-1.3,-1.292
1778050315.1131344,beam,35.28,772,2,0.0,21.83,-2.591,-12.91
1778050315.2160115,beam,34.38,773,2,0.0,26.19,-2.449,1.381
1778050315.3176672,beam,33.29,776,2,0.0,24.21,-2.981,-5.237
1778050315.4272883,beam,32.3,778,2,0.0,23.81,-2.497,4.418
1778050315.536198,beam,31.33,775,2,0.0,23.81,-2.465,0.293
1778050315.6458812,beam,30.02,773,2,0.0,23.81,-3.325,-7.846
1778050315.751791,beam,28.96,771,2,0.0,24.21,-2.777,5.181
1778050315.8657553,beam,27.85,768,2,0.0,24.21,-2.699,0.678
1778050315.971177,beam,26.82,766,2,0.0,24.21,-2.722,-0.21
1778050316.0840118,beam,25.71,770,2,0.0,24.21,-2.73,-0.079
1778050316.198771,beam,24.47,770,1,0.0,24.21,-3.0,-2.353
1778050316.3185666,beam,23.36,771,1,0.0,26.59,-2.577,3.533
1778050316.4325557,beam,22.07,772,1,0.0,28.97,-3.15,-5.024
1778050316.5365164,beam,21.07,773,1,0.0,24.6,-2.664,4.674
1778050316.6486115,beam,20.0,771,1,0.0,24.6,-2.655,0.078
1778050316.7649815,beam,18.81,771,1,0.0,24.6,-2.835,-1.543
1778050316.8827803,beam,17.48,772,1,0.0,25.4,-3.142,-2.609
1778050316.986662,beam,16.18,772,1,0.0,27.78,-3.468,-3.141
1778050317.1004531,beam,14.57,772,1,0.0,28.97,-3.941,-4.156
1778050317.2186134,beam,13.08,770,1,0.0,28.57,-3.494,3.789
1778050317.3340306,beam,11.88,768,1,0.0,28.57,-2.897,5.172
1778050317.4351509,beam,10.29,762,1,0.0,30.55,-4.371,-14.574
1778050317.5447638,beam,8.93,756,1,0.0,30.55,-3.452,8.382
1778050317.6651726,beam,7.69,751,1,0.0,30.16,-2.861,4.905
1778050317.7693634,beam,6.43,750,1,0.0,28.97,-3.341,-4.607
1778050317.886182,beam,5.29,748,1,0.0,29.36,-2.716,5.355
1778050318.0007093,beam,4.14,746,1,0.0,29.36,-2.794,-0.683
1778050318.1017444,beam,2.93,744,1,0.0,30.16,-3.33,-5.307
1778050318.2154076,beam,2.06,744,1,0.0,30.55,-2.114,10.695
1778050318.348385,beam,1.61,744,1,0.0,30.16,-0.941,8.822
1778050318.449092,beam,1.27,745,1,0.0,30.16,-0.944,-0.023
1778050318.549408,beam,0.85,745,1,0.0,30.16,-1.17,-2.26
1778050318.6813173,beam,0.4,743,1,0.0,30.16,-0.944,1.718
1778050318.8158371,beam,0.2,741,1,0.0,30.55,-0.417,3.914
1778050318.9481738,beam,0.11,743,1,0.0,27.78,-0.183,1.766
1778050319.0486479,beam,0.06,744,1,0.0,28.17,-0.124,0.594
1778050319.1813858,beam,0.04,744,1,0.0,28.57,-0.056,0.506
1778050319.2822366,beam,0.03,746,1,0.0,28.57,-0.029,0.267
1778050319.3843625,beam,0.02,747,1,0.0,27.78,-0.006,0.232
1778050319.515277,beam,0.03,746,1,0.0,28.17,0.007,0.099
1778050319.6474664,beam,0.02,745,1,0.0,28.17,-0.012,-0.143
1778050319.781084,beam,0.02,749,1,0.0,27.78,-0.013,-0.011
1778050319.881422,beam,0.01,750,1,0.0,27.78,-0.013,-0.003
1778050320.0150766,beam,0.01,746,1,0.0,28.57,-0.003,0.076
1778050320.147329,beam,0.01,745,1,0.0,28.17,-0.006,-0.023
1778050320.2485034,beam,0.0,746,1,0.0,28.57,-0.006,0.001
